{"type":"FeatureCollection","bbox":[0.0,0.0,-1.0,-1.0],"features":[{"type":"Feature","properties":{"Median_Tot_prsnl_inc_weekly":537,"Median_age_persons":42,"SA2_MAIN11":"102011038","SA2_NAME11":"Saratoga - Davistown"},"id":"b02_aust_sa2.102011038"},{"type":"Feature","properties":{"Median_Tot_prsnl_inc_weekly":688,"Median_age_persons":40,"SA2_MAIN11":"119031371","SA2_NAME11":"Oatley - Hurstville Grove"},"id":"b02_aust_sa2.119031371"},{"type":"Feature","properties":{"Median_Tot_prsnl_inc_weekly":741,"Median_age_persons":38,"SA2_MAIN11":"115011292","SA2_NAME11":"Castle Hill"},"id":"b02_aust_sa2.115011292"},{"type":"Feature","properties":{"Median_Tot_prsnl_inc_weekly":645,"Median_age_persons":42,"SA2_MAIN11":"115011293","SA2_NAME11":"Cherrybrook"},"id":"b02_aust_sa2.115011293"},{"type":"Feature","properties":{"Median_Tot_prsnl_inc_weekly":652,"Median_age_persons":41,"SA2_MAIN11":"115021297","SA2_NAME11":"Dural - Kenthurst - Wisemans Ferry"},"id":"b02_aust_sa2.115021297"},{"type":"Feature","properties":{"Median_Tot_prsnl_inc_weekly":651,"Median_age_persons":42,"SA2_MAIN11":"115021298","SA2_NAME11":"Galston - Laughtondale"},"id":"b02_aust_sa2.115021298"},{"type":"Feature","properties":{"Median_Tot_prsnl_inc_weekly":531,"Median_age_persons":44,"SA2_MAIN11":"115031299","SA2_NAME11":"Bilpin - Colo - St Albans"},"id":"b02_aust_sa2.115031299"},{"type":"Feature","properties":{"Median_Tot_prsnl_inc_weekly":653,"Median_age_persons":38,"SA2_MAIN11":"115031300","SA2_NAME11":"Kurrajong Heights - Ebenezer"},"id":"b02_aust_sa2.115031300"},{"type":"Feature","properties":{"Median_Tot_prsnl_inc_weekly":648,"Median_age_persons":37,"SA2_MAIN11":"115041301","SA2_NAME11":"Pitt Town - McGraths Hill"},"id":"b02_aust_sa2.115041301"},{"type":"Feature","properties":{"Median_Tot_prsnl_inc_weekly":801,"Median_age_persons":34,"SA2_MAIN11":"115041302","SA2_NAME11":"Rouse Hill - Beaumont Hills"},"id":"b02_aust_sa2.115041302"},{"type":"Feature","properties":{"Median_Tot_prsnl_inc_weekly":521,"Median_age_persons":33,"SA2_MAIN11":"116011306","SA2_NAME11":"Doonside - Woodcroft"},"id":"b02_aust_sa2.116011306"},{"type":"Feature","properties":{"Median_Tot_prsnl_inc_weekly":596,"Median_age_persons":37,"SA2_MAIN11":"116011307","SA2_NAME11":"Lalor Park - Kings Langley"},"id":"b02_aust_sa2.116011307"},{"type":"Feature","properties":{"Median_Tot_prsnl_inc_weekly":551,"Median_age_persons":37,"SA2_MAIN11":"116021312","SA2_NAME11":"Riverstone - Marsden Park"},"id":"b02_aust_sa2.116021312"},{"type":"Feature","properties":{"Median_Tot_prsnl_inc_weekly":630,"Median_age_persons":30,"SA2_MAIN11":"116031314","SA2_NAME11":"Glendenning Dean Park"},"id":"b02_aust_sa2.116031314"},{"type":"Feature","properties":{"Median_Tot_prsnl_inc_weekly":388,"Median_age_persons":30,"SA2_MAIN11":"116031316","SA2_NAME11":"Lethbridge Park - Tregear"},"id":"b02_aust_sa2.116031316"},{"type":"Feature","properties":{"Median_Tot_prsnl_inc_weekly":387,"Median_age_persons":34,"SA2_MAIN11":"116031318","SA2_NAME11":"Prospect Reservoir"},"id":"b02_aust_sa2.116031318"},{"type":"Feature","properties":{"Median_Tot_prsnl_inc_weekly":552,"Median_age_persons":34,"SA2_MAIN11":"116031319","SA2_NAME11":"Rooty Hill - Minchinbury"},"id":"b02_aust_sa2.116031319"},{"type":"Feature","properties":{"Median_Tot_prsnl_inc_weekly":578,"Median_age_persons":29,"SA2_MAIN11":"117031337","SA2_NAME11":"Sydney - Haymarket - The Rocks"},"id":"b02_aust_sa2.117031337"},{"type":"Feature","properties":{"Median_Tot_prsnl_inc_weekly":404,"Median_age_persons":35,"SA2_MAIN11":"119021363","SA2_NAME11":"Canterbury (South) - Campsie"},"id":"b02_aust_sa2.119021363"},{"type":"Feature","properties":{"Median_Tot_prsnl_inc_weekly":539,"Median_age_persons":40,"SA2_MAIN11":"119021364","SA2_NAME11":"Kingsgrove (North) - Earlwood"},"id":"b02_aust_sa2.119021364"},{"type":"Feature","properties":{"Median_Tot_prsnl_inc_weekly":1171,"Median_age_persons":38,"SA2_MAIN11":"118011343","SA2_NAME11":"Double Bay - Bellevue Hill"},"id":"b02_aust_sa2.118011343"},{"type":"Feature","properties":{"Median_Tot_prsnl_inc_weekly":895,"Median_age_persons":37,"SA2_MAIN11":"118011344","SA2_NAME11":"Dover Heights"},"id":"b02_aust_sa2.118011344"},{"type":"Feature","properties":{"Median_Tot_prsnl_inc_weekly":980,"Median_age_persons":39,"SA2_MAIN11":"118011346","SA2_NAME11":"Rose Bay - Vaucluse - Watsons Bay"},"id":"b02_aust_sa2.118011346"},{"type":"Feature","properties":{"Median_Tot_prsnl_inc_weekly":572,"Median_age_persons":37,"SA2_MAIN11":"119031374","SA2_NAME11":"South Hurstville - Blakehurst"},"id":"b02_aust_sa2.119031374"},{"type":"Feature","properties":{"Median_Tot_prsnl_inc_weekly":785,"Median_age_persons":41,"SA2_MAIN11":"122021422","SA2_NAME11":"Newport - Bilgola"},"id":"b02_aust_sa2.122021422"},{"type":"Feature","properties":{"Median_Tot_prsnl_inc_weekly":735,"Median_age_persons":40,"SA2_MAIN11":"122021423","SA2_NAME11":"Warriewood - Mona Vale"},"id":"b02_aust_sa2.122021423"},{"type":"Feature","properties":{"Median_Tot_prsnl_inc_weekly":627,"Median_age_persons":43,"SA2_MAIN11":"119041382","SA2_NAME11":"Sans Souci - Ramsgate"},"id":"b02_aust_sa2.119041382"},{"type":"Feature","properties":{"Median_Tot_prsnl_inc_weekly":629,"Median_age_persons":38,"SA2_MAIN11":"124031463","SA2_NAME11":"Mulgoa - Luddenham - Orchard Hills"},"id":"b02_aust_sa2.124031463"},{"type":"Feature","properties":{"Median_Tot_prsnl_inc_weekly":340,"Median_age_persons":41,"SA2_MAIN11":"127021521","SA2_NAME11":"Wetherill Park Industrial"},"id":"b02_aust_sa2.127021521"},{"type":"Feature","properties":{"Median_Tot_prsnl_inc_weekly":723,"Median_age_persons":37,"SA2_MAIN11":"128021538","SA2_NAME11":"Sutherland - Kirrawee"},"id":"b02_aust_sa2.128021538"},{"type":"Feature","properties":{"Median_Tot_prsnl_inc_weekly":662,"Median_age_persons":40,"SA2_MAIN11":"122031425","SA2_NAME11":"Cromer"},"id":"b02_aust_sa2.122031425"},{"type":"Feature","properties":{"Median_Tot_prsnl_inc_weekly":770,"Median_age_persons":35,"SA2_MAIN11":"122031426","SA2_NAME11":"Dee Why - North Curl Curl"},"id":"b02_aust_sa2.122031426"},{"type":"Feature","properties":{"Median_Tot_prsnl_inc_weekly":695,"Median_age_persons":41,"SA2_MAIN11":"122031427","SA2_NAME11":"Forestville - Killarney Heights"},"id":"b02_aust_sa2.122031427"},{"type":"Feature","properties":{"Median_Tot_prsnl_inc_weekly":712,"Median_age_persons":41,"SA2_MAIN11":"122031428","SA2_NAME11":"Frenchs Forest - Belrose"},"id":"b02_aust_sa2.122031428"},{"type":"Feature","properties":{"Median_Tot_prsnl_inc_weekly":887,"Median_age_persons":35,"SA2_MAIN11":"122031429","SA2_NAME11":"Freshwater - Brookvale"},"id":"b02_aust_sa2.122031429"},{"type":"Feature","properties":{"Median_Tot_prsnl_inc_weekly":722,"Median_age_persons":39,"SA2_MAIN11":"122031430","SA2_NAME11":"Manly Vale - Allambie Heights"},"id":"b02_aust_sa2.122031430"},{"type":"Feature","properties":{"Median_Tot_prsnl_inc_weekly":780,"Median_age_persons":39,"SA2_MAIN11":"122031431","SA2_NAME11":"Narrabeen - Collaroy"},"id":"b02_aust_sa2.122031431"},{"type":"Feature","properties":{"Median_Tot_prsnl_inc_weekly":498,"Median_age_persons":32,"SA2_MAIN11":"123021436","SA2_NAME11":"Bradbury - Wedderburn"},"id":"b02_aust_sa2.123021436"},{"type":"Feature","properties":{"Median_Tot_prsnl_inc_weekly":543,"Median_age_persons":34,"SA2_MAIN11":"123021437","SA2_NAME11":"Campbelltown - Woodbine"},"id":"b02_aust_sa2.123021437"},{"type":"Feature","properties":{"Median_Tot_prsnl_inc_weekly":602,"Median_age_persons":36,"SA2_MAIN11":"123021441","SA2_NAME11":"Leumeah - Minto Heights"},"id":"b02_aust_sa2.123021441"},{"type":"Feature","properties":{"Median_Tot_prsnl_inc_weekly":560,"Median_age_persons":33,"SA2_MAIN11":"123021444","SA2_NAME11":"Rosemeadow - Glen Alpine"},"id":"b02_aust_sa2.123021444"},{"type":"Feature","properties":{"Median_Tot_prsnl_inc_weekly":557,"Median_age_persons":37,"SA2_MAIN11":"123031445","SA2_NAME11":"Bargo"},"id":"b02_aust_sa2.123031445"},{"type":"Feature","properties":{"Median_Tot_prsnl_inc_weekly":650,"Median_age_persons":38,"SA2_MAIN11":"123031446","SA2_NAME11":"Douglas Park - Appin"},"id":"b02_aust_sa2.123031446"},{"type":"Feature","properties":{"Median_Tot_prsnl_inc_weekly":316,"Median_age_persons":39,"SA2_MAIN11":"124021456","SA2_NAME11":"Blue Mountains - South"},"id":"b02_aust_sa2.124021456"},{"type":"Feature","properties":{"Median_Tot_prsnl_inc_weekly":639,"Median_age_persons":34,"SA2_MAIN11":"124031457","SA2_NAME11":"Cambridge Park"},"id":"b02_aust_sa2.124031457"},{"type":"Feature","properties":{"Median_Tot_prsnl_inc_weekly":383,"Median_age_persons":43,"SA2_MAIN11":"125031486","SA2_NAME11":"Smithfield Industrial"},"id":"b02_aust_sa2.125031486"},{"type":"Feature","properties":{"Median_Tot_prsnl_inc_weekly":1041,"Median_age_persons":53,"SA2_MAIN11":"125031487","SA2_NAME11":"Yennora Industrial"},"id":"b02_aust_sa2.125031487"},{"type":"Feature","properties":{"Median_Tot_prsnl_inc_weekly":615,"Median_age_persons":32,"SA2_MAIN11":"125041489","SA2_NAME11":"North Parramatta"},"id":"b02_aust_sa2.125041489"},{"type":"Feature","properties":{"Median_Tot_prsnl_inc_weekly":649,"Median_age_persons":30,"SA2_MAIN11":"127011508","SA2_NAME11":"Hoxton Park - Horningsea Park"},"id":"b02_aust_sa2.127011508"},{"type":"Feature","properties":{"Median_Tot_prsnl_inc_weekly":340,"Median_age_persons":35,"SA2_MAIN11":"127021513","SA2_NAME11":"Canley Vale - Canley Heights"},"id":"b02_aust_sa2.127021513"},{"type":"Feature","properties":{"Median_Tot_prsnl_inc_weekly":460,"Median_age_persons":35,"SA2_MAIN11":"127021514","SA2_NAME11":"Edensor Park"},"id":"b02_aust_sa2.127021514"},{"type":"Feature","properties":{"Median_Tot_prsnl_inc_weekly":338,"Median_age_persons":34,"SA2_MAIN11":"127021515","SA2_NAME11":"Fairfield"},"id":"b02_aust_sa2.127021515"},{"type":"Feature","properties":{"Median_Tot_prsnl_inc_weekly":649,"Median_age_persons":40,"SA2_MAIN11":"102011028","SA2_NAME11":"Avoca Beach - Copacabana"},"id":"b02_aust_sa2.102011028"},{"type":"Feature","properties":{"Median_Tot_prsnl_inc_weekly":553,"Median_age_persons":46,"SA2_MAIN11":"102011029","SA2_NAME11":"Box Head - MacMasters Beach"},"id":"b02_aust_sa2.102011029"},{"type":"Feature","properties":{"Median_Tot_prsnl_inc_weekly":561,"Median_age_persons":42,"SA2_MAIN11":"102011030","SA2_NAME11":"Calga - Kulnura"},"id":"b02_aust_sa2.102011030"},{"type":"Feature","properties":{"Median_Tot_prsnl_inc_weekly":501,"Median_age_persons":47,"SA2_MAIN11":"102011031","SA2_NAME11":"Erina - Green Point"},"id":"b02_aust_sa2.102011031"},{"type":"Feature","properties":{"Median_Tot_prsnl_inc_weekly":560,"Median_age_persons":39,"SA2_MAIN11":"102011032","SA2_NAME11":"Gosford - Springfield"},"id":"b02_aust_sa2.102011032"},{"type":"Feature","properties":{"Median_Tot_prsnl_inc_weekly":605,"Median_age_persons":33,"SA2_MAIN11":"102011033","SA2_NAME11":"Kariong"},"id":"b02_aust_sa2.102011033"},{"type":"Feature","properties":{"Median_Tot_prsnl_inc_weekly":479,"Median_age_persons":45,"SA2_MAIN11":"102011034","SA2_NAME11":"Kincumber - Picketts Valley"},"id":"b02_aust_sa2.102011034"},{"type":"Feature","properties":{"Median_Tot_prsnl_inc_weekly":557,"Median_age_persons":37,"SA2_MAIN11":"102011035","SA2_NAME11":"Narara"},"id":"b02_aust_sa2.102011035"},{"type":"Feature","properties":{"Median_Tot_prsnl_inc_weekly":581,"Median_age_persons":36,"SA2_MAIN11":"102011036","SA2_NAME11":"Niagara Park - Lisarow"},"id":"b02_aust_sa2.102011036"},{"type":"Feature","properties":{"Median_Tot_prsnl_inc_weekly":530,"Median_age_persons":44,"SA2_MAIN11":"102011037","SA2_NAME11":"Point Clare - Koolewong"},"id":"b02_aust_sa2.102011037"},{"type":"Feature","properties":{"Median_Tot_prsnl_inc_weekly":645,"Median_age_persons":41,"SA2_MAIN11":"102011039","SA2_NAME11":"Terrigal - North Avoca"},"id":"b02_aust_sa2.102011039"},{"type":"Feature","properties":{"Median_Tot_prsnl_inc_weekly":467,"Median_age_persons":44,"SA2_MAIN11":"102011040","SA2_NAME11":"Umina - Booker Bay - Patonga"},"id":"b02_aust_sa2.102011040"},{"type":"Feature","properties":{"Median_Tot_prsnl_inc_weekly":653,"Median_age_persons":38,"SA2_MAIN11":"102011041","SA2_NAME11":"Wamberal - Forresters Beach"},"id":"b02_aust_sa2.102011041"},{"type":"Feature","properties":{"Median_Tot_prsnl_inc_weekly":448,"Median_age_persons":46,"SA2_MAIN11":"102011042","SA2_NAME11":"Woy Woy - Blackwall"},"id":"b02_aust_sa2.102011042"},{"type":"Feature","properties":{"Median_Tot_prsnl_inc_weekly":495,"Median_age_persons":41,"SA2_MAIN11":"102011043","SA2_NAME11":"Wyoming"},"id":"b02_aust_sa2.102011043"},{"type":"Feature","properties":{"Median_Tot_prsnl_inc_weekly":474,"Median_age_persons":41,"SA2_MAIN11":"102021044","SA2_NAME11":"Bateau Bay - Killarney Vale"},"id":"b02_aust_sa2.102021044"},{"type":"Feature","properties":{"Median_Tot_prsnl_inc_weekly":476,"Median_age_persons":32,"SA2_MAIN11":"102021045","SA2_NAME11":"Blue Haven - San Remo"},"id":"b02_aust_sa2.102021045"},{"type":"Feature","properties":{"Median_Tot_prsnl_inc_weekly":413,"Median_age_persons":44,"SA2_MAIN11":"102021046","SA2_NAME11":"Budgewoi - Buff Point - Halekulani"},"id":"b02_aust_sa2.102021046"},{"type":"Feature","properties":{"Median_Tot_prsnl_inc_weekly":529,"Median_age_persons":38,"SA2_MAIN11":"102021047","SA2_NAME11":"Chittaway Bay - Tumbi Umbi"},"id":"b02_aust_sa2.102021047"},{"type":"Feature","properties":{"Median_Tot_prsnl_inc_weekly":422,"Median_age_persons":41,"SA2_MAIN11":"102021048","SA2_NAME11":"Gorokan - Kanwal - Charmhaven"},"id":"b02_aust_sa2.102021048"},{"type":"Feature","properties":{"Median_Tot_prsnl_inc_weekly":633,"Median_age_persons":42,"SA2_MAIN11":"102021049","SA2_NAME11":"Jilliby - Yarramalong"},"id":"b02_aust_sa2.102021049"},{"type":"Feature","properties":{"Median_Tot_prsnl_inc_weekly":415,"Median_age_persons":45,"SA2_MAIN11":"102021050","SA2_NAME11":"Lake Munmorah - Mannering Park"},"id":"b02_aust_sa2.102021050"},{"type":"Feature","properties":{"Median_Tot_prsnl_inc_weekly":584,"Median_age_persons":37,"SA2_MAIN11":"102021051","SA2_NAME11":"Ourimbah - Fountaindale"},"id":"b02_aust_sa2.102021051"},{"type":"Feature","properties":{"Median_Tot_prsnl_inc_weekly":455,"Median_age_persons":43,"SA2_MAIN11":"102021052","SA2_NAME11":"Summerland Point - Gwandalan"},"id":"b02_aust_sa2.102021052"},{"type":"Feature","properties":{"Median_Tot_prsnl_inc_weekly":461,"Median_age_persons":42,"SA2_MAIN11":"102021053","SA2_NAME11":"The Entrance"},"id":"b02_aust_sa2.102021053"},{"type":"Feature","properties":{"Median_Tot_prsnl_inc_weekly":431,"Median_age_persons":47,"SA2_MAIN11":"102021054","SA2_NAME11":"Toukley - Norah Head"},"id":"b02_aust_sa2.102021054"},{"type":"Feature","properties":{"Median_Tot_prsnl_inc_weekly":549,"Median_age_persons":36,"SA2_MAIN11":"102021055","SA2_NAME11":"Tuggerah - Kangy Angy"},"id":"b02_aust_sa2.102021055"},{"type":"Feature","properties":{"Median_Tot_prsnl_inc_weekly":547,"Median_age_persons":35,"SA2_MAIN11":"102021056","SA2_NAME11":"Warnervale - Wadalba"},"id":"b02_aust_sa2.102021056"},{"type":"Feature","properties":{"Median_Tot_prsnl_inc_weekly":430,"Median_age_persons":39,"SA2_MAIN11":"102021057","SA2_NAME11":"Wyong"},"id":"b02_aust_sa2.102021057"},{"type":"Feature","properties":{"Median_Tot_prsnl_inc_weekly":774,"Median_age_persons":34,"SA2_MAIN11":"115011295","SA2_NAME11":"Kellyville"},"id":"b02_aust_sa2.115011295"},{"type":"Feature","properties":{"Median_Tot_prsnl_inc_weekly":718,"Median_age_persons":37,"SA2_MAIN11":"115011290","SA2_NAME11":"Baulkham Hills (East)"},"id":"b02_aust_sa2.115011290"},{"type":"Feature","properties":{"Median_Tot_prsnl_inc_weekly":716,"Median_age_persons":38,"SA2_MAIN11":"115011291","SA2_NAME11":"Baulkham Hills (West) - Bella Vista"},"id":"b02_aust_sa2.115011291"},{"type":"Feature","properties":{"Median_Tot_prsnl_inc_weekly":729,"Median_age_persons":42,"SA2_MAIN11":"115011294","SA2_NAME11":"Glenhaven"},"id":"b02_aust_sa2.115011294"},{"type":"Feature","properties":{"Median_Tot_prsnl_inc_weekly":756,"Median_age_persons":41,"SA2_MAIN11":"115011296","SA2_NAME11":"West Pennant Hills"},"id":"b02_aust_sa2.115011296"},{"type":"Feature","properties":{"Median_Tot_prsnl_inc_weekly":540,"Median_age_persons":32,"SA2_MAIN11":"116011303","SA2_NAME11":"Blacktown (East) - Kings Park"},"id":"b02_aust_sa2.116011303"},{"type":"Feature","properties":{"Median_Tot_prsnl_inc_weekly":522,"Median_age_persons":34,"SA2_MAIN11":"116011304","SA2_NAME11":"Blacktown (North) - Marayong"},"id":"b02_aust_sa2.116011304"},{"type":"Feature","properties":{"Median_Tot_prsnl_inc_weekly":526,"Median_age_persons":34,"SA2_MAIN11":"116011305","SA2_NAME11":"Blacktown (South)"},"id":"b02_aust_sa2.116011305"},{"type":"Feature","properties":{"Median_Tot_prsnl_inc_weekly":591,"Median_age_persons":35,"SA2_MAIN11":"116011308","SA2_NAME11":"Seven Hills - Toongabbie"},"id":"b02_aust_sa2.116011308"},{"type":"Feature","properties":{"Median_Tot_prsnl_inc_weekly":732,"Median_age_persons":32,"SA2_MAIN11":"116021309","SA2_NAME11":"Glenwood"},"id":"b02_aust_sa2.116021309"},{"type":"Feature","properties":{"Median_Tot_prsnl_inc_weekly":891,"Median_age_persons":31,"SA2_MAIN11":"116021310","SA2_NAME11":"Parklea - Kellyville Ridge"},"id":"b02_aust_sa2.116021310"},{"type":"Feature","properties":{"Median_Tot_prsnl_inc_weekly":738,"Median_age_persons":31,"SA2_MAIN11":"116021311","SA2_NAME11":"Quakers Hill - Acacia Gardens"},"id":"b02_aust_sa2.116021311"},{"type":"Feature","properties":{"Median_Tot_prsnl_inc_weekly":381,"Median_age_persons":29,"SA2_MAIN11":"116031313","SA2_NAME11":"Bidwill - Hebersham - Emerton"},"id":"b02_aust_sa2.116031313"},{"type":"Feature","properties":{"Median_Tot_prsnl_inc_weekly":619,"Median_age_persons":30,"SA2_MAIN11":"116031315","SA2_NAME11":"Hassall Grove - Plumpton"},"id":"b02_aust_sa2.116031315"},{"type":"Feature","properties":{"Median_Tot_prsnl_inc_weekly":396,"Median_age_persons":30,"SA2_MAIN11":"116031317","SA2_NAME11":"Mount Druitt - Whalan"},"id":"b02_aust_sa2.116031317"},{"type":"Feature","properties":{"Median_Tot_prsnl_inc_weekly":724,"Median_age_persons":64,"SA2_MAIN11":"117011320","SA2_NAME11":"Banksmeadow"},"id":"b02_aust_sa2.117011320"},{"type":"Feature","properties":{"Median_Tot_prsnl_inc_weekly":876,"Median_age_persons":35,"SA2_MAIN11":"117021327","SA2_NAME11":"Petersham - Stanmore"},"id":"b02_aust_sa2.117021327"},{"type":"Feature","properties":{"Median_Tot_prsnl_inc_weekly":698,"Median_age_persons":37,"SA2_MAIN11":"117011321","SA2_NAME11":"Botany"},"id":"b02_aust_sa2.117011321"},{"type":"Feature","properties":{"Median_Tot_prsnl_inc_weekly":1109,"Median_age_persons":34,"SA2_MAIN11":"117031329","SA2_NAME11":"Darlinghurst"},"id":"b02_aust_sa2.117031329"},{"type":"Feature","properties":{"Median_Tot_prsnl_inc_weekly":757,"Median_age_persons":36,"SA2_MAIN11":"117021328","SA2_NAME11":"Sydenham - Tempe - St Peters"},"id":"b02_aust_sa2.117021328"},{"type":"Feature","properties":{"Median_Tot_prsnl_inc_weekly":560,"Median_age_persons":36,"SA2_MAIN11":"117011322","SA2_NAME11":"Mascot - Eastlakes"},"id":"b02_aust_sa2.117011322"},{"type":"Feature","properties":{"Median_Tot_prsnl_inc_weekly":514,"Median_age_persons":38,"SA2_MAIN11":"117011323","SA2_NAME11":"Pagewood - Hillsdale - Daceyville"},"id":"b02_aust_sa2.117011323"},{"type":"Feature","properties":{"Median_Tot_prsnl_inc_weekly":422,"Median_age_persons":33,"SA2_MAIN11":"119031368","SA2_NAME11":"Hurstville"},"id":"b02_aust_sa2.119031368"},{"type":"Feature","properties":{"Median_Tot_prsnl_inc_weekly":646,"Median_age_persons":37,"SA2_MAIN11":"119031369","SA2_NAME11":"Mortdale - Penshurst"},"id":"b02_aust_sa2.119031369"},{"type":"Feature","properties":{"Median_Tot_prsnl_inc_weekly":700,"Median_age_persons":46,"SA2_MAIN11":"117011324","SA2_NAME11":"Port Botany Industrial"},"id":"b02_aust_sa2.117011324"},{"type":"Feature","properties":{"Median_Tot_prsnl_inc_weekly":1182,"Median_age_persons":33,"SA2_MAIN11":"117031330","SA2_NAME11":"Erskineville - Alexandria"},"id":"b02_aust_sa2.117031330"},{"type":"Feature","properties":{"Median_Tot_prsnl_inc_weekly":0,"Median_age_persons":49,"SA2_MAIN11":"117011325","SA2_NAME11":"Sydney Airport"},"id":"b02_aust_sa2.117011325"},{"type":"Feature","properties":{"Median_Tot_prsnl_inc_weekly":499,"Median_age_persons":34,"SA2_MAIN11":"124051471","SA2_NAME11":"St Marys - Colyton"},"id":"b02_aust_sa2.124051471"},{"type":"Feature","properties":{"Median_Tot_prsnl_inc_weekly":617,"Median_age_persons":37,"SA2_MAIN11":"117021326","SA2_NAME11":"Marrickville"},"id":"b02_aust_sa2.117021326"},{"type":"Feature","properties":{"Median_Tot_prsnl_inc_weekly":665,"Median_age_persons":32,"SA2_MAIN11":"124051470","SA2_NAME11":"St Clair"},"id":"b02_aust_sa2.124051470"},{"type":"Feature","properties":{"Median_Tot_prsnl_inc_weekly":859,"Median_age_persons":34,"SA2_MAIN11":"117031331","SA2_NAME11":"Glebe - Forest Lodge"},"id":"b02_aust_sa2.117031331"},{"type":"Feature","properties":{"Median_Tot_prsnl_inc_weekly":487,"Median_age_persons":39,"SA2_MAIN11":"119031370","SA2_NAME11":"Narwee - Beverly Hills"},"id":"b02_aust_sa2.119031370"},{"type":"Feature","properties":{"Median_Tot_prsnl_inc_weekly":876,"Median_age_persons":31,"SA2_MAIN11":"117031332","SA2_NAME11":"Newtown - Camperdown - Darlington"},"id":"b02_aust_sa2.117031332"},{"type":"Feature","properties":{"Median_Tot_prsnl_inc_weekly":569,"Median_age_persons":42,"SA2_MAIN11":"119031372","SA2_NAME11":"Peakhurst - Lugarno"},"id":"b02_aust_sa2.119031372"},{"type":"Feature","properties":{"Median_Tot_prsnl_inc_weekly":352,"Median_age_persons":29,"SA2_MAIN11":"125011472","SA2_NAME11":"Auburn"},"id":"b02_aust_sa2.125011472"},{"type":"Feature","properties":{"Median_Tot_prsnl_inc_weekly":931,"Median_age_persons":33,"SA2_MAIN11":"125011473","SA2_NAME11":"Homebush Bay - Silverwater"},"id":"b02_aust_sa2.125011473"},{"type":"Feature","properties":{"Median_Tot_prsnl_inc_weekly":856,"Median_age_persons":30,"SA2_MAIN11":"117031334","SA2_NAME11":"Pyrmont - Ultimo"},"id":"b02_aust_sa2.117031334"},{"type":"Feature","properties":{"Median_Tot_prsnl_inc_weekly":1105,"Median_age_persons":36,"SA2_MAIN11":"117031333","SA2_NAME11":"Potts Point - Woolloomooloo"},"id":"b02_aust_sa2.117031333"},{"type":"Feature","properties":{"Median_Tot_prsnl_inc_weekly":598,"Median_age_persons":36,"SA2_MAIN11":"125031482","SA2_NAME11":"Greystanes - Pemulwuy"},"id":"b02_aust_sa2.125031482"},{"type":"Feature","properties":{"Median_Tot_prsnl_inc_weekly":784,"Median_age_persons":33,"SA2_MAIN11":"117031335","SA2_NAME11":"Redfern - Chippendale"},"id":"b02_aust_sa2.117031335"},{"type":"Feature","properties":{"Median_Tot_prsnl_inc_weekly":986,"Median_age_persons":33,"SA2_MAIN11":"117031336","SA2_NAME11":"Surry Hills"},"id":"b02_aust_sa2.117031336"},{"type":"Feature","properties":{"Median_Tot_prsnl_inc_weekly":725,"Median_age_persons":32,"SA2_MAIN11":"117031338","SA2_NAME11":"Waterloo - Beaconsfield"},"id":"b02_aust_sa2.117031338"},{"type":"Feature","properties":{"Median_Tot_prsnl_inc_weekly":362,"Median_age_persons":30,"SA2_MAIN11":"119021365","SA2_NAME11":"Lakemba - Wiley Park"},"id":"b02_aust_sa2.119021365"},{"type":"Feature","properties":{"Median_Tot_prsnl_inc_weekly":434,"Median_age_persons":36,"SA2_MAIN11":"119021362","SA2_NAME11":"Belmore - Belfield"},"id":"b02_aust_sa2.119021362"},{"type":"Feature","properties":{"Median_Tot_prsnl_inc_weekly":384,"Median_age_persons":40,"SA2_MAIN11":"119031373","SA2_NAME11":"Riverwood"},"id":"b02_aust_sa2.119031373"},{"type":"Feature","properties":{"Median_Tot_prsnl_inc_weekly":1008,"Median_age_persons":35,"SA2_MAIN11":"118011339","SA2_NAME11":"Bondi - Tamarama - Bronte"},"id":"b02_aust_sa2.118011339"},{"type":"Feature","properties":{"Median_Tot_prsnl_inc_weekly":1271,"Median_age_persons":36,"SA2_MAIN11":"121041417","SA2_NAME11":"North Sydney - Lavender Bay"},"id":"b02_aust_sa2.121041417"},{"type":"Feature","properties":{"Median_Tot_prsnl_inc_weekly":1041,"Median_age_persons":33,"SA2_MAIN11":"118011340","SA2_NAME11":"Bondi Beach - North Bondi"},"id":"b02_aust_sa2.118011340"},{"type":"Feature","properties":{"Median_Tot_prsnl_inc_weekly":740,"Median_age_persons":45,"SA2_MAIN11":"122021421","SA2_NAME11":"Bayview - Elanora Heights"},"id":"b02_aust_sa2.122021421"},{"type":"Feature","properties":{"Median_Tot_prsnl_inc_weekly":903,"Median_age_persons":36,"SA2_MAIN11":"118011341","SA2_NAME11":"Bondi Junction - Waverly"},"id":"b02_aust_sa2.118011341"},{"type":"Feature","properties":{"Median_Tot_prsnl_inc_weekly":0,"Median_age_persons":0,"SA2_MAIN11":"118011342","SA2_NAME11":"Centennial Park"},"id":"b02_aust_sa2.118011342"},{"type":"Feature","properties":{"Median_Tot_prsnl_inc_weekly":1203,"Median_age_persons":35,"SA2_MAIN11":"118011345","SA2_NAME11":"Paddington - Moore Park"},"id":"b02_aust_sa2.118011345"},{"type":"Feature","properties":{"Median_Tot_prsnl_inc_weekly":1144,"Median_age_persons":40,"SA2_MAIN11":"118011347","SA2_NAME11":"Woollahra"},"id":"b02_aust_sa2.118011347"},{"type":"Feature","properties":{"Median_Tot_prsnl_inc_weekly":1023,"Median_age_persons":35,"SA2_MAIN11":"118021348","SA2_NAME11":"Coogee - Clovelly"},"id":"b02_aust_sa2.118021348"},{"type":"Feature","properties":{"Median_Tot_prsnl_inc_weekly":488,"Median_age_persons":28,"SA2_MAIN11":"118021349","SA2_NAME11":"Kensington - Kingsford"},"id":"b02_aust_sa2.118021349"},{"type":"Feature","properties":{"Median_Tot_prsnl_inc_weekly":569,"Median_age_persons":41,"SA2_MAIN11":"118021350","SA2_NAME11":"Malabar - La Perouse - Chifley"},"id":"b02_aust_sa2.118021350"},{"type":"Feature","properties":{"Median_Tot_prsnl_inc_weekly":773,"Median_age_persons":37,"SA2_MAIN11":"120031394","SA2_NAME11":"Dulwich Hill - Lewisham"},"id":"b02_aust_sa2.120031394"},{"type":"Feature","properties":{"Median_Tot_prsnl_inc_weekly":669,"Median_age_persons":36,"SA2_MAIN11":"118021351","SA2_NAME11":"Maroubra"},"id":"b02_aust_sa2.118021351"},{"type":"Feature","properties":{"Median_Tot_prsnl_inc_weekly":909,"Median_age_persons":35,"SA2_MAIN11":"118021352","SA2_NAME11":"Randwick"},"id":"b02_aust_sa2.118021352"},{"type":"Feature","properties":{"Median_Tot_prsnl_inc_weekly":377,"Median_age_persons":31,"SA2_MAIN11":"119011353","SA2_NAME11":"Bankstown"},"id":"b02_aust_sa2.119011353"},{"type":"Feature","properties":{"Median_Tot_prsnl_inc_weekly":405,"Median_age_persons":37,"SA2_MAIN11":"119011354","SA2_NAME11":"Bass Hill - Georges Hall"},"id":"b02_aust_sa2.119011354"},{"type":"Feature","properties":{"Median_Tot_prsnl_inc_weekly":0,"Median_age_persons":41,"SA2_MAIN11":"119011355","SA2_NAME11":"Chullora"},"id":"b02_aust_sa2.119011355"},{"type":"Feature","properties":{"Median_Tot_prsnl_inc_weekly":407,"Median_age_persons":34,"SA2_MAIN11":"119011356","SA2_NAME11":"Condell Park"},"id":"b02_aust_sa2.119011356"},{"type":"Feature","properties":{"Median_Tot_prsnl_inc_weekly":387,"Median_age_persons":36,"SA2_MAIN11":"125031479","SA2_NAME11":"Chester Hill - Sefton"},"id":"b02_aust_sa2.125031479"},{"type":"Feature","properties":{"Median_Tot_prsnl_inc_weekly":350,"Median_age_persons":34,"SA2_MAIN11":"125031480","SA2_NAME11":"Fairfield - East"},"id":"b02_aust_sa2.125031480"},{"type":"Feature","properties":{"Median_Tot_prsnl_inc_weekly":396,"Median_age_persons":31,"SA2_MAIN11":"125031481","SA2_NAME11":"Granville - Clyde"},"id":"b02_aust_sa2.125031481"},{"type":"Feature","properties":{"Median_Tot_prsnl_inc_weekly":361,"Median_age_persons":32,"SA2_MAIN11":"119011357","SA2_NAME11":"Greenacre - Mount Lewis"},"id":"b02_aust_sa2.119011357"},{"type":"Feature","properties":{"Median_Tot_prsnl_inc_weekly":466,"Median_age_persons":33,"SA2_MAIN11":"125031484","SA2_NAME11":"Guildford West - Merrylands West"},"id":"b02_aust_sa2.125031484"},{"type":"Feature","properties":{"Median_Tot_prsnl_inc_weekly":558,"Median_age_persons":40,"SA2_MAIN11":"119011358","SA2_NAME11":"Padstow"},"id":"b02_aust_sa2.119011358"},{"type":"Feature","properties":{"Median_Tot_prsnl_inc_weekly":606,"Median_age_persons":38,"SA2_MAIN11":"119011359","SA2_NAME11":"Panania - Milperra - Picnic Point"},"id":"b02_aust_sa2.119011359"},{"type":"Feature","properties":{"Median_Tot_prsnl_inc_weekly":516,"Median_age_persons":38,"SA2_MAIN11":"119011360","SA2_NAME11":"Revesby"},"id":"b02_aust_sa2.119011360"},{"type":"Feature","properties":{"Median_Tot_prsnl_inc_weekly":389,"Median_age_persons":35,"SA2_MAIN11":"119011361","SA2_NAME11":"Yagoona - Birrong"},"id":"b02_aust_sa2.119011361"},{"type":"Feature","properties":{"Median_Tot_prsnl_inc_weekly":490,"Median_age_persons":37,"SA2_MAIN11":"119021367","SA2_NAME11":"Roselands"},"id":"b02_aust_sa2.119021367"},{"type":"Feature","properties":{"Median_Tot_prsnl_inc_weekly":387,"Median_age_persons":38,"SA2_MAIN11":"127021520","SA2_NAME11":"St Johns Park - Wakeley"},"id":"b02_aust_sa2.127021520"},{"type":"Feature","properties":{"Median_Tot_prsnl_inc_weekly":358,"Median_age_persons":32,"SA2_MAIN11":"119021366","SA2_NAME11":"Punchbowl"},"id":"b02_aust_sa2.119021366"},{"type":"Feature","properties":{"Median_Tot_prsnl_inc_weekly":781,"Median_age_persons":41,"SA2_MAIN11":"121031407","SA2_NAME11":"Gordon - Killara"},"id":"b02_aust_sa2.121031407"},{"type":"Feature","properties":{"Median_Tot_prsnl_inc_weekly":882,"Median_age_persons":40,"SA2_MAIN11":"121031408","SA2_NAME11":"Lindfield - Roseville"},"id":"b02_aust_sa2.121031408"},{"type":"Feature","properties":{"Median_Tot_prsnl_inc_weekly":585,"Median_age_persons":30,"SA2_MAIN11":"120031396","SA2_NAME11":"Homebush"},"id":"b02_aust_sa2.120031396"},{"type":"Feature","properties":{"Median_Tot_prsnl_inc_weekly":555,"Median_age_persons":33,"SA2_MAIN11":"119041375","SA2_NAME11":"Arncliffe - Bardwell Valley"},"id":"b02_aust_sa2.119041375"},{"type":"Feature","properties":{"Median_Tot_prsnl_inc_weekly":852,"Median_age_persons":40,"SA2_MAIN11":"121031409","SA2_NAME11":"Pymble"},"id":"b02_aust_sa2.121031409"},{"type":"Feature","properties":{"Median_Tot_prsnl_inc_weekly":784,"Median_age_persons":43,"SA2_MAIN11":"121031410","SA2_NAME11":"St Ives"},"id":"b02_aust_sa2.121031410"},{"type":"Feature","properties":{"Median_Tot_prsnl_inc_weekly":763,"Median_age_persons":43,"SA2_MAIN11":"121031411","SA2_NAME11":"Turramurra"},"id":"b02_aust_sa2.121031411"},{"type":"Feature","properties":{"Median_Tot_prsnl_inc_weekly":832,"Median_age_persons":41,"SA2_MAIN11":"121031412","SA2_NAME11":"Wahroonga - Warrawee"},"id":"b02_aust_sa2.121031412"},{"type":"Feature","properties":{"Median_Tot_prsnl_inc_weekly":1204,"Median_age_persons":38,"SA2_MAIN11":"121041413","SA2_NAME11":"Cremorne - Cammeray"},"id":"b02_aust_sa2.121041413"},{"type":"Feature","properties":{"Median_Tot_prsnl_inc_weekly":1180,"Median_age_persons":35,"SA2_MAIN11":"121041414","SA2_NAME11":"Crows Nest - Waverton"},"id":"b02_aust_sa2.121041414"},{"type":"Feature","properties":{"Median_Tot_prsnl_inc_weekly":1117,"Median_age_persons":40,"SA2_MAIN11":"121041415","SA2_NAME11":"Mosman"},"id":"b02_aust_sa2.121041415"},{"type":"Feature","properties":{"Median_Tot_prsnl_inc_weekly":1221,"Median_age_persons":36,"SA2_MAIN11":"121041416","SA2_NAME11":"Neutral Bay - Kirribilli"},"id":"b02_aust_sa2.121041416"},{"type":"Feature","properties":{"Median_Tot_prsnl_inc_weekly":533,"Median_age_persons":36,"SA2_MAIN11":"119041376","SA2_NAME11":"Bexley"},"id":"b02_aust_sa2.119041376"},{"type":"Feature","properties":{"Median_Tot_prsnl_inc_weekly":522,"Median_age_persons":39,"SA2_MAIN11":"119041377","SA2_NAME11":"Kingsgrove (South) - Bardwell Park"},"id":"b02_aust_sa2.119041377"},{"type":"Feature","properties":{"Median_Tot_prsnl_inc_weekly":582,"Median_age_persons":34,"SA2_MAIN11":"119041378","SA2_NAME11":"Kogarah"},"id":"b02_aust_sa2.119041378"},{"type":"Feature","properties":{"Median_Tot_prsnl_inc_weekly":584,"Median_age_persons":37,"SA2_MAIN11":"119041379","SA2_NAME11":"Kogarah Bay - Carlton - Allawah"},"id":"b02_aust_sa2.119041379"},{"type":"Feature","properties":{"Median_Tot_prsnl_inc_weekly":885,"Median_age_persons":39,"SA2_MAIN11":"122011418","SA2_NAME11":"Balgowlah - Clontarf - Seaforth"},"id":"b02_aust_sa2.122011418"},{"type":"Feature","properties":{"Median_Tot_prsnl_inc_weekly":1069,"Median_age_persons":36,"SA2_MAIN11":"122011419","SA2_NAME11":"Manly - Fairlight"},"id":"b02_aust_sa2.122011419"},{"type":"Feature","properties":{"Median_Tot_prsnl_inc_weekly":771,"Median_age_persons":45,"SA2_MAIN11":"122021420","SA2_NAME11":"Avalon - Palm Beach"},"id":"b02_aust_sa2.122021420"},{"type":"Feature","properties":{"Median_Tot_prsnl_inc_weekly":592,"Median_age_persons":40,"SA2_MAIN11":"119041380","SA2_NAME11":"Monterey - Brighton-le-Sands - Kyeemagh"},"id":"b02_aust_sa2.119041380"},{"type":"Feature","properties":{"Median_Tot_prsnl_inc_weekly":532,"Median_age_persons":32,"SA2_MAIN11":"119041381","SA2_NAME11":"Rockdale - Banksia"},"id":"b02_aust_sa2.119041381"},{"type":"Feature","properties":{"Median_Tot_prsnl_inc_weekly":736,"Median_age_persons":40,"SA2_MAIN11":"120011383","SA2_NAME11":"Concord - Mortlake - Cabarita"},"id":"b02_aust_sa2.120011383"},{"type":"Feature","properties":{"Median_Tot_prsnl_inc_weekly":705,"Median_age_persons":31,"SA2_MAIN11":"120011384","SA2_NAME11":"Concord West - North Strathfield"},"id":"b02_aust_sa2.120011384"},{"type":"Feature","properties":{"Median_Tot_prsnl_inc_weekly":938,"Median_age_persons":39,"SA2_MAIN11":"120011385","SA2_NAME11":"Drummoyne - Rodd Point"},"id":"b02_aust_sa2.120011385"},{"type":"Feature","properties":{"Median_Tot_prsnl_inc_weekly":819,"Median_age_persons":39,"SA2_MAIN11":"120011386","SA2_NAME11":"Five Dock - Abbotsford"},"id":"b02_aust_sa2.120011386"},{"type":"Feature","properties":{"Median_Tot_prsnl_inc_weekly":1242,"Median_age_persons":39,"SA2_MAIN11":"120021387","SA2_NAME11":"Balmain"},"id":"b02_aust_sa2.120021387"},{"type":"Feature","properties":{"Median_Tot_prsnl_inc_weekly":991,"Median_age_persons":36,"SA2_MAIN11":"120021388","SA2_NAME11":"Leichhardt - Annandale"},"id":"b02_aust_sa2.120021388"},{"type":"Feature","properties":{"Median_Tot_prsnl_inc_weekly":1116,"Median_age_persons":37,"SA2_MAIN11":"120021389","SA2_NAME11":"Lilyfield - Rozelle"},"id":"b02_aust_sa2.120021389"},{"type":"Feature","properties":{"Median_Tot_prsnl_inc_weekly":575,"Median_age_persons":35,"SA2_MAIN11":"120031390","SA2_NAME11":"Ashfield"},"id":"b02_aust_sa2.120031390"},{"type":"Feature","properties":{"Median_Tot_prsnl_inc_weekly":488,"Median_age_persons":35,"SA2_MAIN11":"120031391","SA2_NAME11":"Burwood - Croydon"},"id":"b02_aust_sa2.120031391"},{"type":"Feature","properties":{"Median_Tot_prsnl_inc_weekly":630,"Median_age_persons":35,"SA2_MAIN11":"124031461","SA2_NAME11":"Jamisontown - South Penrith"},"id":"b02_aust_sa2.124031461"},{"type":"Feature","properties":{"Median_Tot_prsnl_inc_weekly":571,"Median_age_persons":32,"SA2_MAIN11":"124031462","SA2_NAME11":"Kingswood - Werrington"},"id":"b02_aust_sa2.124031462"},{"type":"Feature","properties":{"Median_Tot_prsnl_inc_weekly":617,"Median_age_persons":39,"SA2_MAIN11":"120031392","SA2_NAME11":"Canterbury (North) - Ashbury"},"id":"b02_aust_sa2.120031392"},{"type":"Feature","properties":{"Median_Tot_prsnl_inc_weekly":733,"Median_age_persons":37,"SA2_MAIN11":"128021535","SA2_NAME11":"Menai - Lucas Heights - Woronora"},"id":"b02_aust_sa2.128021535"},{"type":"Feature","properties":{"Median_Tot_prsnl_inc_weekly":735,"Median_age_persons":39,"SA2_MAIN11":"128021536","SA2_NAME11":"Oyster Bay - Como - Jannali"},"id":"b02_aust_sa2.128021536"},{"type":"Feature","properties":{"Median_Tot_prsnl_inc_weekly":483,"Median_age_persons":27,"SA2_MAIN11":"128021537","SA2_NAME11":"Royal National Park"},"id":"b02_aust_sa2.128021537"},{"type":"Feature","properties":{"Median_Tot_prsnl_inc_weekly":551,"Median_age_persons":38,"SA2_MAIN11":"120031393","SA2_NAME11":"Croydon Park - Enfield"},"id":"b02_aust_sa2.120031393"},{"type":"Feature","properties":{"Median_Tot_prsnl_inc_weekly":747,"Median_age_persons":39,"SA2_MAIN11":"120031395","SA2_NAME11":"Haberfield - Summer Hill"},"id":"b02_aust_sa2.120031395"},{"type":"Feature","properties":{"Median_Tot_prsnl_inc_weekly":553,"Median_age_persons":33,"SA2_MAIN11":"120031397","SA2_NAME11":"Strathfield"},"id":"b02_aust_sa2.120031397"},{"type":"Feature","properties":{"Median_Tot_prsnl_inc_weekly":731,"Median_age_persons":34,"SA2_MAIN11":"121011398","SA2_NAME11":"Chatswood (East) - Artarmon"},"id":"b02_aust_sa2.121011398"},{"type":"Feature","properties":{"Median_Tot_prsnl_inc_weekly":869,"Median_age_persons":36,"SA2_MAIN11":"121011399","SA2_NAME11":"Chatswood (West) - Lane Cove North"},"id":"b02_aust_sa2.121011399"},{"type":"Feature","properties":{"Median_Tot_prsnl_inc_weekly":978,"Median_age_persons":39,"SA2_MAIN11":"121011400","SA2_NAME11":"Lane Cove - Greenwich"},"id":"b02_aust_sa2.121011400"},{"type":"Feature","properties":{"Median_Tot_prsnl_inc_weekly":1195,"Median_age_persons":34,"SA2_MAIN11":"121011401","SA2_NAME11":"St Leonards - Naremburn"},"id":"b02_aust_sa2.121011401"},{"type":"Feature","properties":{"Median_Tot_prsnl_inc_weekly":928,"Median_age_persons":40,"SA2_MAIN11":"121011402","SA2_NAME11":"Willoughby - Castle Cove - Northbridge"},"id":"b02_aust_sa2.121011402"},{"type":"Feature","properties":{"Median_Tot_prsnl_inc_weekly":694,"Median_age_persons":38,"SA2_MAIN11":"121021403","SA2_NAME11":"Asquith - Mount Colah"},"id":"b02_aust_sa2.121021403"},{"type":"Feature","properties":{"Median_Tot_prsnl_inc_weekly":719,"Median_age_persons":39,"SA2_MAIN11":"121021404","SA2_NAME11":"Berowra - Brooklyn - Cowan"},"id":"b02_aust_sa2.121021404"},{"type":"Feature","properties":{"Median_Tot_prsnl_inc_weekly":680,"Median_age_persons":36,"SA2_MAIN11":"121021405","SA2_NAME11":"Hornsby - Waitara"},"id":"b02_aust_sa2.121021405"},{"type":"Feature","properties":{"Median_Tot_prsnl_inc_weekly":708,"Median_age_persons":39,"SA2_MAIN11":"121021406","SA2_NAME11":"Normanhurst - Thornleigh - Westleigh"},"id":"b02_aust_sa2.121021406"},{"type":"Feature","properties":{"Median_Tot_prsnl_inc_weekly":602,"Median_age_persons":40,"SA2_MAIN11":"122031424","SA2_NAME11":"Beacon Hill - Narraweena"},"id":"b02_aust_sa2.122031424"},{"type":"Feature","properties":{"Median_Tot_prsnl_inc_weekly":723,"Median_age_persons":41,"SA2_MAIN11":"122031432","SA2_NAME11":"Terrey Hills - Duffys Forest"},"id":"b02_aust_sa2.122031432"},{"type":"Feature","properties":{"Median_Tot_prsnl_inc_weekly":642,"Median_age_persons":39,"SA2_MAIN11":"123011433","SA2_NAME11":"Camden - Ellis Lane"},"id":"b02_aust_sa2.123011433"},{"type":"Feature","properties":{"Median_Tot_prsnl_inc_weekly":707,"Median_age_persons":34,"SA2_MAIN11":"123011434","SA2_NAME11":"Elderslie - Harrington Park"},"id":"b02_aust_sa2.123011434"},{"type":"Feature","properties":{"Median_Tot_prsnl_inc_weekly":768,"Median_age_persons":30,"SA2_MAIN11":"123011435","SA2_NAME11":"Mount Annan - Currans Hill"},"id":"b02_aust_sa2.123011435"},{"type":"Feature","properties":{"Median_Tot_prsnl_inc_weekly":586,"Median_age_persons":30,"SA2_MAIN11":"123021438","SA2_NAME11":"Claymore - Eagle Vale - Raby"},"id":"b02_aust_sa2.123021438"},{"type":"Feature","properties":{"Median_Tot_prsnl_inc_weekly":0,"Median_age_persons":0,"SA2_MAIN11":"123021439","SA2_NAME11":"Holsworthy Military Area"},"id":"b02_aust_sa2.123021439"},{"type":"Feature","properties":{"Median_Tot_prsnl_inc_weekly":562,"Median_age_persons":36,"SA2_MAIN11":"123021440","SA2_NAME11":"Ingleburn - Denham Court"},"id":"b02_aust_sa2.123021440"},{"type":"Feature","properties":{"Median_Tot_prsnl_inc_weekly":487,"Median_age_persons":34,"SA2_MAIN11":"123021442","SA2_NAME11":"Macquarie Fields - Glenfield"},"id":"b02_aust_sa2.123021442"},{"type":"Feature","properties":{"Median_Tot_prsnl_inc_weekly":547,"Median_age_persons":33,"SA2_MAIN11":"123021443","SA2_NAME11":"Minto - St Andrews"},"id":"b02_aust_sa2.123021443"},{"type":"Feature","properties":{"Median_Tot_prsnl_inc_weekly":577,"Median_age_persons":37,"SA2_MAIN11":"123031447","SA2_NAME11":"Picton - Tahmoor - Buxton"},"id":"b02_aust_sa2.123031447"},{"type":"Feature","properties":{"Median_Tot_prsnl_inc_weekly":633,"Median_age_persons":36,"SA2_MAIN11":"123031448","SA2_NAME11":"The Oaks - Oakdale"},"id":"b02_aust_sa2.123031448"},{"type":"Feature","properties":{"Median_Tot_prsnl_inc_weekly":517,"Median_age_persons":47,"SA2_MAIN11":"124011449","SA2_NAME11":"Blackheath - Megalong Valley"},"id":"b02_aust_sa2.124011449"},{"type":"Feature","properties":{"Median_Tot_prsnl_inc_weekly":695,"Median_age_persons":39,"SA2_MAIN11":"124011450","SA2_NAME11":"Blaxland - Warrimoo - Lapstone"},"id":"b02_aust_sa2.124011450"},{"type":"Feature","properties":{"Median_Tot_prsnl_inc_weekly":700,"Median_age_persons":51,"SA2_MAIN11":"124011451","SA2_NAME11":"Blue Mountains - North"},"id":"b02_aust_sa2.124011451"},{"type":"Feature","properties":{"Median_Tot_prsnl_inc_weekly":493,"Median_age_persons":45,"SA2_MAIN11":"124011452","SA2_NAME11":"Katoomba - Leura"},"id":"b02_aust_sa2.124011452"},{"type":"Feature","properties":{"Median_Tot_prsnl_inc_weekly":581,"Median_age_persons":40,"SA2_MAIN11":"124011453","SA2_NAME11":"Lawson - Hazelbrook - Linden"},"id":"b02_aust_sa2.124011453"},{"type":"Feature","properties":{"Median_Tot_prsnl_inc_weekly":647,"Median_age_persons":40,"SA2_MAIN11":"124011454","SA2_NAME11":"Springwood - Winmalee"},"id":"b02_aust_sa2.124011454"},{"type":"Feature","properties":{"Median_Tot_prsnl_inc_weekly":534,"Median_age_persons":48,"SA2_MAIN11":"124011455","SA2_NAME11":"Wentworth Falls"},"id":"b02_aust_sa2.124011455"},{"type":"Feature","properties":{"Median_Tot_prsnl_inc_weekly":638,"Median_age_persons":31,"SA2_MAIN11":"124031458","SA2_NAME11":"Castlereagh - Cranebrook"},"id":"b02_aust_sa2.124031458"},{"type":"Feature","properties":{"Median_Tot_prsnl_inc_weekly":676,"Median_age_persons":37,"SA2_MAIN11":"124031459","SA2_NAME11":"Emu Plains - Leonay"},"id":"b02_aust_sa2.124031459"},{"type":"Feature","properties":{"Median_Tot_prsnl_inc_weekly":780,"Median_age_persons":31,"SA2_MAIN11":"124031460","SA2_NAME11":"Glenmore Park - Regentville"},"id":"b02_aust_sa2.124031460"},{"type":"Feature","properties":{"Median_Tot_prsnl_inc_weekly":545,"Median_age_persons":37,"SA2_MAIN11":"124031464","SA2_NAME11":"Penrith"},"id":"b02_aust_sa2.124031464"},{"type":"Feature","properties":{"Median_Tot_prsnl_inc_weekly":653,"Median_age_persons":35,"SA2_MAIN11":"124031465","SA2_NAME11":"Warragamba - Silverdale"},"id":"b02_aust_sa2.124031465"},{"type":"Feature","properties":{"Median_Tot_prsnl_inc_weekly":591,"Median_age_persons":36,"SA2_MAIN11":"124041466","SA2_NAME11":"Richmond - Clarendon"},"id":"b02_aust_sa2.124041466"},{"type":"Feature","properties":{"Median_Tot_prsnl_inc_weekly":606,"Median_age_persons":32,"SA2_MAIN11":"124041467","SA2_NAME11":"Windsor - Bligh Park"},"id":"b02_aust_sa2.124041467"},{"type":"Feature","properties":{"Median_Tot_prsnl_inc_weekly":576,"Median_age_persons":34,"SA2_MAIN11":"124041468","SA2_NAME11":"Yarramundi - Londonderry"},"id":"b02_aust_sa2.124041468"},{"type":"Feature","properties":{"Median_Tot_prsnl_inc_weekly":678,"Median_age_persons":31,"SA2_MAIN11":"124051469","SA2_NAME11":"Erskine Park"},"id":"b02_aust_sa2.124051469"},{"type":"Feature","properties":{"Median_Tot_prsnl_inc_weekly":421,"Median_age_persons":33,"SA2_MAIN11":"125011474","SA2_NAME11":"Lidcombe - Regents Park"},"id":"b02_aust_sa2.125011474"},{"type":"Feature","properties":{"Median_Tot_prsnl_inc_weekly":1625,"Median_age_persons":49,"SA2_MAIN11":"125011475","SA2_NAME11":"Rookwood Cemetery"},"id":"b02_aust_sa2.125011475"},{"type":"Feature","properties":{"Median_Tot_prsnl_inc_weekly":597,"Median_age_persons":41,"SA2_MAIN11":"125021476","SA2_NAME11":"Carlingford"},"id":"b02_aust_sa2.125021476"},{"type":"Feature","properties":{"Median_Tot_prsnl_inc_weekly":530,"Median_age_persons":37,"SA2_MAIN11":"125021477","SA2_NAME11":"Ermington - Rydalmere"},"id":"b02_aust_sa2.125021477"},{"type":"Feature","properties":{"Median_Tot_prsnl_inc_weekly":564,"Median_age_persons":38,"SA2_MAIN11":"125021478","SA2_NAME11":"Oatlands - Dundas Valley"},"id":"b02_aust_sa2.125021478"},{"type":"Feature","properties":{"Median_Tot_prsnl_inc_weekly":351,"Median_age_persons":30,"SA2_MAIN11":"125031483","SA2_NAME11":"Guildford - South Granville"},"id":"b02_aust_sa2.125031483"},{"type":"Feature","properties":{"Median_Tot_prsnl_inc_weekly":456,"Median_age_persons":32,"SA2_MAIN11":"125031485","SA2_NAME11":"Merrylands - Holroyd"},"id":"b02_aust_sa2.125031485"},{"type":"Feature","properties":{"Median_Tot_prsnl_inc_weekly":535,"Median_age_persons":34,"SA2_MAIN11":"125041488","SA2_NAME11":"Girraween - Westmead"},"id":"b02_aust_sa2.125041488"},{"type":"Feature","properties":{"Median_Tot_prsnl_inc_weekly":678,"Median_age_persons":40,"SA2_MAIN11":"125041490","SA2_NAME11":"North Rocks"},"id":"b02_aust_sa2.125041490"},{"type":"Feature","properties":{"Median_Tot_prsnl_inc_weekly":709,"Median_age_persons":32,"SA2_MAIN11":"125041491","SA2_NAME11":"Northmead"},"id":"b02_aust_sa2.125041491"},{"type":"Feature","properties":{"Median_Tot_prsnl_inc_weekly":590,"Median_age_persons":30,"SA2_MAIN11":"125041492","SA2_NAME11":"Parramatta - Rosehill"},"id":"b02_aust_sa2.125041492"},{"type":"Feature","properties":{"Median_Tot_prsnl_inc_weekly":575,"Median_age_persons":38,"SA2_MAIN11":"125041493","SA2_NAME11":"Toongabbie - Constitution Hill"},"id":"b02_aust_sa2.125041493"},{"type":"Feature","properties":{"Median_Tot_prsnl_inc_weekly":696,"Median_age_persons":39,"SA2_MAIN11":"125041494","SA2_NAME11":"Winston Hills"},"id":"b02_aust_sa2.125041494"},{"type":"Feature","properties":{"Median_Tot_prsnl_inc_weekly":657,"Median_age_persons":38,"SA2_MAIN11":"126011495","SA2_NAME11":"Epping - North Epping"},"id":"b02_aust_sa2.126011495"},{"type":"Feature","properties":{"Median_Tot_prsnl_inc_weekly":748,"Median_age_persons":41,"SA2_MAIN11":"126011496","SA2_NAME11":"Pennant Hills - Cheltenham"},"id":"b02_aust_sa2.126011496"},{"type":"Feature","properties":{"Median_Tot_prsnl_inc_weekly":572,"Median_age_persons":38,"SA2_MAIN11":"126021497","SA2_NAME11":"Eastwood - Denistone"},"id":"b02_aust_sa2.126021497"},{"type":"Feature","properties":{"Median_Tot_prsnl_inc_weekly":805,"Median_age_persons":39,"SA2_MAIN11":"126021498","SA2_NAME11":"Gladesville - Huntleys Point"},"id":"b02_aust_sa2.126021498"},{"type":"Feature","properties":{"Median_Tot_prsnl_inc_weekly":802,"Median_age_persons":42,"SA2_MAIN11":"126021499","SA2_NAME11":"Hunters Hill - Woolwich"},"id":"b02_aust_sa2.126021499"},{"type":"Feature","properties":{"Median_Tot_prsnl_inc_weekly":559,"Median_age_persons":32,"SA2_MAIN11":"126021500","SA2_NAME11":"Macquarie Park - Marsfield"},"id":"b02_aust_sa2.126021500"},{"type":"Feature","properties":{"Median_Tot_prsnl_inc_weekly":604,"Median_age_persons":41,"SA2_MAIN11":"126021501","SA2_NAME11":"North Ryde - East Ryde"},"id":"b02_aust_sa2.126021501"},{"type":"Feature","properties":{"Median_Tot_prsnl_inc_weekly":647,"Median_age_persons":38,"SA2_MAIN11":"126021502","SA2_NAME11":"Ryde - Putney"},"id":"b02_aust_sa2.126021502"},{"type":"Feature","properties":{"Median_Tot_prsnl_inc_weekly":691,"Median_age_persons":34,"SA2_MAIN11":"126021503","SA2_NAME11":"West Ryde - Meadowbank"},"id":"b02_aust_sa2.126021503"},{"type":"Feature","properties":{"Median_Tot_prsnl_inc_weekly":339,"Median_age_persons":32,"SA2_MAIN11":"127011504","SA2_NAME11":"Ashcroft - Busby - Miller"},"id":"b02_aust_sa2.127011504"},{"type":"Feature","properties":{"Median_Tot_prsnl_inc_weekly":495,"Median_age_persons":36,"SA2_MAIN11":"127011505","SA2_NAME11":"Badgerys Creek - Greendale"},"id":"b02_aust_sa2.127011505"},{"type":"Feature","properties":{"Median_Tot_prsnl_inc_weekly":521,"Median_age_persons":39,"SA2_MAIN11":"127011506","SA2_NAME11":"Cobbitty - Leppington"},"id":"b02_aust_sa2.127011506"},{"type":"Feature","properties":{"Median_Tot_prsnl_inc_weekly":519,"Median_age_persons":32,"SA2_MAIN11":"127011507","SA2_NAME11":"Green Valley - Cecil Hills"},"id":"b02_aust_sa2.127011507"},{"type":"Feature","properties":{"Median_Tot_prsnl_inc_weekly":375,"Median_age_persons":34,"SA2_MAIN11":"127021509","SA2_NAME11":"Bonnyrigg Heights - Bonnyrigg"},"id":"b02_aust_sa2.127021509"},{"type":"Feature","properties":{"Median_Tot_prsnl_inc_weekly":477,"Median_age_persons":37,"SA2_MAIN11":"127021510","SA2_NAME11":"Bossley Park - Abbotsbury"},"id":"b02_aust_sa2.127021510"},{"type":"Feature","properties":{"Median_Tot_prsnl_inc_weekly":331,"Median_age_persons":36,"SA2_MAIN11":"127021511","SA2_NAME11":"Cabramatta - Lansvale"},"id":"b02_aust_sa2.127021511"},{"type":"Feature","properties":{"Median_Tot_prsnl_inc_weekly":364,"Median_age_persons":35,"SA2_MAIN11":"127021512","SA2_NAME11":"Cabramatta West - Mount Pritchard"},"id":"b02_aust_sa2.127021512"},{"type":"Feature","properties":{"Median_Tot_prsnl_inc_weekly":357,"Median_age_persons":35,"SA2_MAIN11":"127021516","SA2_NAME11":"Fairfield - West"},"id":"b02_aust_sa2.127021516"},{"type":"Feature","properties":{"Median_Tot_prsnl_inc_weekly":391,"Median_age_persons":37,"SA2_MAIN11":"127021517","SA2_NAME11":"Greenfield Park - Prairiewood"},"id":"b02_aust_sa2.127021517"},{"type":"Feature","properties":{"Median_Tot_prsnl_inc_weekly":537,"Median_age_persons":40,"SA2_MAIN11":"127021518","SA2_NAME11":"Horsley Park - Kemps Creek"},"id":"b02_aust_sa2.127021518"},{"type":"Feature","properties":{"Median_Tot_prsnl_inc_weekly":396,"Median_age_persons":37,"SA2_MAIN11":"127021519","SA2_NAME11":"Smithfield - Wetherill Park"},"id":"b02_aust_sa2.127021519"},{"type":"Feature","properties":{"Median_Tot_prsnl_inc_weekly":528,"Median_age_persons":34,"SA2_MAIN11":"127031522","SA2_NAME11":"Casula"},"id":"b02_aust_sa2.127031522"},{"type":"Feature","properties":{"Median_Tot_prsnl_inc_weekly":628,"Median_age_persons":37,"SA2_MAIN11":"127031523","SA2_NAME11":"Chipping Norton - Moorebank"},"id":"b02_aust_sa2.127031523"},{"type":"Feature","properties":{"Median_Tot_prsnl_inc_weekly":795,"Median_age_persons":31,"SA2_MAIN11":"127031524","SA2_NAME11":"Holsworthy - Wattle Grove"},"id":"b02_aust_sa2.127031524"},{"type":"Feature","properties":{"Median_Tot_prsnl_inc_weekly":379,"Median_age_persons":33,"SA2_MAIN11":"127031525","SA2_NAME11":"Liverpool - Warwick Farm"},"id":"b02_aust_sa2.127031525"},{"type":"Feature","properties":{"Median_Tot_prsnl_inc_weekly":493,"Median_age_persons":32,"SA2_MAIN11":"127031526","SA2_NAME11":"Prestons - Lurnea"},"id":"b02_aust_sa2.127031526"},{"type":"Feature","properties":{"Median_Tot_prsnl_inc_weekly":714,"Median_age_persons":39,"SA2_MAIN11":"128011527","SA2_NAME11":"Caringbah - Lilli Pilli"},"id":"b02_aust_sa2.128011527"},{"type":"Feature","properties":{"Median_Tot_prsnl_inc_weekly":808,"Median_age_persons":38,"SA2_MAIN11":"128011528","SA2_NAME11":"Cronulla - Kurnell - Bundeena"},"id":"b02_aust_sa2.128011528"},{"type":"Feature","properties":{"Median_Tot_prsnl_inc_weekly":731,"Median_age_persons":39,"SA2_MAIN11":"128011529","SA2_NAME11":"Gymea - Grays Point"},"id":"b02_aust_sa2.128011529"},{"type":"Feature","properties":{"Median_Tot_prsnl_inc_weekly":647,"Median_age_persons":39,"SA2_MAIN11":"128011530","SA2_NAME11":"Miranda - Yowie Bay"},"id":"b02_aust_sa2.128011530"},{"type":"Feature","properties":{"Median_Tot_prsnl_inc_weekly":633,"Median_age_persons":44,"SA2_MAIN11":"128011531","SA2_NAME11":"Sylvania - Taren Point"},"id":"b02_aust_sa2.128011531"},{"type":"Feature","properties":{"Median_Tot_prsnl_inc_weekly":705,"Median_age_persons":37,"SA2_MAIN11":"128021532","SA2_NAME11":"Engadine - Loftus"},"id":"b02_aust_sa2.128021532"},{"type":"Feature","properties":{"Median_Tot_prsnl_inc_weekly":616,"Median_age_persons":39,"SA2_MAIN11":"128021533","SA2_NAME11":"Heathcote - Waterfall"},"id":"b02_aust_sa2.128021533"},{"type":"Feature","properties":{"Median_Tot_prsnl_inc_weekly":721,"Median_age_persons":40,"SA2_MAIN11":"128021534","SA2_NAME11":"Illawong - Alfords Point"},"id":"b02_aust_sa2.128021534"}]}