{"type":"FeatureCollection","bbox":[0.0,0.0,-1.0,-1.0],"features":[{"type":"Feature","properties":{"psq_bach_deg_%":12.1,"p_tot":18748,"psq_pop_15_yrs_plus_%":59.1,"sa2_name_2011":"Gosford - Springfield","year":"2011","sa2_code_2011":"102011032"},"id":"sa2_nrp_people_2010_2014.fid--2ea3ac96_1631088cc08_4749"},{"type":"Feature","properties":{"psq_bach_deg_%":7.1,"p_tot":22025,"psq_pop_15_yrs_plus_%":51.7,"sa2_name_2011":"Bateau Bay - Killarney Vale","year":"2011","sa2_code_2011":"102021044"},"id":"sa2_nrp_people_2010_2014.fid--2ea3ac96_1631088cc08_474b"},{"type":"Feature","properties":{"psq_bach_deg_%":4.8,"p_tot":9216,"psq_pop_15_yrs_plus_%":48.2,"sa2_name_2011":"Budgewoi - Buff Point - Halekulani","year":"2011","sa2_code_2011":"102021046"},"id":"sa2_nrp_people_2010_2014.fid--2ea3ac96_1631088cc08_474c"},{"type":"Feature","properties":{"psq_bach_deg_%":11.6,"p_tot":3138,"psq_pop_15_yrs_plus_%":59.4,"sa2_name_2011":"Jilliby - Yarramalong","year":"2011","sa2_code_2011":"102021049"},"id":"sa2_nrp_people_2010_2014.fid--2ea3ac96_1631088cc08_474d"},{"type":"Feature","properties":{"psq_bach_deg_%":11.1,"p_tot":4959,"psq_pop_15_yrs_plus_%":58.1,"sa2_name_2011":"Ourimbah - Fountaindale","year":"2011","sa2_code_2011":"102021051"},"id":"sa2_nrp_people_2010_2014.fid--2ea3ac96_1631088cc08_474e"},{"type":"Feature","properties":{"psq_bach_deg_%":19.8,"p_tot":24500,"psq_pop_15_yrs_plus_%":62.1,"sa2_name_2011":"Kellyville","year":"2011","sa2_code_2011":"115011295"},"id":"sa2_nrp_people_2010_2014.fid--2ea3ac96_1631088cc08_4753"},{"type":"Feature","properties":{"psq_bach_deg_%":20.4,"p_tot":19488,"psq_pop_15_yrs_plus_%":62.3,"sa2_name_2011":"Baulkham Hills (West) - Bella Vista","year":"2011","sa2_code_2011":"115011291"},"id":"sa2_nrp_people_2010_2014.fid--2ea3ac96_1631088cc08_4756"},{"type":"Feature","properties":{"psq_bach_deg_%":22.0,"p_tot":28747,"psq_pop_15_yrs_plus_%":65.1,"sa2_name_2011":"Castle Hill","year":"2011","sa2_code_2011":"115011292"},"id":"sa2_nrp_people_2010_2014.fid--2ea3ac96_1631088cc08_4757"},{"type":"Feature","properties":{"psq_bach_deg_%":9.8,"p_tot":22113,"psq_pop_15_yrs_plus_%":58.4,"sa2_name_2011":"Kurrajong Heights - Ebenezer","year":"2011","sa2_code_2011":"115031300"},"id":"sa2_nrp_people_2010_2014.fid--2ea3ac96_1631088cc08_4758"},{"type":"Feature","properties":{"psq_bach_deg_%":18.2,"p_tot":18741,"psq_pop_15_yrs_plus_%":62.9,"sa2_name_2011":"Rouse Hill - Beaumont Hills","year":"2011","sa2_code_2011":"115041302"},"id":"sa2_nrp_people_2010_2014.fid--2ea3ac96_1631088cc08_4759"},{"type":"Feature","properties":{"psq_bach_deg_%":13.7,"p_tot":16284,"psq_pop_15_yrs_plus_%":57.5,"sa2_name_2011":"Blacktown (East) - Kings Park","year":"2011","sa2_code_2011":"116011303"},"id":"sa2_nrp_people_2010_2014.fid--2ea3ac96_1631088cc08_475a"},{"type":"Feature","properties":{"psq_bach_deg_%":27.6,"p_tot":19715,"psq_pop_15_yrs_plus_%":68.3,"sa2_name_2011":"St Ives","year":"2011","sa2_code_2011":"121031410"},"id":"sa2_nrp_people_2010_2014.fid--2ea3ac96_1631088cc08_475b"},{"type":"Feature","properties":{"psq_bach_deg_%":9.8,"p_tot":22492,"psq_pop_15_yrs_plus_%":46.2,"sa2_name_2011":"Mount Druitt - Whalan","year":"2011","sa2_code_2011":"116031317"},"id":"sa2_nrp_people_2010_2014.fid--2ea3ac96_1631088cc08_475c"},{"type":"Feature","properties":{"psq_bach_deg_%":27.0,"p_tot":18777,"psq_pop_15_yrs_plus_%":69.9,"sa2_name_2011":"Turramurra","year":"2011","sa2_code_2011":"121031411"},"id":"sa2_nrp_people_2010_2014.fid--2ea3ac96_1631088cc08_475d"},{"type":"Feature","properties":{"psq_bach_deg_%":12.2,"p_tot":27723,"psq_pop_15_yrs_plus_%":51.6,"sa2_name_2011":"Blacktown (South)","year":"2011","sa2_code_2011":"116011305"},"id":"sa2_nrp_people_2010_2014.fid--2ea3ac96_1631088cc08_475e"},{"type":"Feature","properties":{"psq_bach_deg_%":28.5,"p_tot":18123,"psq_pop_15_yrs_plus_%":70.0,"sa2_name_2011":"Wahroonga - Warrawee","year":"2011","sa2_code_2011":"121031412"},"id":"sa2_nrp_people_2010_2014.fid--2ea3ac96_1631088cc08_475f"},{"type":"Feature","properties":{"psq_bach_deg_%":20.8,"p_tot":15926,"psq_pop_15_yrs_plus_%":61.3,"sa2_name_2011":"Glenwood","year":"2011","sa2_code_2011":"116021309"},"id":"sa2_nrp_people_2010_2014.fid--2ea3ac96_1631088cc08_4760"},{"type":"Feature","properties":{"psq_bach_deg_%":19.6,"p_tot":10177,"psq_pop_15_yrs_plus_%":63.8,"sa2_name_2011":"Kogarah","year":"2011","sa2_code_2011":"119041378"},"id":"sa2_nrp_people_2010_2014.fid--2ea3ac96_1631088cc08_4761"},{"type":"Feature","properties":{"psq_bach_deg_%":32.6,"p_tot":19283,"psq_pop_15_yrs_plus_%":77.7,"sa2_name_2011":"Cremorne - Cammeray","year":"2011","sa2_code_2011":"121041413"},"id":"sa2_nrp_people_2010_2014.fid--2ea3ac96_1631088cc08_4762"},{"type":"Feature","properties":{"psq_bach_deg_%":32.1,"p_tot":17996,"psq_pop_15_yrs_plus_%":79.5,"sa2_name_2011":"Neutral Bay - Kirribilli","year":"2011","sa2_code_2011":"121041416"},"id":"sa2_nrp_people_2010_2014.fid--2ea3ac96_1631088cc08_4763"},{"type":"Feature","properties":{"psq_bach_deg_%":18.7,"p_tot":10807,"psq_pop_15_yrs_plus_%":66.1,"sa2_name_2011":"Bayview - Elanora Heights","year":"2011","sa2_code_2011":"122021421"},"id":"sa2_nrp_people_2010_2014.fid--2ea3ac96_1631088cc08_4764"},{"type":"Feature","properties":{"psq_bach_deg_%":15.7,"p_tot":22531,"psq_pop_15_yrs_plus_%":63.0,"sa2_name_2011":"Springwood - Winmalee","year":"2011","sa2_code_2011":"124011454"},"id":"sa2_nrp_people_2010_2014.fid--2ea3ac96_1631088cc08_4765"},{"type":"Feature","properties":{"psq_bach_deg_%":19.2,"p_tot":12517,"psq_pop_15_yrs_plus_%":61.0,"sa2_name_2011":"North Ryde - East Ryde","year":"2011","sa2_code_2011":"126021501"},"id":"sa2_nrp_people_2010_2014.fid--2ea3ac96_1631088cc08_4766"},{"type":"Feature","properties":{"psq_bach_deg_%":6.2,"p_tot":10224,"psq_pop_15_yrs_plus_%":45.8,"sa2_name_2011":"Badgerys Creek - Greendale","year":"2011","sa2_code_2011":"127011505"},"id":"sa2_nrp_people_2010_2014.fid--2ea3ac96_1631088cc08_4767"},{"type":"Feature","properties":{"psq_bach_deg_%":29.3,"p_tot":11114,"psq_pop_15_yrs_plus_%":71.4,"sa2_name_2011":"Dover Heights","year":"2011","sa2_code_2011":"118011344"},"id":"sa2_nrp_people_2010_2014.fid--2ea3ac96_1631088cc08_4768"},{"type":"Feature","properties":{"psq_bach_deg_%":28.4,"p_tot":17734,"psq_pop_15_yrs_plus_%":72.9,"sa2_name_2011":"Glebe - Forest Lodge","year":"2011","sa2_code_2011":"117031331"},"id":"sa2_nrp_people_2010_2014.fid--2ea3ac96_1631088cc08_4769"},{"type":"Feature","properties":{"psq_bach_deg_%":24.2,"p_tot":19601,"psq_pop_15_yrs_plus_%":67.0,"sa2_name_2011":"Macquarie Park - Marsfield","year":"2011","sa2_code_2011":"126021500"},"id":"sa2_nrp_people_2010_2014.fid--2ea3ac96_1631088cc08_476a"},{"type":"Feature","properties":{"psq_bach_deg_%":32.0,"p_tot":7675,"psq_pop_15_yrs_plus_%":76.4,"sa2_name_2011":"Woollahra","year":"2011","sa2_code_2011":"118011347"},"id":"sa2_nrp_people_2010_2014.fid--2ea3ac96_1631088cc08_476b"},{"type":"Feature","properties":{"psq_bach_deg_%":27.1,"p_tot":25533,"psq_pop_15_yrs_plus_%":73.0,"sa2_name_2011":"Coogee - Clovelly","year":"2011","sa2_code_2011":"118021348"},"id":"sa2_nrp_people_2010_2014.fid--2ea3ac96_1631088cc08_476c"},{"type":"Feature","properties":{"psq_bach_deg_%":9.0,"p_tot":11157,"psq_pop_15_yrs_plus_%":38.6,"sa2_name_2011":"St Johns Park - Wakeley","year":"2011","sa2_code_2011":"127021520"},"id":"sa2_nrp_people_2010_2014.fid--2ea3ac96_1631088cc08_476d"},{"type":"Feature","properties":{"psq_bach_deg_%":null,"p_tot":27,"psq_pop_15_yrs_plus_%":42.9,"sa2_name_2011":"Wetherill Park Industrial","year":"2011","sa2_code_2011":"127021521"},"id":"sa2_nrp_people_2010_2014.fid--2ea3ac96_1631088cc08_476e"},{"type":"Feature","properties":{"psq_bach_deg_%":18.1,"p_tot":11828,"psq_pop_15_yrs_plus_%":65.5,"sa2_name_2011":"Berowra - Brooklyn - Cowan","year":"2011","sa2_code_2011":"121021404"},"id":"sa2_nrp_people_2010_2014.fid--2ea3ac96_1631088cc08_476f"},{"type":"Feature","properties":{"psq_bach_deg_%":19.5,"p_tot":25406,"psq_pop_15_yrs_plus_%":64.5,"sa2_name_2011":"Frenchs Forest - Belrose","year":"2011","sa2_code_2011":"122031428"},"id":"sa2_nrp_people_2010_2014.fid--2ea3ac96_1631088cc08_4770"},{"type":"Feature","properties":{"psq_bach_deg_%":11.7,"p_tot":12531,"psq_pop_15_yrs_plus_%":57.0,"sa2_name_2011":"Camden - Ellis Lane","year":"2011","sa2_code_2011":"123011433"},"id":"sa2_nrp_people_2010_2014.fid--2ea3ac96_1631088cc08_4771"},{"type":"Feature","properties":{"psq_bach_deg_%":27.7,"p_tot":29631,"psq_pop_15_yrs_plus_%":72.5,"sa2_name_2011":"Randwick","year":"2011","sa2_code_2011":"118021352"},"id":"sa2_nrp_people_2010_2014.fid--2ea3ac96_1631088cc08_4772"},{"type":"Feature","properties":{"psq_bach_deg_%":15.7,"p_tot":13374,"psq_pop_15_yrs_plus_%":55.1,"sa2_name_2011":"Narwee - Beverly Hills","year":"2011","sa2_code_2011":"119031370"},"id":"sa2_nrp_people_2010_2014.fid--2ea3ac96_1631088cc08_4773"},{"type":"Feature","properties":{"psq_bach_deg_%":20.4,"p_tot":12594,"psq_pop_15_yrs_plus_%":63.5,"sa2_name_2011":"Oatley - Hurstville Grove","year":"2011","sa2_code_2011":"119031371"},"id":"sa2_nrp_people_2010_2014.fid--2ea3ac96_1631088cc08_4774"},{"type":"Feature","properties":{"psq_bach_deg_%":23.5,"p_tot":27,"psq_pop_15_yrs_plus_%":70.6,"sa2_name_2011":"Blue Mountains - North","year":"2011","sa2_code_2011":"124011451"},"id":"sa2_nrp_people_2010_2014.fid--2ea3ac96_1631088cc08_4775"},{"type":"Feature","properties":{"psq_bach_deg_%":11.9,"p_tot":35034,"psq_pop_15_yrs_plus_%":47.8,"sa2_name_2011":"Auburn","year":"2011","sa2_code_2011":"125011472"},"id":"sa2_nrp_people_2010_2014.fid--2ea3ac96_1631088cc08_4776"},{"type":"Feature","properties":{"psq_bach_deg_%":23.5,"p_tot":11865,"psq_pop_15_yrs_plus_%":75.1,"sa2_name_2011":"Homebush Bay - Silverwater","year":"2011","sa2_code_2011":"125011473"},"id":"sa2_nrp_people_2010_2014.fid--2ea3ac96_1631088cc08_4777"},{"type":"Feature","properties":{"psq_bach_deg_%":9.3,"p_tot":19787,"psq_pop_15_yrs_plus_%":45.8,"sa2_name_2011":"Yagoona - Birrong","year":"2011","sa2_code_2011":"119011361"},"id":"sa2_nrp_people_2010_2014.fid--2ea3ac96_1631088cc08_4778"},{"type":"Feature","properties":{"psq_bach_deg_%":11.9,"p_tot":9907,"psq_pop_15_yrs_plus_%":51.0,"sa2_name_2011":"Riverwood","year":"2011","sa2_code_2011":"119031373"},"id":"sa2_nrp_people_2010_2014.fid--2ea3ac96_1631088cc08_4779"},{"type":"Feature","properties":{"psq_bach_deg_%":5.9,"p_tot":19795,"psq_pop_15_yrs_plus_%":46.5,"sa2_name_2011":"Bradbury - Wedderburn","year":"2011","sa2_code_2011":"123021436"},"id":"sa2_nrp_people_2010_2014.fid--2ea3ac96_1631088cc08_477a"},{"type":"Feature","properties":{"psq_bach_deg_%":5.7,"p_tot":26480,"psq_pop_15_yrs_plus_%":45.1,"sa2_name_2011":"St Marys - Colyton","year":"2011","sa2_code_2011":"124051471"},"id":"sa2_nrp_people_2010_2014.fid--2ea3ac96_1631088cc08_477b"},{"type":"Feature","properties":{"psq_bach_deg_%":18.1,"p_tot":21329,"psq_pop_15_yrs_plus_%":55.5,"sa2_name_2011":"Hurstville","year":"2011","sa2_code_2011":"119031368"},"id":"sa2_nrp_people_2010_2014.fid--2ea3ac96_1631088cc08_477c"},{"type":"Feature","properties":{"psq_bach_deg_%":21.2,"p_tot":20234,"psq_pop_15_yrs_plus_%":64.1,"sa2_name_2011":"Five Dock - Abbotsford","year":"2011","sa2_code_2011":"120011386"},"id":"sa2_nrp_people_2010_2014.fid--2ea3ac96_1631088cc08_477d"},{"type":"Feature","properties":{"psq_bach_deg_%":6.4,"p_tot":5564,"psq_pop_15_yrs_plus_%":53.3,"sa2_name_2011":"Bargo","year":"2011","sa2_code_2011":"123031445"},"id":"sa2_nrp_people_2010_2014.fid--2ea3ac96_1631088cc08_477e"},{"type":"Feature","properties":{"psq_bach_deg_%":20.7,"p_tot":22226,"psq_pop_15_yrs_plus_%":61.6,"sa2_name_2011":"Burwood - Croydon","year":"2011","sa2_code_2011":"120031391"},"id":"sa2_nrp_people_2010_2014.fid--2ea3ac96_1631088cc08_477f"},{"type":"Feature","properties":{"psq_bach_deg_%":15.7,"p_tot":5638,"psq_pop_15_yrs_plus_%":67.3,"sa2_name_2011":"Blackheath - Megalong Valley","year":"2011","sa2_code_2011":"124011449"},"id":"sa2_nrp_people_2010_2014.fid--2ea3ac96_1631088cc08_4780"},{"type":"Feature","properties":{"psq_bach_deg_%":10.2,"p_tot":21691,"psq_pop_15_yrs_plus_%":51.8,"sa2_name_2011":"Macquarie Fields - Glenfield","year":"2011","sa2_code_2011":"123021442"},"id":"sa2_nrp_people_2010_2014.fid--2ea3ac96_1631088cc08_4781"},{"type":"Feature","properties":{"psq_bach_deg_%":4.4,"p_tot":7090,"psq_pop_15_yrs_plus_%":54.3,"sa2_name_2011":"Yarramundi - Londonderry","year":"2011","sa2_code_2011":"124041468"},"id":"sa2_nrp_people_2010_2014.fid--2ea3ac96_1631088cc08_4782"},{"type":"Feature","properties":{"psq_bach_deg_%":19.5,"p_tot":21234,"psq_pop_15_yrs_plus_%":64.5,"sa2_name_2011":"North Parramatta","year":"2011","sa2_code_2011":"125041489"},"id":"sa2_nrp_people_2010_2014.fid--2ea3ac96_1631088cc08_4783"},{"type":"Feature","properties":{"psq_bach_deg_%":26.2,"p_tot":20261,"psq_pop_15_yrs_plus_%":68.9,"sa2_name_2011":"Pennant Hills - Cheltenham","year":"2011","sa2_code_2011":"126011496"},"id":"sa2_nrp_people_2010_2014.fid--2ea3ac96_1631088cc08_4784"},{"type":"Feature","properties":{"psq_bach_deg_%":9.8,"p_tot":19177,"psq_pop_15_yrs_plus_%":45.6,"sa2_name_2011":"Bossley Park - Abbotsbury","year":"2011","sa2_code_2011":"127021510"},"id":"sa2_nrp_people_2010_2014.fid--2ea3ac96_1631088cc08_4785"},{"type":"Feature","properties":{"psq_bach_deg_%":15.5,"p_tot":31596,"psq_pop_15_yrs_plus_%":50.8,"sa2_name_2011":"Lidcombe - Regents Park","year":"2011","sa2_code_2011":"125011474"},"id":"sa2_nrp_people_2010_2014.fid--2ea3ac96_1631088cc08_4786"},{"type":"Feature","properties":{"psq_bach_deg_%":9.7,"p_tot":30158,"psq_pop_15_yrs_plus_%":45.9,"sa2_name_2011":"Green Valley - Cecil Hills","year":"2011","sa2_code_2011":"127011507"},"id":"sa2_nrp_people_2010_2014.fid--2ea3ac96_1631088cc08_4787"},{"type":"Feature","properties":{"psq_bach_deg_%":18.6,"p_tot":16494,"psq_pop_15_yrs_plus_%":61.0,"sa2_name_2011":"Oatlands - Dundas Valley","year":"2011","sa2_code_2011":"125021478"},"id":"sa2_nrp_people_2010_2014.fid--2ea3ac96_1631088cc08_4788"},{"type":"Feature","properties":{"psq_bach_deg_%":9.9,"p_tot":9964,"psq_pop_15_yrs_plus_%":42.4,"sa2_name_2011":"Edensor Park","year":"2011","sa2_code_2011":"127021514"},"id":"sa2_nrp_people_2010_2014.fid--2ea3ac96_1631088cc08_4789"},{"type":"Feature","properties":{"psq_bach_deg_%":7.2,"p_tot":4560,"psq_pop_15_yrs_plus_%":48.5,"sa2_name_2011":"Horsley Park - Kemps Creek","year":"2011","sa2_code_2011":"127021518"},"id":"sa2_nrp_people_2010_2014.fid--2ea3ac96_1631088cc08_478a"},{"type":"Feature","properties":{"psq_bach_deg_%":7.1,"p_tot":17698,"psq_pop_15_yrs_plus_%":43.3,"sa2_name_2011":"Smithfield - Wetherill Park","year":"2011","sa2_code_2011":"127021519"},"id":"sa2_nrp_people_2010_2014.fid--2ea3ac96_1631088cc08_478b"},{"type":"Feature","properties":{"psq_bach_deg_%":9.2,"p_tot":30396,"psq_pop_15_yrs_plus_%":52.0,"sa2_name_2011":"Liverpool - Warwick Farm","year":"2011","sa2_code_2011":"127031525"},"id":"sa2_nrp_people_2010_2014.fid--2ea3ac96_1631088cc08_478c"},{"type":"Feature","properties":{"psq_bach_deg_%":14.3,"p_tot":26815,"psq_pop_15_yrs_plus_%":61.1,"sa2_name_2011":"Caringbah - Lilli Pilli","year":"2011","sa2_code_2011":"128011527"},"id":"sa2_nrp_people_2010_2014.fid--2ea3ac96_1631088cc08_478d"},{"type":"Feature","properties":{"psq_bach_deg_%":14.7,"p_tot":17475,"psq_pop_15_yrs_plus_%":63.8,"sa2_name_2011":"Gymea - Grays Point","year":"2011","sa2_code_2011":"128011529"},"id":"sa2_nrp_people_2010_2014.fid--2ea3ac96_1631088cc08_478e"},{"type":"Feature","properties":{"psq_bach_deg_%":13.8,"p_tot":18429,"psq_pop_15_yrs_plus_%":60.3,"sa2_name_2011":"Miranda - Yowie Bay","year":"2011","sa2_code_2011":"128011530"},"id":"sa2_nrp_people_2010_2014.fid--2ea3ac96_1631088cc08_478f"},{"type":"Feature","properties":{"psq_bach_deg_%":7.5,"p_tot":15850,"psq_pop_15_yrs_plus_%":52.7,"sa2_name_2011":"Chittaway Bay - Tumbi Umbi","year":"2011","sa2_code_2011":"102021047"},"id":"sa2_nrp_people_2010_2014.fid--2ea3ac96_1631088cc08_4790"},{"type":"Feature","properties":{"psq_bach_deg_%":4.7,"p_tot":21295,"psq_pop_15_yrs_plus_%":48.1,"sa2_name_2011":"Gorokan - Kanwal - Charmhaven","year":"2011","sa2_code_2011":"102021048"},"id":"sa2_nrp_people_2010_2014.fid--2ea3ac96_1631088cc08_4791"},{"type":"Feature","properties":{"psq_bach_deg_%":6.9,"p_tot":12786,"psq_pop_15_yrs_plus_%":53.5,"sa2_name_2011":"Warnervale - Wadalba","year":"2011","sa2_code_2011":"102021056"},"id":"sa2_nrp_people_2010_2014.fid--2ea3ac96_1631088cc08_4792"},{"type":"Feature","properties":{"psq_bach_deg_%":5.6,"p_tot":8416,"psq_pop_15_yrs_plus_%":47.9,"sa2_name_2011":"Wyong","year":"2011","sa2_code_2011":"102021057"},"id":"sa2_nrp_people_2010_2014.fid--2ea3ac96_1631088cc08_4793"},{"type":"Feature","properties":{"psq_bach_deg_%":19.3,"p_tot":6063,"psq_pop_15_yrs_plus_%":61.9,"sa2_name_2011":"Glenhaven","year":"2011","sa2_code_2011":"115011294"},"id":"sa2_nrp_people_2010_2014.fid--2ea3ac96_1631088cc08_4797"},{"type":"Feature","properties":{"psq_bach_deg_%":14.7,"p_tot":9511,"psq_pop_15_yrs_plus_%":63.0,"sa2_name_2011":"Wamberal - Forresters Beach","year":"2011","sa2_code_2011":"102011041"},"id":"sa2_nrp_people_2010_2014.fid--2ea3ac96_1631088cc08_4799"},{"type":"Feature","properties":{"psq_bach_deg_%":6.8,"p_tot":13669,"psq_pop_15_yrs_plus_%":52.1,"sa2_name_2011":"Woy Woy - Blackwall","year":"2011","sa2_code_2011":"102011042"},"id":"sa2_nrp_people_2010_2014.fid--2ea3ac96_1631088cc08_479a"},{"type":"Feature","properties":{"psq_bach_deg_%":15.7,"p_tot":13224,"psq_pop_15_yrs_plus_%":63.0,"sa2_name_2011":"Terrigal - North Avoca","year":"2011","sa2_code_2011":"102011039"},"id":"sa2_nrp_people_2010_2014.fid--2ea3ac96_1631088cc08_479b"},{"type":"Feature","properties":{"psq_bach_deg_%":20.1,"p_tot":22188,"psq_pop_15_yrs_plus_%":65.2,"sa2_name_2011":"Baulkham Hills (East)","year":"2011","sa2_code_2011":"115011290"},"id":"sa2_nrp_people_2010_2014.fid--2ea3ac96_1631088cc08_479d"},{"type":"Feature","properties":{"psq_bach_deg_%":15.3,"p_tot":21062,"psq_pop_15_yrs_plus_%":60.3,"sa2_name_2011":"Dural - Kenthurst - Wisemans Ferry","year":"2011","sa2_code_2011":"115021297"},"id":"sa2_nrp_people_2010_2014.fid--2ea3ac96_1631088cc08_479e"},{"type":"Feature","properties":{"psq_bach_deg_%":15.7,"p_tot":5303,"psq_pop_15_yrs_plus_%":62.6,"sa2_name_2011":"Galston - Laughtondale","year":"2011","sa2_code_2011":"115021298"},"id":"sa2_nrp_people_2010_2014.fid--2ea3ac96_1631088cc08_479f"},{"type":"Feature","properties":{"psq_bach_deg_%":12.2,"p_tot":24881,"psq_pop_15_yrs_plus_%":55.4,"sa2_name_2011":"Lalor Park - Kings Langley","year":"2011","sa2_code_2011":"116011307"},"id":"sa2_nrp_people_2010_2014.fid--2ea3ac96_1631088cc08_47a0"},{"type":"Feature","properties":{"psq_bach_deg_%":13.0,"p_tot":8424,"psq_pop_15_yrs_plus_%":51.8,"sa2_name_2011":"Glendenning Dean Park","year":"2011","sa2_code_2011":"116031314"},"id":"sa2_nrp_people_2010_2014.fid--2ea3ac96_1631088cc08_47a1"},{"type":"Feature","properties":{"psq_bach_deg_%":21.6,"p_tot":23031,"psq_pop_15_yrs_plus_%":67.3,"sa2_name_2011":"Parklea - Kellyville Ridge","year":"2011","sa2_code_2011":"116021310"},"id":"sa2_nrp_people_2010_2014.fid--2ea3ac96_1631088cc08_47a2"},{"type":"Feature","properties":{"psq_bach_deg_%":12.9,"p_tot":20258,"psq_pop_15_yrs_plus_%":50.3,"sa2_name_2011":"Hassall Grove - Plumpton","year":"2011","sa2_code_2011":"116031315"},"id":"sa2_nrp_people_2010_2014.fid--2ea3ac96_1631088cc08_47a3"},{"type":"Feature","properties":{"psq_bach_deg_%":19.8,"p_tot":13698,"psq_pop_15_yrs_plus_%":68.7,"sa2_name_2011":"Newport - Bilgola","year":"2011","sa2_code_2011":"122021422"},"id":"sa2_nrp_people_2010_2014.fid--2ea3ac96_1631088cc08_47a4"},{"type":"Feature","properties":{"psq_bach_deg_%":14.1,"p_tot":15889,"psq_pop_15_yrs_plus_%":58.5,"sa2_name_2011":"Sylvania - Taren Point","year":"2011","sa2_code_2011":"128011531"},"id":"sa2_nrp_people_2010_2014.fid--2ea3ac96_1631088cc08_47a5"},{"type":"Feature","properties":{"psq_bach_deg_%":17.2,"p_tot":26738,"psq_pop_15_yrs_plus_%":59.9,"sa2_name_2011":"Quakers Hill - Acacia Gardens","year":"2011","sa2_code_2011":"116021311"},"id":"sa2_nrp_people_2010_2014.fid--2ea3ac96_1631088cc08_47a6"},{"type":"Feature","properties":{"psq_bach_deg_%":17.4,"p_tot":21484,"psq_pop_15_yrs_plus_%":65.2,"sa2_name_2011":"Oyster Bay - Como - Jannali","year":"2011","sa2_code_2011":"128021536"},"id":"sa2_nrp_people_2010_2014.fid--2ea3ac96_1631088cc08_47a7"},{"type":"Feature","properties":{"psq_bach_deg_%":null,"p_tot":null,"psq_pop_15_yrs_plus_%":null,"sa2_name_2011":"Port Botany Industrial","year":"2011","sa2_code_2011":"117011324"},"id":"sa2_nrp_people_2010_2014.fid--2ea3ac96_1631088cc08_47a8"},{"type":"Feature","properties":{"psq_bach_deg_%":null,"p_tot":14,"psq_pop_15_yrs_plus_%":28.6,"sa2_name_2011":"Banksmeadow","year":"2011","sa2_code_2011":"117011320"},"id":"sa2_nrp_people_2010_2014.fid--2ea3ac96_1631088cc08_47a9"},{"type":"Feature","properties":{"psq_bach_deg_%":23.8,"p_tot":18728,"psq_pop_15_yrs_plus_%":68.2,"sa2_name_2011":"Normanhurst - Thornleigh - Westleigh","year":"2011","sa2_code_2011":"121021406"},"id":"sa2_nrp_people_2010_2014.fid--2ea3ac96_1631088cc08_47aa"},{"type":"Feature","properties":{"psq_bach_deg_%":30.6,"p_tot":16460,"psq_pop_15_yrs_plus_%":70.1,"sa2_name_2011":"Pymble","year":"2011","sa2_code_2011":"121031409"},"id":"sa2_nrp_people_2010_2014.fid--2ea3ac96_1631088cc08_47ab"},{"type":"Feature","properties":{"psq_bach_deg_%":33.2,"p_tot":17754,"psq_pop_15_yrs_plus_%":79.0,"sa2_name_2011":"Crows Nest - Waverton","year":"2011","sa2_code_2011":"121041414"},"id":"sa2_nrp_people_2010_2014.fid--2ea3ac96_1631088cc08_47ac"},{"type":"Feature","properties":{"psq_bach_deg_%":15.1,"p_tot":21003,"psq_pop_15_yrs_plus_%":55.6,"sa2_name_2011":"Mascot - Eastlakes","year":"2011","sa2_code_2011":"117011322"},"id":"sa2_nrp_people_2010_2014.fid--2ea3ac96_1631088cc08_47ad"},{"type":"Feature","properties":{"psq_bach_deg_%":27.1,"p_tot":20309,"psq_pop_15_yrs_plus_%":69.4,"sa2_name_2011":"Balgowlah - Clontarf - Seaforth","year":"2011","sa2_code_2011":"122011418"},"id":"sa2_nrp_people_2010_2014.fid--2ea3ac96_1631088cc08_47ae"},{"type":"Feature","properties":{"psq_bach_deg_%":24.7,"p_tot":30817,"psq_pop_15_yrs_plus_%":69.1,"sa2_name_2011":"Hornsby - Waitara","year":"2011","sa2_code_2011":"121021405"},"id":"sa2_nrp_people_2010_2014.fid--2ea3ac96_1631088cc08_47af"},{"type":"Feature","properties":{"psq_bach_deg_%":19.0,"p_tot":7677,"psq_pop_15_yrs_plus_%":61.8,"sa2_name_2011":"Sydenham - Tempe - St Peters","year":"2011","sa2_code_2011":"117021328"},"id":"sa2_nrp_people_2010_2014.fid--2ea3ac96_1631088cc08_47b0"},{"type":"Feature","properties":{"psq_bach_deg_%":7.9,"p_tot":16518,"psq_pop_15_yrs_plus_%":51.3,"sa2_name_2011":"Leumeah - Minto Heights","year":"2011","sa2_code_2011":"123021441"},"id":"sa2_nrp_people_2010_2014.fid--2ea3ac96_1631088cc08_47b1"},{"type":"Feature","properties":{"psq_bach_deg_%":9.7,"p_tot":14337,"psq_pop_15_yrs_plus_%":55.6,"sa2_name_2011":"Emu Plains - Leonay","year":"2011","sa2_code_2011":"124031459"},"id":"sa2_nrp_people_2010_2014.fid--2ea3ac96_1631088cc08_47b2"},{"type":"Feature","properties":{"psq_bach_deg_%":31.4,"p_tot":14890,"psq_pop_15_yrs_plus_%":75.3,"sa2_name_2011":"Erskineville - Alexandria","year":"2011","sa2_code_2011":"117031330"},"id":"sa2_nrp_people_2010_2014.fid--2ea3ac96_1631088cc08_47b3"},{"type":"Feature","properties":{"psq_bach_deg_%":6.7,"p_tot":6641,"psq_pop_15_yrs_plus_%":50.6,"sa2_name_2011":"Cobbitty - Leppington","year":"2011","sa2_code_2011":"127011506"},"id":"sa2_nrp_people_2010_2014.fid--2ea3ac96_1631088cc08_47b4"},{"type":"Feature","properties":{"psq_bach_deg_%":14.9,"p_tot":20159,"psq_pop_15_yrs_plus_%":64.1,"sa2_name_2011":"Sutherland - Kirrawee","year":"2011","sa2_code_2011":"128021538"},"id":"sa2_nrp_people_2010_2014.fid--2ea3ac96_1631088cc08_47b5"},{"type":"Feature","properties":{"psq_bach_deg_%":9.4,"p_tot":19822,"psq_pop_15_yrs_plus_%":49.1,"sa2_name_2011":"Guildford West - Merrylands West","year":"2011","sa2_code_2011":"125031484"},"id":"sa2_nrp_people_2010_2014.fid--2ea3ac96_1631088cc08_47b6"},{"type":"Feature","properties":{"psq_bach_deg_%":29.8,"p_tot":16795,"psq_pop_15_yrs_plus_%":76.3,"sa2_name_2011":"Surry Hills","year":"2011","sa2_code_2011":"117031336"},"id":"sa2_nrp_people_2010_2014.fid--2ea3ac96_1631088cc08_47b7"},{"type":"Feature","properties":{"psq_bach_deg_%":21.2,"p_tot":22565,"psq_pop_15_yrs_plus_%":67.5,"sa2_name_2011":"Waterloo - Beaconsfield","year":"2011","sa2_code_2011":"117031338"},"id":"sa2_nrp_people_2010_2014.fid--2ea3ac96_1631088cc08_47b8"},{"type":"Feature","properties":{"psq_bach_deg_%":12.0,"p_tot":16281,"psq_pop_15_yrs_plus_%":54.2,"sa2_name_2011":"Padstow","year":"2011","sa2_code_2011":"119011358"},"id":"sa2_nrp_people_2010_2014.fid--2ea3ac96_1631088cc08_47b9"},{"type":"Feature","properties":{"psq_bach_deg_%":7.5,"p_tot":14907,"psq_pop_15_yrs_plus_%":39.5,"sa2_name_2011":"Fairfield - East","year":"2011","sa2_code_2011":"125031480"},"id":"sa2_nrp_people_2010_2014.fid--2ea3ac96_1631088cc08_47ba"},{"type":"Feature","properties":{"psq_bach_deg_%":26.9,"p_tot":16966,"psq_pop_15_yrs_plus_%":73.6,"sa2_name_2011":"Bondi Junction - Waverly","year":"2011","sa2_code_2011":"118011341"},"id":"sa2_nrp_people_2010_2014.fid--2ea3ac96_1631088cc08_47bb"},{"type":"Feature","properties":{"psq_bach_deg_%":12.0,"p_tot":24509,"psq_pop_15_yrs_plus_%":52.3,"sa2_name_2011":"Greystanes - Pemulwuy","year":"2011","sa2_code_2011":"125031482"},"id":"sa2_nrp_people_2010_2014.fid--2ea3ac96_1631088cc08_47bc"},{"type":"Feature","properties":{"psq_bach_deg_%":8.2,"p_tot":21047,"psq_pop_15_yrs_plus_%":45.8,"sa2_name_2011":"Bass Hill - Georges Hall","year":"2011","sa2_code_2011":"119011354"},"id":"sa2_nrp_people_2010_2014.fid--2ea3ac96_1631088cc08_47bd"},{"type":"Feature","properties":{"psq_bach_deg_%":9.7,"p_tot":10705,"psq_pop_15_yrs_plus_%":46.7,"sa2_name_2011":"Condell Park","year":"2011","sa2_code_2011":"119011356"},"id":"sa2_nrp_people_2010_2014.fid--2ea3ac96_1631088cc08_47be"},{"type":"Feature","properties":{"psq_bach_deg_%":15.3,"p_tot":12722,"psq_pop_15_yrs_plus_%":54.4,"sa2_name_2011":"Kingsgrove (South) - Bardwell Park","year":"2011","sa2_code_2011":"119041377"},"id":"sa2_nrp_people_2010_2014.fid--2ea3ac96_1631088cc08_47bf"},{"type":"Feature","properties":{"psq_bach_deg_%":14.3,"p_tot":18218,"psq_pop_15_yrs_plus_%":56.9,"sa2_name_2011":"Peakhurst - Lugarno","year":"2011","sa2_code_2011":"119031372"},"id":"sa2_nrp_people_2010_2014.fid--2ea3ac96_1631088cc08_47c0"},{"type":"Feature","properties":{"psq_bach_deg_%":17.9,"p_tot":15637,"psq_pop_15_yrs_plus_%":59.9,"sa2_name_2011":"Kogarah Bay - Carlton - Allawah","year":"2011","sa2_code_2011":"119041379"},"id":"sa2_nrp_people_2010_2014.fid--2ea3ac96_1631088cc08_47c1"},{"type":"Feature","properties":{"psq_bach_deg_%":9.8,"p_tot":7331,"psq_pop_15_yrs_plus_%":55.7,"sa2_name_2011":"Douglas Park - Appin","year":"2011","sa2_code_2011":"123031446"},"id":"sa2_nrp_people_2010_2014.fid--2ea3ac96_1631088cc08_47c2"},{"type":"Feature","properties":{"psq_bach_deg_%":19.5,"p_tot":20585,"psq_pop_15_yrs_plus_%":62.6,"sa2_name_2011":"Concord - Mortlake - Cabarita","year":"2011","sa2_code_2011":"120011383"},"id":"sa2_nrp_people_2010_2014.fid--2ea3ac96_1631088cc08_47c3"},{"type":"Feature","properties":{"psq_bach_deg_%":24.2,"p_tot":19025,"psq_pop_15_yrs_plus_%":68.4,"sa2_name_2011":"Concord West - North Strathfield","year":"2011","sa2_code_2011":"120011384"},"id":"sa2_nrp_people_2010_2014.fid--2ea3ac96_1631088cc08_47c4"},{"type":"Feature","properties":{"psq_bach_deg_%":9.4,"p_tot":25662,"psq_pop_15_yrs_plus_%":44.6,"sa2_name_2011":"Greenacre - Mount Lewis","year":"2011","sa2_code_2011":"119011357"},"id":"sa2_nrp_people_2010_2014.fid--2ea3ac96_1631088cc08_47c5"},{"type":"Feature","properties":{"psq_bach_deg_%":8.4,"p_tot":13875,"psq_pop_15_yrs_plus_%":54.4,"sa2_name_2011":"Richmond - Clarendon","year":"2011","sa2_code_2011":"124041466"},"id":"sa2_nrp_people_2010_2014.fid--2ea3ac96_1631088cc08_47c6"},{"type":"Feature","properties":{"psq_bach_deg_%":11.5,"p_tot":15516,"psq_pop_15_yrs_plus_%":52.5,"sa2_name_2011":"Revesby","year":"2011","sa2_code_2011":"119011360"},"id":"sa2_nrp_people_2010_2014.fid--2ea3ac96_1631088cc08_47c7"},{"type":"Feature","properties":{"psq_bach_deg_%":22.1,"p_tot":25783,"psq_pop_15_yrs_plus_%":63.1,"sa2_name_2011":"Carlingford","year":"2011","sa2_code_2011":"125021476"},"id":"sa2_nrp_people_2010_2014.fid--2ea3ac96_1631088cc08_47c8"},{"type":"Feature","properties":{"psq_bach_deg_%":13.9,"p_tot":26824,"psq_pop_15_yrs_plus_%":54.4,"sa2_name_2011":"Lakemba - Wiley Park","year":"2011","sa2_code_2011":"119021365"},"id":"sa2_nrp_people_2010_2014.fid--2ea3ac96_1631088cc08_47c9"},{"type":"Feature","properties":{"psq_bach_deg_%":15.6,"p_tot":15654,"psq_pop_15_yrs_plus_%":55.7,"sa2_name_2011":"Arncliffe - Bardwell Valley","year":"2011","sa2_code_2011":"119041375"},"id":"sa2_nrp_people_2010_2014.fid--2ea3ac96_1631088cc08_47ca"},{"type":"Feature","properties":{"psq_bach_deg_%":29.5,"p_tot":19218,"psq_pop_15_yrs_plus_%":72.7,"sa2_name_2011":"Chatswood (West) - Lane Cove North","year":"2011","sa2_code_2011":"121011399"},"id":"sa2_nrp_people_2010_2014.fid--2ea3ac96_1631088cc08_47cb"},{"type":"Feature","properties":{"psq_bach_deg_%":24.1,"p_tot":18141,"psq_pop_15_yrs_plus_%":68.7,"sa2_name_2011":"Northmead","year":"2011","sa2_code_2011":"125041491"},"id":"sa2_nrp_people_2010_2014.fid--2ea3ac96_1631088cc08_47cc"},{"type":"Feature","properties":{"psq_bach_deg_%":24.1,"p_tot":10306,"psq_pop_15_yrs_plus_%":66.2,"sa2_name_2011":"Hunters Hill - Woolwich","year":"2011","sa2_code_2011":"126021499"},"id":"sa2_nrp_people_2010_2014.fid--2ea3ac96_1631088cc08_47cd"},{"type":"Feature","properties":{"psq_bach_deg_%":6.4,"p_tot":24605,"psq_pop_15_yrs_plus_%":35.8,"sa2_name_2011":"Cabramatta - Lansvale","year":"2011","sa2_code_2011":"127021511"},"id":"sa2_nrp_people_2010_2014.fid--2ea3ac96_1631088cc08_47ce"},{"type":"Feature","properties":{"psq_bach_deg_%":10.4,"p_tot":16619,"psq_pop_15_yrs_plus_%":55.0,"sa2_name_2011":"Elderslie - Harrington Park","year":"2011","sa2_code_2011":"123011434"},"id":"sa2_nrp_people_2010_2014.fid--2ea3ac96_1631088cc08_47cf"},{"type":"Feature","properties":{"psq_bach_deg_%":10.0,"p_tot":24634,"psq_pop_15_yrs_plus_%":54.1,"sa2_name_2011":"Mount Annan - Currans Hill","year":"2011","sa2_code_2011":"123011435"},"id":"sa2_nrp_people_2010_2014.fid--2ea3ac96_1631088cc08_47d0"},{"type":"Feature","properties":{"psq_bach_deg_%":15.1,"p_tot":6165,"psq_pop_15_yrs_plus_%":65.4,"sa2_name_2011":"Wentworth Falls","year":"2011","sa2_code_2011":"124011455"},"id":"sa2_nrp_people_2010_2014.fid--2ea3ac96_1631088cc08_47d1"},{"type":"Feature","properties":{"psq_bach_deg_%":8.6,"p_tot":12232,"psq_pop_15_yrs_plus_%":52.1,"sa2_name_2011":"Penrith","year":"2011","sa2_code_2011":"124031464"},"id":"sa2_nrp_people_2010_2014.fid--2ea3ac96_1631088cc08_47d2"},{"type":"Feature","properties":{"psq_bach_deg_%":6.0,"p_tot":5206,"psq_pop_15_yrs_plus_%":51.9,"sa2_name_2011":"Warragamba - Silverdale","year":"2011","sa2_code_2011":"124031465"},"id":"sa2_nrp_people_2010_2014.fid--2ea3ac96_1631088cc08_47d3"},{"type":"Feature","properties":{"psq_bach_deg_%":12.0,"p_tot":27208,"psq_pop_15_yrs_plus_%":52.3,"sa2_name_2011":"Merrylands - Holroyd","year":"2011","sa2_code_2011":"125031485"},"id":"sa2_nrp_people_2010_2014.fid--2ea3ac96_1631088cc08_47d4"},{"type":"Feature","properties":{"psq_bach_deg_%":null,"p_tot":23,"psq_pop_15_yrs_plus_%":42.9,"sa2_name_2011":"Smithfield Industrial","year":"2011","sa2_code_2011":"125031486"},"id":"sa2_nrp_people_2010_2014.fid--2ea3ac96_1631088cc08_47d5"},{"type":"Feature","properties":{"psq_bach_deg_%":18.0,"p_tot":27166,"psq_pop_15_yrs_plus_%":62.1,"sa2_name_2011":"Girraween - Westmead","year":"2011","sa2_code_2011":"125041488"},"id":"sa2_nrp_people_2010_2014.fid--2ea3ac96_1631088cc08_47d6"},{"type":"Feature","properties":{"psq_bach_deg_%":10.7,"p_tot":16209,"psq_pop_15_yrs_plus_%":53.6,"sa2_name_2011":"Chipping Norton - Moorebank","year":"2011","sa2_code_2011":"127031523"},"id":"sa2_nrp_people_2010_2014.fid--2ea3ac96_1631088cc08_47d7"},{"type":"Feature","properties":{"psq_bach_deg_%":8.0,"p_tot":9294,"psq_pop_15_yrs_plus_%":55.2,"sa2_name_2011":"Pitt Town - McGraths Hill","year":"2011","sa2_code_2011":"115041301"},"id":"sa2_nrp_people_2010_2014.fid--2ea3ac96_1631088cc08_47d9"},{"type":"Feature","properties":{"psq_bach_deg_%":11.4,"p_tot":14072,"psq_pop_15_yrs_plus_%":57.2,"sa2_name_2011":"Erina - Green Point","year":"2011","sa2_code_2011":"102011031"},"id":"sa2_nrp_people_2010_2014.fid--2ea3ac96_1631088cc08_47da"},{"type":"Feature","properties":{"psq_bach_deg_%":10.5,"p_tot":17455,"psq_pop_15_yrs_plus_%":49.7,"sa2_name_2011":"Blacktown (North) - Marayong","year":"2011","sa2_code_2011":"116011304"},"id":"sa2_nrp_people_2010_2014.fid--2ea3ac96_1631088cc08_47db"},{"type":"Feature","properties":{"psq_bach_deg_%":15.4,"p_tot":20410,"psq_pop_15_yrs_plus_%":52.6,"sa2_name_2011":"Doonside - Woodcroft","year":"2011","sa2_code_2011":"116011306"},"id":"sa2_nrp_people_2010_2014.fid--2ea3ac96_1631088cc08_47dc"},{"type":"Feature","properties":{"psq_bach_deg_%":12.0,"p_tot":6513,"psq_pop_15_yrs_plus_%":62.3,"sa2_name_2011":"Point Clare - Koolewong","year":"2011","sa2_code_2011":"102011037"},"id":"sa2_nrp_people_2010_2014.fid--2ea3ac96_1631088cc08_47df"},{"type":"Feature","properties":{"psq_bach_deg_%":16.6,"p_tot":7289,"psq_pop_15_yrs_plus_%":66.0,"sa2_name_2011":"Avoca Beach - Copacabana","year":"2011","sa2_code_2011":"102011028"},"id":"sa2_nrp_people_2010_2014.fid--2ea3ac96_1631088cc08_47e0"},{"type":"Feature","properties":{"psq_bach_deg_%":12.4,"p_tot":10699,"psq_pop_15_yrs_plus_%":61.3,"sa2_name_2011":"Box Head - MacMasters Beach","year":"2011","sa2_code_2011":"102011029"},"id":"sa2_nrp_people_2010_2014.fid--2ea3ac96_1631088cc08_47e1"},{"type":"Feature","properties":{"psq_bach_deg_%":10.2,"p_tot":4578,"psq_pop_15_yrs_plus_%":57.8,"sa2_name_2011":"Calga - Kulnura","year":"2011","sa2_code_2011":"102011030"},"id":"sa2_nrp_people_2010_2014.fid--2ea3ac96_1631088cc08_47e2"},{"type":"Feature","properties":{"psq_bach_deg_%":10.1,"p_tot":6725,"psq_pop_15_yrs_plus_%":55.6,"sa2_name_2011":"Narara","year":"2011","sa2_code_2011":"102011035"},"id":"sa2_nrp_people_2010_2014.fid--2ea3ac96_1631088cc08_47e3"},{"type":"Feature","properties":{"psq_bach_deg_%":10.2,"p_tot":6843,"psq_pop_15_yrs_plus_%":58.3,"sa2_name_2011":"Saratoga - Davistown","year":"2011","sa2_code_2011":"102011038"},"id":"sa2_nrp_people_2010_2014.fid--2ea3ac96_1631088cc08_47e4"},{"type":"Feature","properties":{"psq_bach_deg_%":3.5,"p_tot":11087,"psq_pop_15_yrs_plus_%":45.6,"sa2_name_2011":"Blue Haven - San Remo","year":"2011","sa2_code_2011":"102021045"},"id":"sa2_nrp_people_2010_2014.fid--2ea3ac96_1631088cc08_47e5"},{"type":"Feature","properties":{"psq_bach_deg_%":4.4,"p_tot":10400,"psq_pop_15_yrs_plus_%":48.7,"sa2_name_2011":"Lake Munmorah - Mannering Park","year":"2011","sa2_code_2011":"102021050"},"id":"sa2_nrp_people_2010_2014.fid--2ea3ac96_1631088cc08_47e6"},{"type":"Feature","properties":{"psq_bach_deg_%":4.7,"p_tot":5527,"psq_pop_15_yrs_plus_%":49.4,"sa2_name_2011":"Summerland Point - Gwandalan","year":"2011","sa2_code_2011":"102021052"},"id":"sa2_nrp_people_2010_2014.fid--2ea3ac96_1631088cc08_47e7"},{"type":"Feature","properties":{"psq_bach_deg_%":6.7,"p_tot":14424,"psq_pop_15_yrs_plus_%":52.6,"sa2_name_2011":"The Entrance","year":"2011","sa2_code_2011":"102021053"},"id":"sa2_nrp_people_2010_2014.fid--2ea3ac96_1631088cc08_47e8"},{"type":"Feature","properties":{"psq_bach_deg_%":5.8,"p_tot":9300,"psq_pop_15_yrs_plus_%":52.5,"sa2_name_2011":"Toukley - Norah Head","year":"2011","sa2_code_2011":"102021054"},"id":"sa2_nrp_people_2010_2014.fid--2ea3ac96_1631088cc08_47e9"},{"type":"Feature","properties":{"psq_bach_deg_%":8.8,"p_tot":6669,"psq_pop_15_yrs_plus_%":54.9,"sa2_name_2011":"Kariong","year":"2011","sa2_code_2011":"102011033"},"id":"sa2_nrp_people_2010_2014.fid--2ea3ac96_1631088cc08_47eb"},{"type":"Feature","properties":{"psq_bach_deg_%":8.7,"p_tot":7339,"psq_pop_15_yrs_plus_%":53.6,"sa2_name_2011":"Kincumber - Picketts Valley","year":"2011","sa2_code_2011":"102011034"},"id":"sa2_nrp_people_2010_2014.fid--2ea3ac96_1631088cc08_47ec"},{"type":"Feature","properties":{"psq_bach_deg_%":null,"p_tot":7,"psq_pop_15_yrs_plus_%":100.0,"sa2_name_2011":"Rookwood Cemetery","year":"2011","sa2_code_2011":"125011475"},"id":"sa2_nrp_people_2010_2014.fid--2ea3ac96_1631088cc08_47ed"},{"type":"Feature","properties":{"psq_bach_deg_%":null,"p_tot":15,"psq_pop_15_yrs_plus_%":null,"sa2_name_2011":"Yennora Industrial","year":"2011","sa2_code_2011":"125031487"},"id":"sa2_nrp_people_2010_2014.fid--2ea3ac96_1631088cc08_47ee"},{"type":"Feature","properties":{"psq_bach_deg_%":22.0,"p_tot":24139,"psq_pop_15_yrs_plus_%":70.5,"sa2_name_2011":"Parramatta - Rosehill","year":"2011","sa2_code_2011":"125041492"},"id":"sa2_nrp_people_2010_2014.fid--2ea3ac96_1631088cc08_47ef"},{"type":"Feature","properties":{"psq_bach_deg_%":26.9,"p_tot":24688,"psq_pop_15_yrs_plus_%":67.9,"sa2_name_2011":"Epping - North Epping","year":"2011","sa2_code_2011":"126011495"},"id":"sa2_nrp_people_2010_2014.fid--2ea3ac96_1631088cc08_47f0"},{"type":"Feature","properties":{"psq_bach_deg_%":24.3,"p_tot":24317,"psq_pop_15_yrs_plus_%":65.1,"sa2_name_2011":"Eastwood - Denistone","year":"2011","sa2_code_2011":"126021497"},"id":"sa2_nrp_people_2010_2014.fid--2ea3ac96_1631088cc08_47f1"},{"type":"Feature","properties":{"psq_bach_deg_%":23.3,"p_tot":14122,"psq_pop_15_yrs_plus_%":65.6,"sa2_name_2011":"Gladesville - Huntleys Point","year":"2011","sa2_code_2011":"126021498"},"id":"sa2_nrp_people_2010_2014.fid--2ea3ac96_1631088cc08_47f2"},{"type":"Feature","properties":{"psq_bach_deg_%":11.3,"p_tot":19333,"psq_pop_15_yrs_plus_%":51.7,"sa2_name_2011":"Hoxton Park - Horningsea Park","year":"2011","sa2_code_2011":"127011508"},"id":"sa2_nrp_people_2010_2014.fid--2ea3ac96_1631088cc08_47f3"},{"type":"Feature","properties":{"psq_bach_deg_%":15.1,"p_tot":20408,"psq_pop_15_yrs_plus_%":59.0,"sa2_name_2011":"Holsworthy - Wattle Grove","year":"2011","sa2_code_2011":"127031524"},"id":"sa2_nrp_people_2010_2014.fid--2ea3ac96_1631088cc08_47f4"},{"type":"Feature","properties":{"psq_bach_deg_%":30.5,"p_tot":10914,"psq_pop_15_yrs_plus_%":79.0,"sa2_name_2011":"Darlinghurst","year":"2011","sa2_code_2011":"117031329"},"id":"sa2_nrp_people_2010_2014.fid--2ea3ac96_1631088cc08_47f5"},{"type":"Feature","properties":{"psq_bach_deg_%":15.3,"p_tot":11380,"psq_pop_15_yrs_plus_%":65.1,"sa2_name_2011":"Lawson - Hazelbrook - Linden","year":"2011","sa2_code_2011":"124011453"},"id":"sa2_nrp_people_2010_2014.fid--2ea3ac96_1631088cc08_47f6"},{"type":"Feature","properties":{"psq_bach_deg_%":3.7,"p_tot":19257,"psq_pop_15_yrs_plus_%":36.8,"sa2_name_2011":"Bidwill - Hebersham - Emerton","year":"2011","sa2_code_2011":"116031313"},"id":"sa2_nrp_people_2010_2014.fid--2ea3ac96_1631088cc08_47f7"},{"type":"Feature","properties":{"psq_bach_deg_%":19.4,"p_tot":27561,"psq_pop_15_yrs_plus_%":62.6,"sa2_name_2011":"Ryde - Putney","year":"2011","sa2_code_2011":"126021502"},"id":"sa2_nrp_people_2010_2014.fid--2ea3ac96_1631088cc08_47f8"},{"type":"Feature","properties":{"psq_bach_deg_%":10.1,"p_tot":26775,"psq_pop_15_yrs_plus_%":48.5,"sa2_name_2011":"Prestons - Lurnea","year":"2011","sa2_code_2011":"127031526"},"id":"sa2_nrp_people_2010_2014.fid--2ea3ac96_1631088cc08_47f9"},{"type":"Feature","properties":{"psq_bach_deg_%":null,"p_tot":20,"psq_pop_15_yrs_plus_%":64.7,"sa2_name_2011":"Prospect Reservoir","year":"2011","sa2_code_2011":"116031318"},"id":"sa2_nrp_people_2010_2014.fid--2ea3ac96_1631088cc08_47fa"},{"type":"Feature","properties":{"psq_bach_deg_%":12.9,"p_tot":20252,"psq_pop_15_yrs_plus_%":51.0,"sa2_name_2011":"Rooty Hill - Minchinbury","year":"2011","sa2_code_2011":"116031319"},"id":"sa2_nrp_people_2010_2014.fid--2ea3ac96_1631088cc08_47fb"},{"type":"Feature","properties":{"psq_bach_deg_%":12.8,"p_tot":9290,"psq_pop_15_yrs_plus_%":57.7,"sa2_name_2011":"Botany","year":"2011","sa2_code_2011":"117011321"},"id":"sa2_nrp_people_2010_2014.fid--2ea3ac96_1631088cc08_47fc"},{"type":"Feature","properties":{"psq_bach_deg_%":21.9,"p_tot":16788,"psq_pop_15_yrs_plus_%":66.3,"sa2_name_2011":"Dulwich Hill - Lewisham","year":"2011","sa2_code_2011":"120031394"},"id":"sa2_nrp_people_2010_2014.fid--2ea3ac96_1631088cc08_47fd"},{"type":"Feature","properties":{"psq_bach_deg_%":25.2,"p_tot":25021,"psq_pop_15_yrs_plus_%":73.6,"sa2_name_2011":"Sydney - Haymarket - The Rocks","year":"2011","sa2_code_2011":"117031337"},"id":"sa2_nrp_people_2010_2014.fid--2ea3ac96_1631088cc08_47fe"},{"type":"Feature","properties":{"psq_bach_deg_%":30.4,"p_tot":22165,"psq_pop_15_yrs_plus_%":71.7,"sa2_name_2011":"Lindfield - Roseville","year":"2011","sa2_code_2011":"121031408"},"id":"sa2_nrp_people_2010_2014.fid--2ea3ac96_1631088cc08_47ff"},{"type":"Feature","properties":{"psq_bach_deg_%":30.9,"p_tot":29351,"psq_pop_15_yrs_plus_%":74.8,"sa2_name_2011":"Mosman","year":"2011","sa2_code_2011":"121041415"},"id":"sa2_nrp_people_2010_2014.fid--2ea3ac96_1631088cc08_4800"},{"type":"Feature","properties":{"psq_bach_deg_%":29.4,"p_tot":22509,"psq_pop_15_yrs_plus_%":76.4,"sa2_name_2011":"Manly - Fairlight","year":"2011","sa2_code_2011":"122011419"},"id":"sa2_nrp_people_2010_2014.fid--2ea3ac96_1631088cc08_4801"},{"type":"Feature","properties":{"psq_bach_deg_%":12.9,"p_tot":11182,"psq_pop_15_yrs_plus_%":54.3,"sa2_name_2011":"Pagewood - Hillsdale - Daceyville","year":"2011","sa2_code_2011":"117011323"},"id":"sa2_nrp_people_2010_2014.fid--2ea3ac96_1631088cc08_4802"},{"type":"Feature","properties":{"psq_bach_deg_%":26.9,"p_tot":19943,"psq_pop_15_yrs_plus_%":70.5,"sa2_name_2011":"Petersham - Stanmore","year":"2011","sa2_code_2011":"117021327"},"id":"sa2_nrp_people_2010_2014.fid--2ea3ac96_1631088cc08_4803"},{"type":"Feature","properties":{"psq_bach_deg_%":null,"p_tot":15,"psq_pop_15_yrs_plus_%":100.0,"sa2_name_2011":"Sydney Airport","year":"2011","sa2_code_2011":"117011325"},"id":"sa2_nrp_people_2010_2014.fid--2ea3ac96_1631088cc08_4804"},{"type":"Feature","properties":{"psq_bach_deg_%":null,"p_tot":null,"psq_pop_15_yrs_plus_%":null,"sa2_name_2011":"Centennial Park","year":"2011","sa2_code_2011":"118011342"},"id":"sa2_nrp_people_2010_2014.fid--2ea3ac96_1631088cc08_4805"},{"type":"Feature","properties":{"psq_bach_deg_%":28.8,"p_tot":12580,"psq_pop_15_yrs_plus_%":69.4,"sa2_name_2011":"Rose Bay - Vaucluse - Watsons Bay","year":"2011","sa2_code_2011":"118011346"},"id":"sa2_nrp_people_2010_2014.fid--2ea3ac96_1631088cc08_4806"},{"type":"Feature","properties":{"psq_bach_deg_%":29.5,"p_tot":22909,"psq_pop_15_yrs_plus_%":71.4,"sa2_name_2011":"Newtown - Camperdown - Darlington","year":"2011","sa2_code_2011":"117031332"},"id":"sa2_nrp_people_2010_2014.fid--2ea3ac96_1631088cc08_4807"},{"type":"Feature","properties":{"psq_bach_deg_%":11.1,"p_tot":6684,"psq_pop_15_yrs_plus_%":60.5,"sa2_name_2011":"Heathcote - Waterfall","year":"2011","sa2_code_2011":"128021533"},"id":"sa2_nrp_people_2010_2014.fid--2ea3ac96_1631088cc08_4808"},{"type":"Feature","properties":{"psq_bach_deg_%":9.2,"p_tot":17697,"psq_pop_15_yrs_plus_%":50.8,"sa2_name_2011":"Kingswood - Werrington","year":"2011","sa2_code_2011":"124031462"},"id":"sa2_nrp_people_2010_2014.fid--2ea3ac96_1631088cc08_4809"},{"type":"Feature","properties":{"psq_bach_deg_%":14.2,"p_tot":28254,"psq_pop_15_yrs_plus_%":51.7,"sa2_name_2011":"Canterbury (South) - Campsie","year":"2011","sa2_code_2011":"119021363"},"id":"sa2_nrp_people_2010_2014.fid--2ea3ac96_1631088cc08_480a"},{"type":"Feature","properties":{"psq_bach_deg_%":28.0,"p_tot":20239,"psq_pop_15_yrs_plus_%":74.7,"sa2_name_2011":"Pyrmont - Ultimo","year":"2011","sa2_code_2011":"117031334"},"id":"sa2_nrp_people_2010_2014.fid--2ea3ac96_1631088cc08_480b"},{"type":"Feature","properties":{"psq_bach_deg_%":24.0,"p_tot":18517,"psq_pop_15_yrs_plus_%":68.2,"sa2_name_2011":"Drummoyne - Rodd Point","year":"2011","sa2_code_2011":"120011385"},"id":"sa2_nrp_people_2010_2014.fid--2ea3ac96_1631088cc08_480c"},{"type":"Feature","properties":{"psq_bach_deg_%":28.6,"p_tot":13907,"psq_pop_15_yrs_plus_%":72.8,"sa2_name_2011":"Lilyfield - Rozelle","year":"2011","sa2_code_2011":"120021389"},"id":"sa2_nrp_people_2010_2014.fid--2ea3ac96_1631088cc08_480d"},{"type":"Feature","properties":{"psq_bach_deg_%":8.2,"p_tot":20532,"psq_pop_15_yrs_plus_%":48.5,"sa2_name_2011":"St Clair","year":"2011","sa2_code_2011":"124051470"},"id":"sa2_nrp_people_2010_2014.fid--2ea3ac96_1631088cc08_480e"},{"type":"Feature","properties":{"psq_bach_deg_%":11.6,"p_tot":13601,"psq_pop_15_yrs_plus_%":51.8,"sa2_name_2011":"Roselands","year":"2011","sa2_code_2011":"119021367"},"id":"sa2_nrp_people_2010_2014.fid--2ea3ac96_1631088cc08_480f"},{"type":"Feature","properties":{"psq_bach_deg_%":13.9,"p_tot":13909,"psq_pop_15_yrs_plus_%":56.9,"sa2_name_2011":"Monterey - Brighton-le-Sands - Kyeemagh","year":"2011","sa2_code_2011":"119041380"},"id":"sa2_nrp_people_2010_2014.fid--2ea3ac96_1631088cc08_4810"},{"type":"Feature","properties":{"psq_bach_deg_%":30.3,"p_tot":25419,"psq_pop_15_yrs_plus_%":72.2,"sa2_name_2011":"Lane Cove - Greenwich","year":"2011","sa2_code_2011":"121011400"},"id":"sa2_nrp_people_2010_2014.fid--2ea3ac96_1631088cc08_4811"},{"type":"Feature","properties":{"psq_bach_deg_%":29.0,"p_tot":25685,"psq_pop_15_yrs_plus_%":70.3,"sa2_name_2011":"Willoughby - Castle Cove - Northbridge","year":"2011","sa2_code_2011":"121011402"},"id":"sa2_nrp_people_2010_2014.fid--2ea3ac96_1631088cc08_4812"},{"type":"Feature","properties":{"psq_bach_deg_%":22.3,"p_tot":24079,"psq_pop_15_yrs_plus_%":66.9,"sa2_name_2011":"Ashfield","year":"2011","sa2_code_2011":"120031390"},"id":"sa2_nrp_people_2010_2014.fid--2ea3ac96_1631088cc08_4813"},{"type":"Feature","properties":{"psq_bach_deg_%":19.0,"p_tot":18461,"psq_pop_15_yrs_plus_%":64.9,"sa2_name_2011":"Asquith - Mount Colah","year":"2011","sa2_code_2011":"121021403"},"id":"sa2_nrp_people_2010_2014.fid--2ea3ac96_1631088cc08_4814"},{"type":"Feature","properties":{"psq_bach_deg_%":14.1,"p_tot":7525,"psq_pop_15_yrs_plus_%":61.1,"sa2_name_2011":"Cromer","year":"2011","sa2_code_2011":"122031425"},"id":"sa2_nrp_people_2010_2014.fid--2ea3ac96_1631088cc08_4815"},{"type":"Feature","properties":{"psq_bach_deg_%":19.1,"p_tot":24127,"psq_pop_15_yrs_plus_%":66.2,"sa2_name_2011":"Dee Why - North Curl Curl","year":"2011","sa2_code_2011":"122031426"},"id":"sa2_nrp_people_2010_2014.fid--2ea3ac96_1631088cc08_4816"},{"type":"Feature","properties":{"psq_bach_deg_%":22.3,"p_tot":12868,"psq_pop_15_yrs_plus_%":66.3,"sa2_name_2011":"Forestville - Killarney Heights","year":"2011","sa2_code_2011":"122031427"},"id":"sa2_nrp_people_2010_2014.fid--2ea3ac96_1631088cc08_4817"},{"type":"Feature","properties":{"psq_bach_deg_%":17.4,"p_tot":9910,"psq_pop_15_yrs_plus_%":58.7,"sa2_name_2011":"Canterbury (North) - Ashbury","year":"2011","sa2_code_2011":"120031392"},"id":"sa2_nrp_people_2010_2014.fid--2ea3ac96_1631088cc08_4818"},{"type":"Feature","properties":{"psq_bach_deg_%":23.1,"p_tot":20530,"psq_pop_15_yrs_plus_%":69.1,"sa2_name_2011":"Freshwater - Brookvale","year":"2011","sa2_code_2011":"122031429"},"id":"sa2_nrp_people_2010_2014.fid--2ea3ac96_1631088cc08_4819"},{"type":"Feature","properties":{"psq_bach_deg_%":20.3,"p_tot":16677,"psq_pop_15_yrs_plus_%":64.9,"sa2_name_2011":"Manly Vale - Allambie Heights","year":"2011","sa2_code_2011":"122031430"},"id":"sa2_nrp_people_2010_2014.fid--2ea3ac96_1631088cc08_481a"},{"type":"Feature","properties":{"psq_bach_deg_%":17.2,"p_tot":23938,"psq_pop_15_yrs_plus_%":66.7,"sa2_name_2011":"Narrabeen - Collaroy","year":"2011","sa2_code_2011":"122031431"},"id":"sa2_nrp_people_2010_2014.fid--2ea3ac96_1631088cc08_481b"},{"type":"Feature","properties":{"psq_bach_deg_%":22.9,"p_tot":13966,"psq_pop_15_yrs_plus_%":66.1,"sa2_name_2011":"Haberfield - Summer Hill","year":"2011","sa2_code_2011":"120031395"},"id":"sa2_nrp_people_2010_2014.fid--2ea3ac96_1631088cc08_481c"},{"type":"Feature","properties":{"psq_bach_deg_%":17.8,"p_tot":3699,"psq_pop_15_yrs_plus_%":63.4,"sa2_name_2011":"Terrey Hills - Duffys Forest","year":"2011","sa2_code_2011":"122031432"},"id":"sa2_nrp_people_2010_2014.fid--2ea3ac96_1631088cc08_481d"},{"type":"Feature","properties":{"psq_bach_deg_%":null,"p_tot":null,"psq_pop_15_yrs_plus_%":null,"sa2_name_2011":"Holsworthy Military Area","year":"2011","sa2_code_2011":"123021439"},"id":"sa2_nrp_people_2010_2014.fid--2ea3ac96_1631088cc08_481e"},{"type":"Feature","properties":{"psq_bach_deg_%":11.8,"p_tot":17262,"psq_pop_15_yrs_plus_%":52.8,"sa2_name_2011":"Ingleburn - Denham Court","year":"2011","sa2_code_2011":"123021440"},"id":"sa2_nrp_people_2010_2014.fid--2ea3ac96_1631088cc08_481f"},{"type":"Feature","properties":{"psq_bach_deg_%":22.1,"p_tot":13251,"psq_pop_15_yrs_plus_%":66.5,"sa2_name_2011":"Homebush","year":"2011","sa2_code_2011":"120031396"},"id":"sa2_nrp_people_2010_2014.fid--2ea3ac96_1631088cc08_4820"},{"type":"Feature","properties":{"psq_bach_deg_%":7.5,"p_tot":15818,"psq_pop_15_yrs_plus_%":54.0,"sa2_name_2011":"Picton - Tahmoor - Buxton","year":"2011","sa2_code_2011":"123031447"},"id":"sa2_nrp_people_2010_2014.fid--2ea3ac96_1631088cc08_4821"},{"type":"Feature","properties":{"psq_bach_deg_%":11.7,"p_tot":19294,"psq_pop_15_yrs_plus_%":51.4,"sa2_name_2011":"Granville - Clyde","year":"2011","sa2_code_2011":"125031481"},"id":"sa2_nrp_people_2010_2014.fid--2ea3ac96_1631088cc08_4822"},{"type":"Feature","properties":{"psq_bach_deg_%":8.3,"p_tot":8833,"psq_pop_15_yrs_plus_%":55.4,"sa2_name_2011":"The Oaks - Oakdale","year":"2011","sa2_code_2011":"123031448"},"id":"sa2_nrp_people_2010_2014.fid--2ea3ac96_1631088cc08_4823"},{"type":"Feature","properties":{"psq_bach_deg_%":24.0,"p_tot":27505,"psq_pop_15_yrs_plus_%":64.7,"sa2_name_2011":"Strathfield","year":"2011","sa2_code_2011":"120031397"},"id":"sa2_nrp_people_2010_2014.fid--2ea3ac96_1631088cc08_4824"},{"type":"Feature","properties":{"psq_bach_deg_%":18.3,"p_tot":19110,"psq_pop_15_yrs_plus_%":66.3,"sa2_name_2011":"Blaxland - Warrimoo - Lapstone","year":"2011","sa2_code_2011":"124011450"},"id":"sa2_nrp_people_2010_2014.fid--2ea3ac96_1631088cc08_4825"},{"type":"Feature","properties":{"psq_bach_deg_%":null,"p_tot":7,"psq_pop_15_yrs_plus_%":100.0,"sa2_name_2011":"Blue Mountains - South","year":"2011","sa2_code_2011":"124021456"},"id":"sa2_nrp_people_2010_2014.fid--2ea3ac96_1631088cc08_4826"},{"type":"Feature","properties":{"psq_bach_deg_%":5.7,"p_tot":15578,"psq_pop_15_yrs_plus_%":47.8,"sa2_name_2011":"Cambridge Park","year":"2011","sa2_code_2011":"124031457"},"id":"sa2_nrp_people_2010_2014.fid--2ea3ac96_1631088cc08_4827"},{"type":"Feature","properties":{"psq_bach_deg_%":28.8,"p_tot":25656,"psq_pop_15_yrs_plus_%":69.7,"sa2_name_2011":"Chatswood (East) - Artarmon","year":"2011","sa2_code_2011":"121011398"},"id":"sa2_nrp_people_2010_2014.fid--2ea3ac96_1631088cc08_4828"},{"type":"Feature","properties":{"psq_bach_deg_%":7.0,"p_tot":15978,"psq_pop_15_yrs_plus_%":50.6,"sa2_name_2011":"Windsor - Bligh Park","year":"2011","sa2_code_2011":"124041467"},"id":"sa2_nrp_people_2010_2014.fid--2ea3ac96_1631088cc08_4829"},{"type":"Feature","properties":{"psq_bach_deg_%":14.3,"p_tot":13653,"psq_pop_15_yrs_plus_%":57.9,"sa2_name_2011":"Beacon Hill - Narraweena","year":"2011","sa2_code_2011":"122031424"},"id":"sa2_nrp_people_2010_2014.fid--2ea3ac96_1631088cc08_482a"},{"type":"Feature","properties":{"psq_bach_deg_%":7.5,"p_tot":20433,"psq_pop_15_yrs_plus_%":35.9,"sa2_name_2011":"Canley Vale - Canley Heights","year":"2011","sa2_code_2011":"127021513"},"id":"sa2_nrp_people_2010_2014.fid--2ea3ac96_1631088cc08_482b"},{"type":"Feature","properties":{"psq_bach_deg_%":11.5,"p_tot":15311,"psq_pop_15_yrs_plus_%":53.0,"sa2_name_2011":"Casula","year":"2011","sa2_code_2011":"127031522"},"id":"sa2_nrp_people_2010_2014.fid--2ea3ac96_1631088cc08_482c"},{"type":"Feature","properties":{"psq_bach_deg_%":23.8,"p_tot":25531,"psq_pop_15_yrs_plus_%":64.9,"sa2_name_2011":"Cherrybrook","year":"2011","sa2_code_2011":"115011293"},"id":"sa2_nrp_people_2010_2014.fid--2ea3ac96_1631088cc08_4832"},{"type":"Feature","properties":{"psq_bach_deg_%":10.2,"p_tot":2716,"psq_pop_15_yrs_plus_%":64.3,"sa2_name_2011":"Bilpin - Colo - St Albans","year":"2011","sa2_code_2011":"115031299"},"id":"sa2_nrp_people_2010_2014.fid--2ea3ac96_1631088cc08_4833"},{"type":"Feature","properties":{"psq_bach_deg_%":6.6,"p_tot":11665,"psq_pop_15_yrs_plus_%":47.0,"sa2_name_2011":"Riverstone - Marsden Park","year":"2011","sa2_code_2011":"116021312"},"id":"sa2_nrp_people_2010_2014.fid--2ea3ac96_1631088cc08_4834"},{"type":"Feature","properties":{"psq_bach_deg_%":3.5,"p_tot":16552,"psq_pop_15_yrs_plus_%":38.8,"sa2_name_2011":"Lethbridge Park - Tregear","year":"2011","sa2_code_2011":"116031316"},"id":"sa2_nrp_people_2010_2014.fid--2ea3ac96_1631088cc08_4835"},{"type":"Feature","properties":{"psq_bach_deg_%":33.4,"p_tot":10249,"psq_pop_15_yrs_plus_%":80.0,"sa2_name_2011":"North Sydney - Lavender Bay","year":"2011","sa2_code_2011":"121041417"},"id":"sa2_nrp_people_2010_2014.fid--2ea3ac96_1631088cc08_4836"},{"type":"Feature","properties":{"psq_bach_deg_%":20.2,"p_tot":13002,"psq_pop_15_yrs_plus_%":66.7,"sa2_name_2011":"Avalon - Palm Beach","year":"2011","sa2_code_2011":"122021420"},"id":"sa2_nrp_people_2010_2014.fid--2ea3ac96_1631088cc08_4837"},{"type":"Feature","properties":{"psq_bach_deg_%":16.0,"p_tot":22948,"psq_pop_15_yrs_plus_%":64.9,"sa2_name_2011":"Warriewood - Mona Vale","year":"2011","sa2_code_2011":"122021423"},"id":"sa2_nrp_people_2010_2014.fid--2ea3ac96_1631088cc08_4838"},{"type":"Feature","properties":{"psq_bach_deg_%":15.8,"p_tot":13451,"psq_pop_15_yrs_plus_%":65.7,"sa2_name_2011":"Katoomba - Leura","year":"2011","sa2_code_2011":"124011452"},"id":"sa2_nrp_people_2010_2014.fid--2ea3ac96_1631088cc08_4839"},{"type":"Feature","properties":{"psq_bach_deg_%":25.2,"p_tot":17977,"psq_pop_15_yrs_plus_%":68.7,"sa2_name_2011":"West Ryde - Meadowbank","year":"2011","sa2_code_2011":"126021503"},"id":"sa2_nrp_people_2010_2014.fid--2ea3ac96_1631088cc08_483a"},{"type":"Feature","properties":{"psq_bach_deg_%":3.4,"p_tot":17167,"psq_pop_15_yrs_plus_%":38.9,"sa2_name_2011":"Ashcroft - Busby - Miller","year":"2011","sa2_code_2011":"127011504"},"id":"sa2_nrp_people_2010_2014.fid--2ea3ac96_1631088cc08_483b"},{"type":"Feature","properties":{"psq_bach_deg_%":19.8,"p_tot":23870,"psq_pop_15_yrs_plus_%":60.4,"sa2_name_2011":"South Hurstville - Blakehurst","year":"2011","sa2_code_2011":"119031374"},"id":"sa2_nrp_people_2010_2014.fid--2ea3ac96_1631088cc08_483d"},{"type":"Feature","properties":{"psq_bach_deg_%":6.6,"p_tot":23310,"psq_pop_15_yrs_plus_%":52.9,"sa2_name_2011":"Umina - Booker Bay - Patonga","year":"2011","sa2_code_2011":"102011040"},"id":"sa2_nrp_people_2010_2014.fid--2ea3ac96_1631088cc08_483e"},{"type":"Feature","properties":{"psq_bach_deg_%":10.5,"p_tot":8299,"psq_pop_15_yrs_plus_%":56.7,"sa2_name_2011":"Niagara Park - Lisarow","year":"2011","sa2_code_2011":"102011036"},"id":"sa2_nrp_people_2010_2014.fid--2ea3ac96_1631088cc08_483f"},{"type":"Feature","properties":{"psq_bach_deg_%":8.4,"p_tot":11530,"psq_pop_15_yrs_plus_%":53.9,"sa2_name_2011":"Wyoming","year":"2011","sa2_code_2011":"102011043"},"id":"sa2_nrp_people_2010_2014.fid--2ea3ac96_1631088cc08_4840"},{"type":"Feature","properties":{"psq_bach_deg_%":9.4,"p_tot":5216,"psq_pop_15_yrs_plus_%":55.1,"sa2_name_2011":"Tuggerah - Kangy Angy","year":"2011","sa2_code_2011":"102021055"},"id":"sa2_nrp_people_2010_2014.fid--2ea3ac96_1631088cc08_4841"},{"type":"Feature","properties":{"psq_bach_deg_%":26.3,"p_tot":13120,"psq_pop_15_yrs_plus_%":65.3,"sa2_name_2011":"West Pennant Hills","year":"2011","sa2_code_2011":"115011296"},"id":"sa2_nrp_people_2010_2014.fid--2ea3ac96_1631088cc08_4842"},{"type":"Feature","properties":{"psq_bach_deg_%":13.4,"p_tot":23507,"psq_pop_15_yrs_plus_%":54.6,"sa2_name_2011":"Seven Hills - Toongabbie","year":"2011","sa2_code_2011":"116011308"},"id":"sa2_nrp_people_2010_2014.fid--2ea3ac96_1631088cc08_4843"},{"type":"Feature","properties":{"psq_bach_deg_%":19.5,"p_tot":26082,"psq_pop_15_yrs_plus_%":59.6,"sa2_name_2011":"Marrickville","year":"2011","sa2_code_2011":"117021326"},"id":"sa2_nrp_people_2010_2014.fid--2ea3ac96_1631088cc08_4844"},{"type":"Feature","properties":{"psq_bach_deg_%":30.6,"p_tot":19662,"psq_pop_15_yrs_plus_%":69.6,"sa2_name_2011":"Gordon - Killara","year":"2011","sa2_code_2011":"121031407"},"id":"sa2_nrp_people_2010_2014.fid--2ea3ac96_1631088cc08_4845"},{"type":"Feature","properties":{"psq_bach_deg_%":7.7,"p_tot":17438,"psq_pop_15_yrs_plus_%":50.7,"sa2_name_2011":"Jamisontown - South Penrith","year":"2011","sa2_code_2011":"124031461"},"id":"sa2_nrp_people_2010_2014.fid--2ea3ac96_1631088cc08_4846"},{"type":"Feature","properties":{"psq_bach_deg_%":9.5,"p_tot":6780,"psq_pop_15_yrs_plus_%":52.0,"sa2_name_2011":"Mulgoa - Luddenham - Orchard Hills","year":"2011","sa2_code_2011":"124031463"},"id":"sa2_nrp_people_2010_2014.fid--2ea3ac96_1631088cc08_4847"},{"type":"Feature","properties":{"psq_bach_deg_%":28.1,"p_tot":19612,"psq_pop_15_yrs_plus_%":77.9,"sa2_name_2011":"Potts Point - Woolloomooloo","year":"2011","sa2_code_2011":"117031333"},"id":"sa2_nrp_people_2010_2014.fid--2ea3ac96_1631088cc08_4848"},{"type":"Feature","properties":{"psq_bach_deg_%":30.2,"p_tot":25938,"psq_pop_15_yrs_plus_%":74.9,"sa2_name_2011":"Double Bay - Bellevue Hill","year":"2011","sa2_code_2011":"118011343"},"id":"sa2_nrp_people_2010_2014.fid--2ea3ac96_1631088cc08_4849"},{"type":"Feature","properties":{"psq_bach_deg_%":12.2,"p_tot":28732,"psq_pop_15_yrs_plus_%":61.5,"sa2_name_2011":"Engadine - Loftus","year":"2011","sa2_code_2011":"128021532"},"id":"sa2_nrp_people_2010_2014.fid--2ea3ac96_1631088cc08_484a"},{"type":"Feature","properties":{"psq_bach_deg_%":16.9,"p_tot":11232,"psq_pop_15_yrs_plus_%":58.9,"sa2_name_2011":"Illawong - Alfords Point","year":"2011","sa2_code_2011":"128021534"},"id":"sa2_nrp_people_2010_2014.fid--2ea3ac96_1631088cc08_484b"},{"type":"Feature","properties":{"psq_bach_deg_%":25.6,"p_tot":17899,"psq_pop_15_yrs_plus_%":71.4,"sa2_name_2011":"Redfern - Chippendale","year":"2011","sa2_code_2011":"117031335"},"id":"sa2_nrp_people_2010_2014.fid--2ea3ac96_1631088cc08_484c"},{"type":"Feature","properties":{"psq_bach_deg_%":13.9,"p_tot":21820,"psq_pop_15_yrs_plus_%":59.2,"sa2_name_2011":"Menai - Lucas Heights - Woronora","year":"2011","sa2_code_2011":"128021535"},"id":"sa2_nrp_people_2010_2014.fid--2ea3ac96_1631088cc08_484d"},{"type":"Feature","properties":{"psq_bach_deg_%":35.7,"p_tot":18,"psq_pop_15_yrs_plus_%":78.6,"sa2_name_2011":"Royal National Park","year":"2011","sa2_code_2011":"128021537"},"id":"sa2_nrp_people_2010_2014.fid--2ea3ac96_1631088cc08_484e"},{"type":"Feature","properties":{"psq_bach_deg_%":null,"p_tot":5,"psq_pop_15_yrs_plus_%":null,"sa2_name_2011":"Chullora","year":"2011","sa2_code_2011":"119011355"},"id":"sa2_nrp_people_2010_2014.fid--2ea3ac96_1631088cc08_484f"},{"type":"Feature","properties":{"psq_bach_deg_%":28.3,"p_tot":19552,"psq_pop_15_yrs_plus_%":76.0,"sa2_name_2011":"Bondi - Tamarama - Bronte","year":"2011","sa2_code_2011":"118011339"},"id":"sa2_nrp_people_2010_2014.fid--2ea3ac96_1631088cc08_4850"},{"type":"Feature","properties":{"psq_bach_deg_%":29.9,"p_tot":21066,"psq_pop_15_yrs_plus_%":76.5,"sa2_name_2011":"Bondi Beach - North Bondi","year":"2011","sa2_code_2011":"118011340"},"id":"sa2_nrp_people_2010_2014.fid--2ea3ac96_1631088cc08_4851"},{"type":"Feature","properties":{"psq_bach_deg_%":34.1,"p_tot":15461,"psq_pop_15_yrs_plus_%":79.5,"sa2_name_2011":"Paddington - Moore Park","year":"2011","sa2_code_2011":"118011345"},"id":"sa2_nrp_people_2010_2014.fid--2ea3ac96_1631088cc08_4852"},{"type":"Feature","properties":{"psq_bach_deg_%":22.4,"p_tot":28566,"psq_pop_15_yrs_plus_%":60.9,"sa2_name_2011":"Kensington - Kingsford","year":"2011","sa2_code_2011":"118021349"},"id":"sa2_nrp_people_2010_2014.fid--2ea3ac96_1631088cc08_4853"},{"type":"Feature","properties":{"psq_bach_deg_%":11.8,"p_tot":22459,"psq_pop_15_yrs_plus_%":59.5,"sa2_name_2011":"Malabar - La Perouse - Chifley","year":"2011","sa2_code_2011":"118021350"},"id":"sa2_nrp_people_2010_2014.fid--2ea3ac96_1631088cc08_4854"},{"type":"Feature","properties":{"psq_bach_deg_%":20.5,"p_tot":31603,"psq_pop_15_yrs_plus_%":63.9,"sa2_name_2011":"Maroubra","year":"2011","sa2_code_2011":"118021351"},"id":"sa2_nrp_people_2010_2014.fid--2ea3ac96_1631088cc08_4855"},{"type":"Feature","properties":{"psq_bach_deg_%":12.2,"p_tot":32528,"psq_pop_15_yrs_plus_%":49.3,"sa2_name_2011":"Bankstown","year":"2011","sa2_code_2011":"119011353"},"id":"sa2_nrp_people_2010_2014.fid--2ea3ac96_1631088cc08_4856"},{"type":"Feature","properties":{"psq_bach_deg_%":11.2,"p_tot":25074,"psq_pop_15_yrs_plus_%":55.5,"sa2_name_2011":"Panania - Milperra - Picnic Point","year":"2011","sa2_code_2011":"119011359"},"id":"sa2_nrp_people_2010_2014.fid--2ea3ac96_1631088cc08_4857"},{"type":"Feature","properties":{"psq_bach_deg_%":11.4,"p_tot":19649,"psq_pop_15_yrs_plus_%":49.6,"sa2_name_2011":"Belmore - Belfield","year":"2011","sa2_code_2011":"119021362"},"id":"sa2_nrp_people_2010_2014.fid--2ea3ac96_1631088cc08_4858"},{"type":"Feature","properties":{"psq_bach_deg_%":31.4,"p_tot":15743,"psq_pop_15_yrs_plus_%":76.7,"sa2_name_2011":"Balmain","year":"2011","sa2_code_2011":"120021387"},"id":"sa2_nrp_people_2010_2014.fid--2ea3ac96_1631088cc08_4859"},{"type":"Feature","properties":{"psq_bach_deg_%":14.1,"p_tot":23961,"psq_pop_15_yrs_plus_%":52.5,"sa2_name_2011":"Kingsgrove (North) - Earlwood","year":"2011","sa2_code_2011":"119021364"},"id":"sa2_nrp_people_2010_2014.fid--2ea3ac96_1631088cc08_485a"},{"type":"Feature","properties":{"psq_bach_deg_%":8.5,"p_tot":20139,"psq_pop_15_yrs_plus_%":44.5,"sa2_name_2011":"Punchbowl","year":"2011","sa2_code_2011":"119021366"},"id":"sa2_nrp_people_2010_2014.fid--2ea3ac96_1631088cc08_485b"},{"type":"Feature","properties":{"psq_bach_deg_%":18.6,"p_tot":23292,"psq_pop_15_yrs_plus_%":60.6,"sa2_name_2011":"Mortdale - Penshurst","year":"2011","sa2_code_2011":"119031369"},"id":"sa2_nrp_people_2010_2014.fid--2ea3ac96_1631088cc08_485c"},{"type":"Feature","properties":{"psq_bach_deg_%":15.1,"p_tot":26629,"psq_pop_15_yrs_plus_%":56.0,"sa2_name_2011":"Bexley","year":"2011","sa2_code_2011":"119041376"},"id":"sa2_nrp_people_2010_2014.fid--2ea3ac96_1631088cc08_485d"},{"type":"Feature","properties":{"psq_bach_deg_%":17.0,"p_tot":19617,"psq_pop_15_yrs_plus_%":59.8,"sa2_name_2011":"Rockdale - Banksia","year":"2011","sa2_code_2011":"119041381"},"id":"sa2_nrp_people_2010_2014.fid--2ea3ac96_1631088cc08_485e"},{"type":"Feature","properties":{"psq_bach_deg_%":35.5,"p_tot":9807,"psq_pop_15_yrs_plus_%":77.9,"sa2_name_2011":"St Leonards - Naremburn","year":"2011","sa2_code_2011":"121011401"},"id":"sa2_nrp_people_2010_2014.fid--2ea3ac96_1631088cc08_485f"},{"type":"Feature","properties":{"psq_bach_deg_%":13.1,"p_tot":15730,"psq_pop_15_yrs_plus_%":57.0,"sa2_name_2011":"Sans Souci - Ramsgate","year":"2011","sa2_code_2011":"119041382"},"id":"sa2_nrp_people_2010_2014.fid--2ea3ac96_1631088cc08_4860"},{"type":"Feature","properties":{"psq_bach_deg_%":27.8,"p_tot":25992,"psq_pop_15_yrs_plus_%":72.0,"sa2_name_2011":"Leichhardt - Annandale","year":"2011","sa2_code_2011":"120021388"},"id":"sa2_nrp_people_2010_2014.fid--2ea3ac96_1631088cc08_4861"},{"type":"Feature","properties":{"psq_bach_deg_%":9.7,"p_tot":16241,"psq_pop_15_yrs_plus_%":51.1,"sa2_name_2011":"Campbelltown - Woodbine","year":"2011","sa2_code_2011":"123021437"},"id":"sa2_nrp_people_2010_2014.fid--2ea3ac96_1631088cc08_4862"},{"type":"Feature","properties":{"psq_bach_deg_%":7.5,"p_tot":20937,"psq_pop_15_yrs_plus_%":49.1,"sa2_name_2011":"Rosemeadow - Glen Alpine","year":"2011","sa2_code_2011":"123021444"},"id":"sa2_nrp_people_2010_2014.fid--2ea3ac96_1631088cc08_4863"},{"type":"Feature","properties":{"psq_bach_deg_%":7.2,"p_tot":17986,"psq_pop_15_yrs_plus_%":49.8,"sa2_name_2011":"Castlereagh - Cranebrook","year":"2011","sa2_code_2011":"124031458"},"id":"sa2_nrp_people_2010_2014.fid--2ea3ac96_1631088cc08_4864"},{"type":"Feature","properties":{"psq_bach_deg_%":8.8,"p_tot":6896,"psq_pop_15_yrs_plus_%":49.0,"sa2_name_2011":"Erskine Park","year":"2011","sa2_code_2011":"124051469"},"id":"sa2_nrp_people_2010_2014.fid--2ea3ac96_1631088cc08_4865"},{"type":"Feature","properties":{"psq_bach_deg_%":20.6,"p_tot":8016,"psq_pop_15_yrs_plus_%":64.1,"sa2_name_2011":"North Rocks","year":"2011","sa2_code_2011":"125041490"},"id":"sa2_nrp_people_2010_2014.fid--2ea3ac96_1631088cc08_4866"},{"type":"Feature","properties":{"psq_bach_deg_%":16.5,"p_tot":17150,"psq_pop_15_yrs_plus_%":57.5,"sa2_name_2011":"Croydon Park - Enfield","year":"2011","sa2_code_2011":"120031393"},"id":"sa2_nrp_people_2010_2014.fid--2ea3ac96_1631088cc08_4867"},{"type":"Feature","properties":{"psq_bach_deg_%":8.2,"p_tot":17302,"psq_pop_15_yrs_plus_%":44.7,"sa2_name_2011":"Chester Hill - Sefton","year":"2011","sa2_code_2011":"125031479"},"id":"sa2_nrp_people_2010_2014.fid--2ea3ac96_1631088cc08_4868"},{"type":"Feature","properties":{"psq_bach_deg_%":7.5,"p_tot":19144,"psq_pop_15_yrs_plus_%":44.0,"sa2_name_2011":"Guildford - South Granville","year":"2011","sa2_code_2011":"125031483"},"id":"sa2_nrp_people_2010_2014.fid--2ea3ac96_1631088cc08_4869"},{"type":"Feature","properties":{"psq_bach_deg_%":15.0,"p_tot":21532,"psq_pop_15_yrs_plus_%":57.4,"sa2_name_2011":"Toongabbie - Constitution Hill","year":"2011","sa2_code_2011":"125041493"},"id":"sa2_nrp_people_2010_2014.fid--2ea3ac96_1631088cc08_486a"},{"type":"Feature","properties":{"psq_bach_deg_%":17.1,"p_tot":10774,"psq_pop_15_yrs_plus_%":61.8,"sa2_name_2011":"Winston Hills","year":"2011","sa2_code_2011":"125041494"},"id":"sa2_nrp_people_2010_2014.fid--2ea3ac96_1631088cc08_486b"},{"type":"Feature","properties":{"psq_bach_deg_%":6.5,"p_tot":21780,"psq_pop_15_yrs_plus_%":48.1,"sa2_name_2011":"Claymore - Eagle Vale - Raby","year":"2011","sa2_code_2011":"123021438"},"id":"sa2_nrp_people_2010_2014.fid--2ea3ac96_1631088cc08_486c"},{"type":"Feature","properties":{"psq_bach_deg_%":9.1,"p_tot":18197,"psq_pop_15_yrs_plus_%":48.8,"sa2_name_2011":"Minto - St Andrews","year":"2011","sa2_code_2011":"123021443"},"id":"sa2_nrp_people_2010_2014.fid--2ea3ac96_1631088cc08_486d"},{"type":"Feature","properties":{"psq_bach_deg_%":11.5,"p_tot":21583,"psq_pop_15_yrs_plus_%":54.4,"sa2_name_2011":"Glenmore Park - Regentville","year":"2011","sa2_code_2011":"124031460"},"id":"sa2_nrp_people_2010_2014.fid--2ea3ac96_1631088cc08_486e"},{"type":"Feature","properties":{"psq_bach_deg_%":15.0,"p_tot":19881,"psq_pop_15_yrs_plus_%":56.4,"sa2_name_2011":"Ermington - Rydalmere","year":"2011","sa2_code_2011":"125021477"},"id":"sa2_nrp_people_2010_2014.fid--2ea3ac96_1631088cc08_486f"},{"type":"Feature","properties":{"psq_bach_deg_%":8.3,"p_tot":17662,"psq_pop_15_yrs_plus_%":39.4,"sa2_name_2011":"Fairfield","year":"2011","sa2_code_2011":"127021515"},"id":"sa2_nrp_people_2010_2014.fid--2ea3ac96_1631088cc08_4870"},{"type":"Feature","properties":{"psq_bach_deg_%":7.2,"p_tot":18146,"psq_pop_15_yrs_plus_%":38.7,"sa2_name_2011":"Fairfield - West","year":"2011","sa2_code_2011":"127021516"},"id":"sa2_nrp_people_2010_2014.fid--2ea3ac96_1631088cc08_4871"},{"type":"Feature","properties":{"psq_bach_deg_%":8.1,"p_tot":15943,"psq_pop_15_yrs_plus_%":38.9,"sa2_name_2011":"Bonnyrigg Heights - Bonnyrigg","year":"2011","sa2_code_2011":"127021509"},"id":"sa2_nrp_people_2010_2014.fid--2ea3ac96_1631088cc08_4872"},{"type":"Feature","properties":{"psq_bach_deg_%":6.2,"p_tot":16484,"psq_pop_15_yrs_plus_%":38.4,"sa2_name_2011":"Cabramatta West - Mount Pritchard","year":"2011","sa2_code_2011":"127021512"},"id":"sa2_nrp_people_2010_2014.fid--2ea3ac96_1631088cc08_4873"},{"type":"Feature","properties":{"psq_bach_deg_%":9.3,"p_tot":8104,"psq_pop_15_yrs_plus_%":42.0,"sa2_name_2011":"Greenfield Park - Prairiewood","year":"2011","sa2_code_2011":"127021517"},"id":"sa2_nrp_people_2010_2014.fid--2ea3ac96_1631088cc08_4874"},{"type":"Feature","properties":{"psq_bach_deg_%":15.4,"p_tot":30900,"psq_pop_15_yrs_plus_%":64.5,"sa2_name_2011":"Cronulla - Kurnell - Bundeena","year":"2011","sa2_code_2011":"128011528"},"id":"sa2_nrp_people_2010_2014.fid--2ea3ac96_1631088cc08_4875"}]}