{"type":"FeatureCollection","bbox":[0.0,0.0,-1.0,-1.0],"features":[{"type":"Feature","properties":{"area_code":102011028,"area_name":"Avoca Beach - Copacabana","hg_choles_me_2_rate_3_11_7_13":34.2154009570303},"id":"sa2_chronicdisease_modelledestimate.102011028"},{"type":"Feature","properties":{"area_code":102011029,"area_name":"Box Head - MacMasters Beach","hg_choles_me_2_rate_3_11_7_13":34.2154009570303},"id":"sa2_chronicdisease_modelledestimate.102011029"},{"type":"Feature","properties":{"area_code":102011030,"area_name":"Calga - Kulnura","hg_choles_me_2_rate_3_11_7_13":31.4608221509681},"id":"sa2_chronicdisease_modelledestimate.102011030"},{"type":"Feature","properties":{"area_code":102011031,"area_name":"Erina - Green Point","hg_choles_me_2_rate_3_11_7_13":33.8212817646924},"id":"sa2_chronicdisease_modelledestimate.102011031"},{"type":"Feature","properties":{"area_code":102011032,"area_name":"Gosford - Springfield","hg_choles_me_2_rate_3_11_7_13":35.9458797117243},"id":"sa2_chronicdisease_modelledestimate.102011032"},{"type":"Feature","properties":{"area_code":102011033,"area_name":"Kariong","hg_choles_me_2_rate_3_11_7_13":34.0588094589378},"id":"sa2_chronicdisease_modelledestimate.102011033"},{"type":"Feature","properties":{"area_code":102011034,"area_name":"Kincumber - Picketts Valley","hg_choles_me_2_rate_3_11_7_13":33.8212817646924},"id":"sa2_chronicdisease_modelledestimate.102011034"},{"type":"Feature","properties":{"area_code":102011035,"area_name":"Narara","hg_choles_me_2_rate_3_11_7_13":31.4608221509681},"id":"sa2_chronicdisease_modelledestimate.102011035"},{"type":"Feature","properties":{"area_code":102011038,"area_name":"Saratoga - Davistown","hg_choles_me_2_rate_3_11_7_13":33.8212817646924},"id":"sa2_chronicdisease_modelledestimate.102011038"},{"type":"Feature","properties":{"area_code":102011039,"area_name":"Terrigal - North Avoca","hg_choles_me_2_rate_3_11_7_13":33.116158728681},"id":"sa2_chronicdisease_modelledestimate.102011039"},{"type":"Feature","properties":{"area_code":102011040,"area_name":"Umina - Booker Bay - Patonga","hg_choles_me_2_rate_3_11_7_13":31.8272974279799},"id":"sa2_chronicdisease_modelledestimate.102011040"},{"type":"Feature","properties":{"area_code":102011041,"area_name":"Wamberal - Forresters Beach","hg_choles_me_2_rate_3_11_7_13":33.116158728681},"id":"sa2_chronicdisease_modelledestimate.102011041"},{"type":"Feature","properties":{"area_code":102011042,"area_name":"Woy Woy - Blackwall","hg_choles_me_2_rate_3_11_7_13":31.8272974279799},"id":"sa2_chronicdisease_modelledestimate.102011042"},{"type":"Feature","properties":{"area_code":102011043,"area_name":"Wyoming","hg_choles_me_2_rate_3_11_7_13":35.9458797117243},"id":"sa2_chronicdisease_modelledestimate.102011043"},{"type":"Feature","properties":{"area_code":102021044,"area_name":"Bateau Bay - Killarney Vale","hg_choles_me_2_rate_3_11_7_13":33.4565616537441},"id":"sa2_chronicdisease_modelledestimate.102021044"},{"type":"Feature","properties":{"area_code":102021045,"area_name":"Blue Haven - San Remo","hg_choles_me_2_rate_3_11_7_13":31.5884029617974},"id":"sa2_chronicdisease_modelledestimate.102021045"},{"type":"Feature","properties":{"area_code":102021046,"area_name":"Budgewoi - Buff Point - Halekulani","hg_choles_me_2_rate_3_11_7_13":32.3446250497153},"id":"sa2_chronicdisease_modelledestimate.102021046"},{"type":"Feature","properties":{"area_code":102011036,"area_name":"Niagara Park - Lisarow","hg_choles_me_2_rate_3_11_7_13":31.4608221509681},"id":"sa2_chronicdisease_modelledestimate.102011036"},{"type":"Feature","properties":{"area_code":102011037,"area_name":"Point Clare - Koolewong","hg_choles_me_2_rate_3_11_7_13":34.0588094589378},"id":"sa2_chronicdisease_modelledestimate.102011037"},{"type":"Feature","properties":{"area_code":102021047,"area_name":"Chittaway Bay - Tumbi Umbi","hg_choles_me_2_rate_3_11_7_13":32.0019594650306},"id":"sa2_chronicdisease_modelledestimate.102021047"},{"type":"Feature","properties":{"area_code":102021048,"area_name":"Gorokan - Kanwal - Charmhaven","hg_choles_me_2_rate_3_11_7_13":32.3764693910301},"id":"sa2_chronicdisease_modelledestimate.102021048"},{"type":"Feature","properties":{"area_code":102021049,"area_name":"Jilliby - Yarramalong","hg_choles_me_2_rate_3_11_7_13":31.2859962776622},"id":"sa2_chronicdisease_modelledestimate.102021049"},{"type":"Feature","properties":{"area_code":102021050,"area_name":"Lake Munmorah - Mannering Park","hg_choles_me_2_rate_3_11_7_13":31.5884029617974},"id":"sa2_chronicdisease_modelledestimate.102021050"},{"type":"Feature","properties":{"area_code":102021051,"area_name":"Ourimbah - Fountaindale","hg_choles_me_2_rate_3_11_7_13":31.2859962776622},"id":"sa2_chronicdisease_modelledestimate.102021051"},{"type":"Feature","properties":{"area_code":102021052,"area_name":"Summerland Point - Gwandalan","hg_choles_me_2_rate_3_11_7_13":31.5884029617974},"id":"sa2_chronicdisease_modelledestimate.102021052"},{"type":"Feature","properties":{"area_code":102021053,"area_name":"The Entrance","hg_choles_me_2_rate_3_11_7_13":33.4565616537441},"id":"sa2_chronicdisease_modelledestimate.102021053"},{"type":"Feature","properties":{"area_code":102021054,"area_name":"Toukley - Norah Head","hg_choles_me_2_rate_3_11_7_13":32.3446250497153},"id":"sa2_chronicdisease_modelledestimate.102021054"},{"type":"Feature","properties":{"area_code":102021055,"area_name":"Tuggerah - Kangy Angy","hg_choles_me_2_rate_3_11_7_13":32.0019594650306},"id":"sa2_chronicdisease_modelledestimate.102021055"},{"type":"Feature","properties":{"area_code":102021057,"area_name":"Wyong","hg_choles_me_2_rate_3_11_7_13":31.6880859818038},"id":"sa2_chronicdisease_modelledestimate.102021057"},{"type":"Feature","properties":{"area_code":102021056,"area_name":"Warnervale - Wadalba","hg_choles_me_2_rate_3_11_7_13":31.2859962776622},"id":"sa2_chronicdisease_modelledestimate.102021056"},{"type":"Feature","properties":{"area_code":115011293,"area_name":"Cherrybrook","hg_choles_me_2_rate_3_11_7_13":31.9459883805185},"id":"sa2_chronicdisease_modelledestimate.115011293"},{"type":"Feature","properties":{"area_code":115011294,"area_name":"Glenhaven","hg_choles_me_2_rate_3_11_7_13":32.632209397598},"id":"sa2_chronicdisease_modelledestimate.115011294"},{"type":"Feature","properties":{"area_code":115011295,"area_name":"Kellyville","hg_choles_me_2_rate_3_11_7_13":31.4096315833089},"id":"sa2_chronicdisease_modelledestimate.115011295"},{"type":"Feature","properties":{"area_code":126021499,"area_name":"Hunters Hill - Woolwich","hg_choles_me_2_rate_3_11_7_13":32.3547398962964},"id":"sa2_chronicdisease_modelledestimate.126021499"},{"type":"Feature","properties":{"area_code":126021500,"area_name":"Macquarie Park - Marsfield","hg_choles_me_2_rate_3_11_7_13":33.0915975075527},"id":"sa2_chronicdisease_modelledestimate.126021500"},{"type":"Feature","properties":{"area_code":115031300,"area_name":"Kurrajong Heights - Ebenezer","hg_choles_me_2_rate_3_11_7_13":31.9173362974662},"id":"sa2_chronicdisease_modelledestimate.115031300"},{"type":"Feature","properties":{"area_code":115041301,"area_name":"Pitt Town - McGraths Hill","hg_choles_me_2_rate_3_11_7_13":32.0562509113042},"id":"sa2_chronicdisease_modelledestimate.115041301"},{"type":"Feature","properties":{"area_code":115041302,"area_name":"Rouse Hill - Beaumont Hills","hg_choles_me_2_rate_3_11_7_13":32.0562509113042},"id":"sa2_chronicdisease_modelledestimate.115041302"},{"type":"Feature","properties":{"area_code":115011290,"area_name":"Baulkham Hills (East)","hg_choles_me_2_rate_3_11_7_13":33.1770731399722},"id":"sa2_chronicdisease_modelledestimate.115011290"},{"type":"Feature","properties":{"area_code":116031316,"area_name":"Lethbridge Park - Tregear","hg_choles_me_2_rate_3_11_7_13":31.0329099938458},"id":"sa2_chronicdisease_modelledestimate.116031316"},{"type":"Feature","properties":{"area_code":115011291,"area_name":"Baulkham Hills (West) - Bella Vista","hg_choles_me_2_rate_3_11_7_13":33.1770731399722},"id":"sa2_chronicdisease_modelledestimate.115011291"},{"type":"Feature","properties":{"area_code":115011292,"area_name":"Castle Hill","hg_choles_me_2_rate_3_11_7_13":32.632209397598},"id":"sa2_chronicdisease_modelledestimate.115011292"},{"type":"Feature","properties":{"area_code":115011296,"area_name":"West Pennant Hills","hg_choles_me_2_rate_3_11_7_13":31.9459883805185},"id":"sa2_chronicdisease_modelledestimate.115011296"},{"type":"Feature","properties":{"area_code":115021297,"area_name":"Dural - Kenthurst - Wisemans Ferry","hg_choles_me_2_rate_3_11_7_13":32.6509694477761},"id":"sa2_chronicdisease_modelledestimate.115021297"},{"type":"Feature","properties":{"area_code":115021298,"area_name":"Galston - Laughtondale","hg_choles_me_2_rate_3_11_7_13":32.6509694477761},"id":"sa2_chronicdisease_modelledestimate.115021298"},{"type":"Feature","properties":{"area_code":115031299,"area_name":"Bilpin - Colo - St Albans","hg_choles_me_2_rate_3_11_7_13":31.9173362974662},"id":"sa2_chronicdisease_modelledestimate.115031299"},{"type":"Feature","properties":{"area_code":116011304,"area_name":"Blacktown (North) - Marayong","hg_choles_me_2_rate_3_11_7_13":31.1040935221219},"id":"sa2_chronicdisease_modelledestimate.116011304"},{"type":"Feature","properties":{"area_code":116011303,"area_name":"Blacktown (East) - Kings Park","hg_choles_me_2_rate_3_11_7_13":31.1758978393517},"id":"sa2_chronicdisease_modelledestimate.116011303"},{"type":"Feature","properties":{"area_code":116031319,"area_name":"Rooty Hill - Minchinbury","hg_choles_me_2_rate_3_11_7_13":31.1553559036774},"id":"sa2_chronicdisease_modelledestimate.116031319"},{"type":"Feature","properties":{"area_code":116011305,"area_name":"Blacktown (South)","hg_choles_me_2_rate_3_11_7_13":31.1758978393517},"id":"sa2_chronicdisease_modelledestimate.116011305"},{"type":"Feature","properties":{"area_code":116011306,"area_name":"Doonside - Woodcroft","hg_choles_me_2_rate_3_11_7_13":31.1040935221219},"id":"sa2_chronicdisease_modelledestimate.116011306"},{"type":"Feature","properties":{"area_code":116011307,"area_name":"Lalor Park - Kings Langley","hg_choles_me_2_rate_3_11_7_13":31.6971137697265},"id":"sa2_chronicdisease_modelledestimate.116011307"},{"type":"Feature","properties":{"area_code":126021501,"area_name":"North Ryde - East Ryde","hg_choles_me_2_rate_3_11_7_13":31.3554733204746},"id":"sa2_chronicdisease_modelledestimate.126021501"},{"type":"Feature","properties":{"area_code":126021502,"area_name":"Ryde - Putney","hg_choles_me_2_rate_3_11_7_13":31.3554733204746},"id":"sa2_chronicdisease_modelledestimate.126021502"},{"type":"Feature","properties":{"area_code":116011308,"area_name":"Seven Hills - Toongabbie","hg_choles_me_2_rate_3_11_7_13":31.6971137697265},"id":"sa2_chronicdisease_modelledestimate.116011308"},{"type":"Feature","properties":{"area_code":126021503,"area_name":"West Ryde - Meadowbank","hg_choles_me_2_rate_3_11_7_13":31.1814631589563},"id":"sa2_chronicdisease_modelledestimate.126021503"},{"type":"Feature","properties":{"area_code":127011504,"area_name":"Ashcroft - Busby - Miller","hg_choles_me_2_rate_3_11_7_13":30.7508116527254},"id":"sa2_chronicdisease_modelledestimate.127011504"},{"type":"Feature","properties":{"area_code":127011505,"area_name":"Badgerys Creek - Greendale","hg_choles_me_2_rate_3_11_7_13":31.5520478014753},"id":"sa2_chronicdisease_modelledestimate.127011505"},{"type":"Feature","properties":{"area_code":127011506,"area_name":"Cobbitty - Leppington","hg_choles_me_2_rate_3_11_7_13":31.4150927231233},"id":"sa2_chronicdisease_modelledestimate.127011506"},{"type":"Feature","properties":{"area_code":116021309,"area_name":"Glenwood","hg_choles_me_2_rate_3_11_7_13":31.4032948138319},"id":"sa2_chronicdisease_modelledestimate.116021309"},{"type":"Feature","properties":{"area_code":116021310,"area_name":"Parklea - Kellyville Ridge","hg_choles_me_2_rate_3_11_7_13":31.4032948138319},"id":"sa2_chronicdisease_modelledestimate.116021310"},{"type":"Feature","properties":{"area_code":116021311,"area_name":"Quakers Hill - Acacia Gardens","hg_choles_me_2_rate_3_11_7_13":31.3421888085778},"id":"sa2_chronicdisease_modelledestimate.116021311"},{"type":"Feature","properties":{"area_code":116021312,"area_name":"Riverstone - Marsden Park","hg_choles_me_2_rate_3_11_7_13":31.6197623640225},"id":"sa2_chronicdisease_modelledestimate.116021312"},{"type":"Feature","properties":{"area_code":116031313,"area_name":"Bidwill - Hebersham - Emerton","hg_choles_me_2_rate_3_11_7_13":31.0329099938458},"id":"sa2_chronicdisease_modelledestimate.116031313"},{"type":"Feature","properties":{"area_code":116031314,"area_name":"Glendenning Dean Park","hg_choles_me_2_rate_3_11_7_13":31.2548477501382},"id":"sa2_chronicdisease_modelledestimate.116031314"},{"type":"Feature","properties":{"area_code":124031458,"area_name":"Castlereagh - Cranebrook","hg_choles_me_2_rate_3_11_7_13":31.6579648520424},"id":"sa2_chronicdisease_modelledestimate.124031458"},{"type":"Feature","properties":{"area_code":124031459,"area_name":"Emu Plains - Leonay","hg_choles_me_2_rate_3_11_7_13":32.1972038684356},"id":"sa2_chronicdisease_modelledestimate.124031459"},{"type":"Feature","properties":{"area_code":124051471,"area_name":"St Marys - Colyton","hg_choles_me_2_rate_3_11_7_13":31.3089360307898},"id":"sa2_chronicdisease_modelledestimate.124051471"},{"type":"Feature","properties":{"area_code":125011472,"area_name":"Auburn","hg_choles_me_2_rate_3_11_7_13":30.7317635330456},"id":"sa2_chronicdisease_modelledestimate.125011472"},{"type":"Feature","properties":{"area_code":125011473,"area_name":"Homebush Bay - Silverwater","hg_choles_me_2_rate_3_11_7_13":30.6416836541652},"id":"sa2_chronicdisease_modelledestimate.125011473"},{"type":"Feature","properties":{"area_code":127021511,"area_name":"Cabramatta - Lansvale","hg_choles_me_2_rate_3_11_7_13":30.7369458426727},"id":"sa2_chronicdisease_modelledestimate.127021511"},{"type":"Feature","properties":{"area_code":116031315,"area_name":"Hassall Grove - Plumpton","hg_choles_me_2_rate_3_11_7_13":31.2548477501382},"id":"sa2_chronicdisease_modelledestimate.116031315"},{"type":"Feature","properties":{"area_code":117011320,"area_name":"Banksmeadow","hg_choles_me_2_rate_3_11_7_13":31.5220714427002},"id":"sa2_chronicdisease_modelledestimate.117011320"},{"type":"Feature","properties":{"area_code":116031317,"area_name":"Mount Druitt - Whalan","hg_choles_me_2_rate_3_11_7_13":31.092702466492},"id":"sa2_chronicdisease_modelledestimate.116031317"},{"type":"Feature","properties":{"area_code":116031318,"area_name":"Prospect Reservoir","hg_choles_me_2_rate_3_11_7_13":31.1553559036774},"id":"sa2_chronicdisease_modelledestimate.116031318"},{"type":"Feature","properties":{"area_code":124031461,"area_name":"Jamisontown - South Penrith","hg_choles_me_2_rate_3_11_7_13":32.1972038684356},"id":"sa2_chronicdisease_modelledestimate.124031461"},{"type":"Feature","properties":{"area_code":127021520,"area_name":"St Johns Park - Wakeley","hg_choles_me_2_rate_3_11_7_13":30.727971932037},"id":"sa2_chronicdisease_modelledestimate.127021520"},{"type":"Feature","properties":{"area_code":117011321,"area_name":"Botany","hg_choles_me_2_rate_3_11_7_13":31.5220714427002},"id":"sa2_chronicdisease_modelledestimate.117011321"},{"type":"Feature","properties":{"area_code":124031462,"area_name":"Kingswood - Werrington","hg_choles_me_2_rate_3_11_7_13":32.1670537518825},"id":"sa2_chronicdisease_modelledestimate.124031462"},{"type":"Feature","properties":{"area_code":124031463,"area_name":"Mulgoa - Luddenham - Orchard Hills","hg_choles_me_2_rate_3_11_7_13":31.3394784933199},"id":"sa2_chronicdisease_modelledestimate.124031463"},{"type":"Feature","properties":{"area_code":117011322,"area_name":"Mascot - Eastlakes","hg_choles_me_2_rate_3_11_7_13":31.3050085157053},"id":"sa2_chronicdisease_modelledestimate.117011322"},{"type":"Feature","properties":{"area_code":117011323,"area_name":"Pagewood - Hillsdale - Daceyville","hg_choles_me_2_rate_3_11_7_13":31.3050085157053},"id":"sa2_chronicdisease_modelledestimate.117011323"},{"type":"Feature","properties":{"area_code":127021521,"area_name":"Wetherill Park Industrial","hg_choles_me_2_rate_3_11_7_13":30.8339289300102},"id":"sa2_chronicdisease_modelledestimate.127021521"},{"type":"Feature","properties":{"area_code":117011324,"area_name":"Port Botany Industrial","hg_choles_me_2_rate_3_11_7_13":31.5220714427002},"id":"sa2_chronicdisease_modelledestimate.117011324"},{"type":"Feature","properties":{"area_code":117021327,"area_name":"Petersham - Stanmore","hg_choles_me_2_rate_3_11_7_13":30.4849659935919},"id":"sa2_chronicdisease_modelledestimate.117021327"},{"type":"Feature","properties":{"area_code":117011325,"area_name":"Sydney Airport","hg_choles_me_2_rate_3_11_7_13":31.5220714427002},"id":"sa2_chronicdisease_modelledestimate.117011325"},{"type":"Feature","properties":{"area_code":128011527,"area_name":"Caringbah - Lilli Pilli","hg_choles_me_2_rate_3_11_7_13":32.2826339876068},"id":"sa2_chronicdisease_modelledestimate.128011527"},{"type":"Feature","properties":{"area_code":117021326,"area_name":"Marrickville","hg_choles_me_2_rate_3_11_7_13":31.0901525333304},"id":"sa2_chronicdisease_modelledestimate.117021326"},{"type":"Feature","properties":{"area_code":117031336,"area_name":"Surry Hills","hg_choles_me_2_rate_3_11_7_13":33.7675951864076},"id":"sa2_chronicdisease_modelledestimate.117031336"},{"type":"Feature","properties":{"area_code":117031337,"area_name":"Sydney - Haymarket - The Rocks","hg_choles_me_2_rate_3_11_7_13":34.6873592613533},"id":"sa2_chronicdisease_modelledestimate.117031337"},{"type":"Feature","properties":{"area_code":117021328,"area_name":"Sydenham - Tempe - St Peters","hg_choles_me_2_rate_3_11_7_13":31.0555106838236},"id":"sa2_chronicdisease_modelledestimate.117021328"},{"type":"Feature","properties":{"area_code":117031329,"area_name":"Darlinghurst","hg_choles_me_2_rate_3_11_7_13":33.7675951864076},"id":"sa2_chronicdisease_modelledestimate.117031329"},{"type":"Feature","properties":{"area_code":118011344,"area_name":"Dover Heights","hg_choles_me_2_rate_3_11_7_13":31.6356455059788},"id":"sa2_chronicdisease_modelledestimate.118011344"},{"type":"Feature","properties":{"area_code":128011528,"area_name":"Cronulla - Kurnell - Bundeena","hg_choles_me_2_rate_3_11_7_13":36.1620806733101},"id":"sa2_chronicdisease_modelledestimate.128011528"},{"type":"Feature","properties":{"area_code":128011529,"area_name":"Gymea - Grays Point","hg_choles_me_2_rate_3_11_7_13":34.3504240109744},"id":"sa2_chronicdisease_modelledestimate.128011529"},{"type":"Feature","properties":{"area_code":117031330,"area_name":"Erskineville - Alexandria","hg_choles_me_2_rate_3_11_7_13":32.6628524928527},"id":"sa2_chronicdisease_modelledestimate.117031330"},{"type":"Feature","properties":{"area_code":128011530,"area_name":"Miranda - Yowie Bay","hg_choles_me_2_rate_3_11_7_13":34.3504240109744},"id":"sa2_chronicdisease_modelledestimate.128011530"},{"type":"Feature","properties":{"area_code":128011531,"area_name":"Sylvania - Taren Point","hg_choles_me_2_rate_3_11_7_13":34.3504240109744},"id":"sa2_chronicdisease_modelledestimate.128011531"},{"type":"Feature","properties":{"area_code":128021532,"area_name":"Engadine - Loftus","hg_choles_me_2_rate_3_11_7_13":35.1935732650682},"id":"sa2_chronicdisease_modelledestimate.128021532"},{"type":"Feature","properties":{"area_code":128021533,"area_name":"Heathcote - Waterfall","hg_choles_me_2_rate_3_11_7_13":35.1935732650682},"id":"sa2_chronicdisease_modelledestimate.128021533"},{"type":"Feature","properties":{"area_code":128021534,"area_name":"Illawong - Alfords Point","hg_choles_me_2_rate_3_11_7_13":32.0150726477176},"id":"sa2_chronicdisease_modelledestimate.128021534"},{"type":"Feature","properties":{"area_code":128021535,"area_name":"Menai - Lucas Heights - Woronora","hg_choles_me_2_rate_3_11_7_13":32.0150726477176},"id":"sa2_chronicdisease_modelledestimate.128021535"},{"type":"Feature","properties":{"area_code":128021536,"area_name":"Oyster Bay - Como - Jannali","hg_choles_me_2_rate_3_11_7_13":36.2732720843664},"id":"sa2_chronicdisease_modelledestimate.128021536"},{"type":"Feature","properties":{"area_code":128021537,"area_name":"Royal National Park","hg_choles_me_2_rate_3_11_7_13":35.1935732650682},"id":"sa2_chronicdisease_modelledestimate.128021537"},{"type":"Feature","properties":{"area_code":128021538,"area_name":"Sutherland - Kirrawee","hg_choles_me_2_rate_3_11_7_13":36.2732720843664},"id":"sa2_chronicdisease_modelledestimate.128021538"},{"type":"Feature","properties":{"area_code":117031331,"area_name":"Glebe - Forest Lodge","hg_choles_me_2_rate_3_11_7_13":31.1933941063117},"id":"sa2_chronicdisease_modelledestimate.117031331"},{"type":"Feature","properties":{"area_code":117031332,"area_name":"Newtown - Camperdown - Darlington","hg_choles_me_2_rate_3_11_7_13":32.6628524928527},"id":"sa2_chronicdisease_modelledestimate.117031332"},{"type":"Feature","properties":{"area_code":117031333,"area_name":"Potts Point - Woolloomooloo","hg_choles_me_2_rate_3_11_7_13":33.7675951864076},"id":"sa2_chronicdisease_modelledestimate.117031333"},{"type":"Feature","properties":{"area_code":117031334,"area_name":"Pyrmont - Ultimo","hg_choles_me_2_rate_3_11_7_13":31.1933941063117},"id":"sa2_chronicdisease_modelledestimate.117031334"},{"type":"Feature","properties":{"area_code":117031335,"area_name":"Redfern - Chippendale","hg_choles_me_2_rate_3_11_7_13":31.1100798524313},"id":"sa2_chronicdisease_modelledestimate.117031335"},{"type":"Feature","properties":{"area_code":117031338,"area_name":"Waterloo - Beaconsfield","hg_choles_me_2_rate_3_11_7_13":31.1100798524313},"id":"sa2_chronicdisease_modelledestimate.117031338"},{"type":"Feature","properties":{"area_code":119031368,"area_name":"Hurstville","hg_choles_me_2_rate_3_11_7_13":31.4676534510193},"id":"sa2_chronicdisease_modelledestimate.119031368"},{"type":"Feature","properties":{"area_code":118011339,"area_name":"Bondi - Tamarama - Bronte","hg_choles_me_2_rate_3_11_7_13":31.5224083615174},"id":"sa2_chronicdisease_modelledestimate.118011339"},{"type":"Feature","properties":{"area_code":119031369,"area_name":"Mortdale - Penshurst","hg_choles_me_2_rate_3_11_7_13":31.5758490381214},"id":"sa2_chronicdisease_modelledestimate.119031369"},{"type":"Feature","properties":{"area_code":118011340,"area_name":"Bondi Beach - North Bondi","hg_choles_me_2_rate_3_11_7_13":31.5224083615174},"id":"sa2_chronicdisease_modelledestimate.118011340"},{"type":"Feature","properties":{"area_code":118011341,"area_name":"Bondi Junction - Waverly","hg_choles_me_2_rate_3_11_7_13":32.9063824665056},"id":"sa2_chronicdisease_modelledestimate.118011341"},{"type":"Feature","properties":{"area_code":118011342,"area_name":"Centennial Park","hg_choles_me_2_rate_3_11_7_13":32.9063824665056},"id":"sa2_chronicdisease_modelledestimate.118011342"},{"type":"Feature","properties":{"area_code":118011343,"area_name":"Double Bay - Bellevue Hill","hg_choles_me_2_rate_3_11_7_13":35.0643020790708},"id":"sa2_chronicdisease_modelledestimate.118011343"},{"type":"Feature","properties":{"area_code":118011345,"area_name":"Paddington - Moore Park","hg_choles_me_2_rate_3_11_7_13":35.0643020790708},"id":"sa2_chronicdisease_modelledestimate.118011345"},{"type":"Feature","properties":{"area_code":118011346,"area_name":"Rose Bay - Vaucluse - Watsons Bay","hg_choles_me_2_rate_3_11_7_13":31.6356455059788},"id":"sa2_chronicdisease_modelledestimate.118011346"},{"type":"Feature","properties":{"area_code":118011347,"area_name":"Woollahra","hg_choles_me_2_rate_3_11_7_13":32.9063824665056},"id":"sa2_chronicdisease_modelledestimate.118011347"},{"type":"Feature","properties":{"area_code":118021348,"area_name":"Coogee - Clovelly","hg_choles_me_2_rate_3_11_7_13":32.1289870649187},"id":"sa2_chronicdisease_modelledestimate.118021348"},{"type":"Feature","properties":{"area_code":118021349,"area_name":"Kensington - Kingsford","hg_choles_me_2_rate_3_11_7_13":33.0285925742988},"id":"sa2_chronicdisease_modelledestimate.118021349"},{"type":"Feature","properties":{"area_code":118021350,"area_name":"Malabar - La Perouse - Chifley","hg_choles_me_2_rate_3_11_7_13":31.4129192172617},"id":"sa2_chronicdisease_modelledestimate.118021350"},{"type":"Feature","properties":{"area_code":118021351,"area_name":"Maroubra","hg_choles_me_2_rate_3_11_7_13":31.4129192172617},"id":"sa2_chronicdisease_modelledestimate.118021351"},{"type":"Feature","properties":{"area_code":118021352,"area_name":"Randwick","hg_choles_me_2_rate_3_11_7_13":31.727218505724},"id":"sa2_chronicdisease_modelledestimate.118021352"},{"type":"Feature","properties":{"area_code":119011353,"area_name":"Bankstown","hg_choles_me_2_rate_3_11_7_13":31.1321515714857},"id":"sa2_chronicdisease_modelledestimate.119011353"},{"type":"Feature","properties":{"area_code":119011354,"area_name":"Bass Hill - Georges Hall","hg_choles_me_2_rate_3_11_7_13":31.1775915148592},"id":"sa2_chronicdisease_modelledestimate.119011354"},{"type":"Feature","properties":{"area_code":119011355,"area_name":"Chullora","hg_choles_me_2_rate_3_11_7_13":31.0585026923024},"id":"sa2_chronicdisease_modelledestimate.119011355"},{"type":"Feature","properties":{"area_code":119031370,"area_name":"Narwee - Beverly Hills","hg_choles_me_2_rate_3_11_7_13":31.4676534510193},"id":"sa2_chronicdisease_modelledestimate.119031370"},{"type":"Feature","properties":{"area_code":119011356,"area_name":"Condell Park","hg_choles_me_2_rate_3_11_7_13":31.1775915148592},"id":"sa2_chronicdisease_modelledestimate.119011356"},{"type":"Feature","properties":{"area_code":119031371,"area_name":"Oatley - Hurstville Grove","hg_choles_me_2_rate_3_11_7_13":31.9165270733284},"id":"sa2_chronicdisease_modelledestimate.119031371"},{"type":"Feature","properties":{"area_code":119031372,"area_name":"Peakhurst - Lugarno","hg_choles_me_2_rate_3_11_7_13":31.5758490381214},"id":"sa2_chronicdisease_modelledestimate.119031372"},{"type":"Feature","properties":{"area_code":119011357,"area_name":"Greenacre - Mount Lewis","hg_choles_me_2_rate_3_11_7_13":31.0585026923024},"id":"sa2_chronicdisease_modelledestimate.119011357"},{"type":"Feature","properties":{"area_code":119011358,"area_name":"Padstow","hg_choles_me_2_rate_3_11_7_13":31.9366898836584},"id":"sa2_chronicdisease_modelledestimate.119011358"},{"type":"Feature","properties":{"area_code":119011359,"area_name":"Panania - Milperra - Picnic Point","hg_choles_me_2_rate_3_11_7_13":31.421768775903},"id":"sa2_chronicdisease_modelledestimate.119011359"},{"type":"Feature","properties":{"area_code":119011360,"area_name":"Revesby","hg_choles_me_2_rate_3_11_7_13":31.8532314736201},"id":"sa2_chronicdisease_modelledestimate.119011360"},{"type":"Feature","properties":{"area_code":119011361,"area_name":"Yagoona - Birrong","hg_choles_me_2_rate_3_11_7_13":31.0585026923024},"id":"sa2_chronicdisease_modelledestimate.119011361"},{"type":"Feature","properties":{"area_code":119021362,"area_name":"Belmore - Belfield","hg_choles_me_2_rate_3_11_7_13":30.7864332441893},"id":"sa2_chronicdisease_modelledestimate.119021362"},{"type":"Feature","properties":{"area_code":119021363,"area_name":"Canterbury (South) - Campsie","hg_choles_me_2_rate_3_11_7_13":30.7864332441893},"id":"sa2_chronicdisease_modelledestimate.119021363"},{"type":"Feature","properties":{"area_code":119021364,"area_name":"Kingsgrove (North) - Earlwood","hg_choles_me_2_rate_3_11_7_13":31.7061900789538},"id":"sa2_chronicdisease_modelledestimate.119021364"},{"type":"Feature","properties":{"area_code":119021365,"area_name":"Lakemba - Wiley Park","hg_choles_me_2_rate_3_11_7_13":31.0772915947996},"id":"sa2_chronicdisease_modelledestimate.119021365"},{"type":"Feature","properties":{"area_code":119041378,"area_name":"Kogarah","hg_choles_me_2_rate_3_11_7_13":31.2817995338841},"id":"sa2_chronicdisease_modelledestimate.119041378"},{"type":"Feature","properties":{"area_code":119021366,"area_name":"Punchbowl","hg_choles_me_2_rate_3_11_7_13":31.0772915947996},"id":"sa2_chronicdisease_modelledestimate.119021366"},{"type":"Feature","properties":{"area_code":119021367,"area_name":"Roselands","hg_choles_me_2_rate_3_11_7_13":31.3788972245537},"id":"sa2_chronicdisease_modelledestimate.119021367"},{"type":"Feature","properties":{"area_code":125031479,"area_name":"Chester Hill - Sefton","hg_choles_me_2_rate_3_11_7_13":31.204623439955},"id":"sa2_chronicdisease_modelledestimate.125031479"},{"type":"Feature","properties":{"area_code":119031373,"area_name":"Riverwood","hg_choles_me_2_rate_3_11_7_13":31.5664727120853},"id":"sa2_chronicdisease_modelledestimate.119031373"},{"type":"Feature","properties":{"area_code":119031374,"area_name":"South Hurstville - Blakehurst","hg_choles_me_2_rate_3_11_7_13":31.9165270733284},"id":"sa2_chronicdisease_modelledestimate.119031374"},{"type":"Feature","properties":{"area_code":124051470,"area_name":"St Clair","hg_choles_me_2_rate_3_11_7_13":31.10468611987},"id":"sa2_chronicdisease_modelledestimate.124051470"},{"type":"Feature","properties":{"area_code":120031394,"area_name":"Dulwich Hill - Lewisham","hg_choles_me_2_rate_3_11_7_13":31.3955816628016},"id":"sa2_chronicdisease_modelledestimate.120031394"},{"type":"Feature","properties":{"area_code":120031396,"area_name":"Homebush","hg_choles_me_2_rate_3_11_7_13":31.241982745946},"id":"sa2_chronicdisease_modelledestimate.120031396"},{"type":"Feature","properties":{"area_code":119041375,"area_name":"Arncliffe - Bardwell Valley","hg_choles_me_2_rate_3_11_7_13":31.6149837862853},"id":"sa2_chronicdisease_modelledestimate.119041375"},{"type":"Feature","properties":{"area_code":121011402,"area_name":"Willoughby - Castle Cove - Northbridge","hg_choles_me_2_rate_3_11_7_13":31.5493010707088},"id":"sa2_chronicdisease_modelledestimate.121011402"},{"type":"Feature","properties":{"area_code":121021403,"area_name":"Asquith - Mount Colah","hg_choles_me_2_rate_3_11_7_13":34.9923579151257},"id":"sa2_chronicdisease_modelledestimate.121021403"},{"type":"Feature","properties":{"area_code":119041376,"area_name":"Bexley","hg_choles_me_2_rate_3_11_7_13":31.2817995338841},"id":"sa2_chronicdisease_modelledestimate.119041376"},{"type":"Feature","properties":{"area_code":119041377,"area_name":"Kingsgrove (South) - Bardwell Park","hg_choles_me_2_rate_3_11_7_13":31.2293660411312},"id":"sa2_chronicdisease_modelledestimate.119041377"},{"type":"Feature","properties":{"area_code":121021404,"area_name":"Berowra - Brooklyn - Cowan","hg_choles_me_2_rate_3_11_7_13":34.9923579151257},"id":"sa2_chronicdisease_modelledestimate.121021404"},{"type":"Feature","properties":{"area_code":121021405,"area_name":"Hornsby - Waitara","hg_choles_me_2_rate_3_11_7_13":31.6476207734934},"id":"sa2_chronicdisease_modelledestimate.121021405"},{"type":"Feature","properties":{"area_code":121021406,"area_name":"Normanhurst - Thornleigh - Westleigh","hg_choles_me_2_rate_3_11_7_13":35.7294036087195},"id":"sa2_chronicdisease_modelledestimate.121021406"},{"type":"Feature","properties":{"area_code":121031407,"area_name":"Gordon - Killara","hg_choles_me_2_rate_3_11_7_13":36.1225101979144},"id":"sa2_chronicdisease_modelledestimate.121031407"},{"type":"Feature","properties":{"area_code":121031408,"area_name":"Lindfield - Roseville","hg_choles_me_2_rate_3_11_7_13":35.2882334972213},"id":"sa2_chronicdisease_modelledestimate.121031408"},{"type":"Feature","properties":{"area_code":121031409,"area_name":"Pymble","hg_choles_me_2_rate_3_11_7_13":36.1225101979144},"id":"sa2_chronicdisease_modelledestimate.121031409"},{"type":"Feature","properties":{"area_code":121031410,"area_name":"St Ives","hg_choles_me_2_rate_3_11_7_13":36.5222554358362},"id":"sa2_chronicdisease_modelledestimate.121031410"},{"type":"Feature","properties":{"area_code":119041379,"area_name":"Kogarah Bay - Carlton - Allawah","hg_choles_me_2_rate_3_11_7_13":31.8521681869582},"id":"sa2_chronicdisease_modelledestimate.119041379"},{"type":"Feature","properties":{"area_code":119041380,"area_name":"Monterey - Brighton-le-Sands - Kyeemagh","hg_choles_me_2_rate_3_11_7_13":31.8521681869582},"id":"sa2_chronicdisease_modelledestimate.119041380"},{"type":"Feature","properties":{"area_code":121031411,"area_name":"Turramurra","hg_choles_me_2_rate_3_11_7_13":36.5222554358362},"id":"sa2_chronicdisease_modelledestimate.121031411"},{"type":"Feature","properties":{"area_code":119041381,"area_name":"Rockdale - Banksia","hg_choles_me_2_rate_3_11_7_13":31.6149837862853},"id":"sa2_chronicdisease_modelledestimate.119041381"},{"type":"Feature","properties":{"area_code":119041382,"area_name":"Sans Souci - Ramsgate","hg_choles_me_2_rate_3_11_7_13":31.8521681869582},"id":"sa2_chronicdisease_modelledestimate.119041382"},{"type":"Feature","properties":{"area_code":120011383,"area_name":"Concord - Mortlake - Cabarita","hg_choles_me_2_rate_3_11_7_13":31.2764644459476},"id":"sa2_chronicdisease_modelledestimate.120011383"},{"type":"Feature","properties":{"area_code":120011384,"area_name":"Concord West - North Strathfield","hg_choles_me_2_rate_3_11_7_13":31.2764644459476},"id":"sa2_chronicdisease_modelledestimate.120011384"},{"type":"Feature","properties":{"area_code":120011385,"area_name":"Drummoyne - Rodd Point","hg_choles_me_2_rate_3_11_7_13":31.8806984227066},"id":"sa2_chronicdisease_modelledestimate.120011385"},{"type":"Feature","properties":{"area_code":120011386,"area_name":"Five Dock - Abbotsford","hg_choles_me_2_rate_3_11_7_13":31.8806984227066},"id":"sa2_chronicdisease_modelledestimate.120011386"},{"type":"Feature","properties":{"area_code":120021387,"area_name":"Balmain","hg_choles_me_2_rate_3_11_7_13":32.4390072494802},"id":"sa2_chronicdisease_modelledestimate.120021387"},{"type":"Feature","properties":{"area_code":121031412,"area_name":"Wahroonga - Warrawee","hg_choles_me_2_rate_3_11_7_13":36.5222554358362},"id":"sa2_chronicdisease_modelledestimate.121031412"},{"type":"Feature","properties":{"area_code":120021388,"area_name":"Leichhardt - Annandale","hg_choles_me_2_rate_3_11_7_13":31.4401964655757},"id":"sa2_chronicdisease_modelledestimate.120021388"},{"type":"Feature","properties":{"area_code":120021389,"area_name":"Lilyfield - Rozelle","hg_choles_me_2_rate_3_11_7_13":32.4390072494802},"id":"sa2_chronicdisease_modelledestimate.120021389"},{"type":"Feature","properties":{"area_code":121041413,"area_name":"Cremorne - Cammeray","hg_choles_me_2_rate_3_11_7_13":34.9730247093041},"id":"sa2_chronicdisease_modelledestimate.121041413"},{"type":"Feature","properties":{"area_code":121041414,"area_name":"Crows Nest - Waverton","hg_choles_me_2_rate_3_11_7_13":35.2552841752208},"id":"sa2_chronicdisease_modelledestimate.121041414"},{"type":"Feature","properties":{"area_code":121041415,"area_name":"Mosman","hg_choles_me_2_rate_3_11_7_13":35.5332380954212},"id":"sa2_chronicdisease_modelledestimate.121041415"},{"type":"Feature","properties":{"area_code":121041416,"area_name":"Neutral Bay - Kirribilli","hg_choles_me_2_rate_3_11_7_13":34.9730247093041},"id":"sa2_chronicdisease_modelledestimate.121041416"},{"type":"Feature","properties":{"area_code":121041417,"area_name":"North Sydney - Lavender Bay","hg_choles_me_2_rate_3_11_7_13":35.2552841752208},"id":"sa2_chronicdisease_modelledestimate.121041417"},{"type":"Feature","properties":{"area_code":122011418,"area_name":"Balgowlah - Clontarf - Seaforth","hg_choles_me_2_rate_3_11_7_13":35.9758369682878},"id":"sa2_chronicdisease_modelledestimate.122011418"},{"type":"Feature","properties":{"area_code":122011419,"area_name":"Manly - Fairlight","hg_choles_me_2_rate_3_11_7_13":35.9758369682878},"id":"sa2_chronicdisease_modelledestimate.122011419"},{"type":"Feature","properties":{"area_code":120031390,"area_name":"Ashfield","hg_choles_me_2_rate_3_11_7_13":31.2308939417534},"id":"sa2_chronicdisease_modelledestimate.120031390"},{"type":"Feature","properties":{"area_code":122021420,"area_name":"Avalon - Palm Beach","hg_choles_me_2_rate_3_11_7_13":35.3145714795995},"id":"sa2_chronicdisease_modelledestimate.122021420"},{"type":"Feature","properties":{"area_code":122021421,"area_name":"Bayview - Elanora Heights","hg_choles_me_2_rate_3_11_7_13":33.0177315524361},"id":"sa2_chronicdisease_modelledestimate.122021421"},{"type":"Feature","properties":{"area_code":122021422,"area_name":"Newport - Bilgola","hg_choles_me_2_rate_3_11_7_13":35.3145714795995},"id":"sa2_chronicdisease_modelledestimate.122021422"},{"type":"Feature","properties":{"area_code":122021423,"area_name":"Warriewood - Mona Vale","hg_choles_me_2_rate_3_11_7_13":33.0177315524361},"id":"sa2_chronicdisease_modelledestimate.122021423"},{"type":"Feature","properties":{"area_code":125031480,"area_name":"Fairfield - East","hg_choles_me_2_rate_3_11_7_13":30.8052060559417},"id":"sa2_chronicdisease_modelledestimate.125031480"},{"type":"Feature","properties":{"area_code":125031481,"area_name":"Granville - Clyde","hg_choles_me_2_rate_3_11_7_13":30.7380956084758},"id":"sa2_chronicdisease_modelledestimate.125031481"},{"type":"Feature","properties":{"area_code":125031482,"area_name":"Greystanes - Pemulwuy","hg_choles_me_2_rate_3_11_7_13":31.2847402828293},"id":"sa2_chronicdisease_modelledestimate.125031482"},{"type":"Feature","properties":{"area_code":125031483,"area_name":"Guildford - South Granville","hg_choles_me_2_rate_3_11_7_13":30.7380956084758},"id":"sa2_chronicdisease_modelledestimate.125031483"},{"type":"Feature","properties":{"area_code":120031391,"area_name":"Burwood - Croydon","hg_choles_me_2_rate_3_11_7_13":31.3722486074219},"id":"sa2_chronicdisease_modelledestimate.120031391"},{"type":"Feature","properties":{"area_code":122031429,"area_name":"Freshwater - Brookvale","hg_choles_me_2_rate_3_11_7_13":32.3430849393087},"id":"sa2_chronicdisease_modelledestimate.122031429"},{"type":"Feature","properties":{"area_code":122031430,"area_name":"Manly Vale - Allambie Heights","hg_choles_me_2_rate_3_11_7_13":32.3430849393087},"id":"sa2_chronicdisease_modelledestimate.122031430"},{"type":"Feature","properties":{"area_code":122031431,"area_name":"Narrabeen - Collaroy","hg_choles_me_2_rate_3_11_7_13":32.6348882031088},"id":"sa2_chronicdisease_modelledestimate.122031431"},{"type":"Feature","properties":{"area_code":122031432,"area_name":"Terrey Hills - Duffys Forest","hg_choles_me_2_rate_3_11_7_13":35.1698788041802},"id":"sa2_chronicdisease_modelledestimate.122031432"},{"type":"Feature","properties":{"area_code":123011433,"area_name":"Camden - Ellis Lane","hg_choles_me_2_rate_3_11_7_13":32.1965785604289},"id":"sa2_chronicdisease_modelledestimate.123011433"},{"type":"Feature","properties":{"area_code":120031392,"area_name":"Canterbury (North) - Ashbury","hg_choles_me_2_rate_3_11_7_13":31.3864091012033},"id":"sa2_chronicdisease_modelledestimate.120031392"},{"type":"Feature","properties":{"area_code":123021441,"area_name":"Leumeah - Minto Heights","hg_choles_me_2_rate_3_11_7_13":31.4328376822665},"id":"sa2_chronicdisease_modelledestimate.123021441"},{"type":"Feature","properties":{"area_code":120031393,"area_name":"Croydon Park - Enfield","hg_choles_me_2_rate_3_11_7_13":31.3864091012033},"id":"sa2_chronicdisease_modelledestimate.120031393"},{"type":"Feature","properties":{"area_code":123031447,"area_name":"Picton - Tahmoor - Buxton","hg_choles_me_2_rate_3_11_7_13":31.2363114386519},"id":"sa2_chronicdisease_modelledestimate.123031447"},{"type":"Feature","properties":{"area_code":123031448,"area_name":"The Oaks - Oakdale","hg_choles_me_2_rate_3_11_7_13":31.572752958182},"id":"sa2_chronicdisease_modelledestimate.123031448"},{"type":"Feature","properties":{"area_code":124011449,"area_name":"Blackheath - Megalong Valley","hg_choles_me_2_rate_3_11_7_13":33.8213619704282},"id":"sa2_chronicdisease_modelledestimate.124011449"},{"type":"Feature","properties":{"area_code":124011450,"area_name":"Blaxland - Warrimoo - Lapstone","hg_choles_me_2_rate_3_11_7_13":31.4530671006582},"id":"sa2_chronicdisease_modelledestimate.124011450"},{"type":"Feature","properties":{"area_code":124011451,"area_name":"Blue Mountains - North","hg_choles_me_2_rate_3_11_7_13":32.9768547673131},"id":"sa2_chronicdisease_modelledestimate.124011451"},{"type":"Feature","properties":{"area_code":124011452,"area_name":"Katoomba - Leura","hg_choles_me_2_rate_3_11_7_13":33.8213619704282},"id":"sa2_chronicdisease_modelledestimate.124011452"},{"type":"Feature","properties":{"area_code":124011453,"area_name":"Lawson - Hazelbrook - Linden","hg_choles_me_2_rate_3_11_7_13":32.9768547673131},"id":"sa2_chronicdisease_modelledestimate.124011453"},{"type":"Feature","properties":{"area_code":120031395,"area_name":"Haberfield - Summer Hill","hg_choles_me_2_rate_3_11_7_13":31.3955816628016},"id":"sa2_chronicdisease_modelledestimate.120031395"},{"type":"Feature","properties":{"area_code":124011454,"area_name":"Springwood - Winmalee","hg_choles_me_2_rate_3_11_7_13":32.9768547673131},"id":"sa2_chronicdisease_modelledestimate.124011454"},{"type":"Feature","properties":{"area_code":120031397,"area_name":"Strathfield","hg_choles_me_2_rate_3_11_7_13":32.3172063071272},"id":"sa2_chronicdisease_modelledestimate.120031397"},{"type":"Feature","properties":{"area_code":121011398,"area_name":"Chatswood (East) - Artarmon","hg_choles_me_2_rate_3_11_7_13":31.3764614078898},"id":"sa2_chronicdisease_modelledestimate.121011398"},{"type":"Feature","properties":{"area_code":121011399,"area_name":"Chatswood (West) - Lane Cove North","hg_choles_me_2_rate_3_11_7_13":31.3764614078898},"id":"sa2_chronicdisease_modelledestimate.121011399"},{"type":"Feature","properties":{"area_code":121011400,"area_name":"Lane Cove - Greenwich","hg_choles_me_2_rate_3_11_7_13":31.7222734232853},"id":"sa2_chronicdisease_modelledestimate.121011400"},{"type":"Feature","properties":{"area_code":121011401,"area_name":"St Leonards - Naremburn","hg_choles_me_2_rate_3_11_7_13":31.7222734232853},"id":"sa2_chronicdisease_modelledestimate.121011401"},{"type":"Feature","properties":{"area_code":122031424,"area_name":"Beacon Hill - Narraweena","hg_choles_me_2_rate_3_11_7_13":31.5768613588067},"id":"sa2_chronicdisease_modelledestimate.122031424"},{"type":"Feature","properties":{"area_code":122031425,"area_name":"Cromer","hg_choles_me_2_rate_3_11_7_13":32.6348882031088},"id":"sa2_chronicdisease_modelledestimate.122031425"},{"type":"Feature","properties":{"area_code":122031426,"area_name":"Dee Why - North Curl Curl","hg_choles_me_2_rate_3_11_7_13":31.5768613588067},"id":"sa2_chronicdisease_modelledestimate.122031426"},{"type":"Feature","properties":{"area_code":122031427,"area_name":"Forestville - Killarney Heights","hg_choles_me_2_rate_3_11_7_13":32.3430849393087},"id":"sa2_chronicdisease_modelledestimate.122031427"},{"type":"Feature","properties":{"area_code":122031428,"area_name":"Frenchs Forest - Belrose","hg_choles_me_2_rate_3_11_7_13":35.1698788041802},"id":"sa2_chronicdisease_modelledestimate.122031428"},{"type":"Feature","properties":{"area_code":123011434,"area_name":"Elderslie - Harrington Park","hg_choles_me_2_rate_3_11_7_13":32.1965785604289},"id":"sa2_chronicdisease_modelledestimate.123011434"},{"type":"Feature","properties":{"area_code":123011435,"area_name":"Mount Annan - Currans Hill","hg_choles_me_2_rate_3_11_7_13":31.3806212673549},"id":"sa2_chronicdisease_modelledestimate.123011435"},{"type":"Feature","properties":{"area_code":123021436,"area_name":"Bradbury - Wedderburn","hg_choles_me_2_rate_3_11_7_13":31.2920143967044},"id":"sa2_chronicdisease_modelledestimate.123021436"},{"type":"Feature","properties":{"area_code":123021437,"area_name":"Campbelltown - Woodbine","hg_choles_me_2_rate_3_11_7_13":31.610377190936},"id":"sa2_chronicdisease_modelledestimate.123021437"},{"type":"Feature","properties":{"area_code":123021438,"area_name":"Claymore - Eagle Vale - Raby","hg_choles_me_2_rate_3_11_7_13":31.186441158486},"id":"sa2_chronicdisease_modelledestimate.123021438"},{"type":"Feature","properties":{"area_code":123021439,"area_name":"Holsworthy Military Area","hg_choles_me_2_rate_3_11_7_13":31.2920143967044},"id":"sa2_chronicdisease_modelledestimate.123021439"},{"type":"Feature","properties":{"area_code":123021440,"area_name":"Ingleburn - Denham Court","hg_choles_me_2_rate_3_11_7_13":31.4328376822665},"id":"sa2_chronicdisease_modelledestimate.123021440"},{"type":"Feature","properties":{"area_code":123021442,"area_name":"Macquarie Fields - Glenfield","hg_choles_me_2_rate_3_11_7_13":31.2986422393386},"id":"sa2_chronicdisease_modelledestimate.123021442"},{"type":"Feature","properties":{"area_code":123021443,"area_name":"Minto - St Andrews","hg_choles_me_2_rate_3_11_7_13":31.4328376822665},"id":"sa2_chronicdisease_modelledestimate.123021443"},{"type":"Feature","properties":{"area_code":123021444,"area_name":"Rosemeadow - Glen Alpine","hg_choles_me_2_rate_3_11_7_13":31.610377190936},"id":"sa2_chronicdisease_modelledestimate.123021444"},{"type":"Feature","properties":{"area_code":123031445,"area_name":"Bargo","hg_choles_me_2_rate_3_11_7_13":31.2363114386519},"id":"sa2_chronicdisease_modelledestimate.123031445"},{"type":"Feature","properties":{"area_code":123031446,"area_name":"Douglas Park - Appin","hg_choles_me_2_rate_3_11_7_13":31.572752958182},"id":"sa2_chronicdisease_modelledestimate.123031446"},{"type":"Feature","properties":{"area_code":124011455,"area_name":"Wentworth Falls","hg_choles_me_2_rate_3_11_7_13":32.9768547673131},"id":"sa2_chronicdisease_modelledestimate.124011455"},{"type":"Feature","properties":{"area_code":124021456,"area_name":"Blue Mountains - South","hg_choles_me_2_rate_3_11_7_13":null},"id":"sa2_chronicdisease_modelledestimate.124021456"},{"type":"Feature","properties":{"area_code":124031457,"area_name":"Cambridge Park","hg_choles_me_2_rate_3_11_7_13":31.6579648520424},"id":"sa2_chronicdisease_modelledestimate.124031457"},{"type":"Feature","properties":{"area_code":124031460,"area_name":"Glenmore Park - Regentville","hg_choles_me_2_rate_3_11_7_13":31.5603225640882},"id":"sa2_chronicdisease_modelledestimate.124031460"},{"type":"Feature","properties":{"area_code":124031464,"area_name":"Penrith","hg_choles_me_2_rate_3_11_7_13":32.1670537518825},"id":"sa2_chronicdisease_modelledestimate.124031464"},{"type":"Feature","properties":{"area_code":124031465,"area_name":"Warragamba - Silverdale","hg_choles_me_2_rate_3_11_7_13":31.3394784933199},"id":"sa2_chronicdisease_modelledestimate.124031465"},{"type":"Feature","properties":{"area_code":124041466,"area_name":"Richmond - Clarendon","hg_choles_me_2_rate_3_11_7_13":31.8289487603102},"id":"sa2_chronicdisease_modelledestimate.124041466"},{"type":"Feature","properties":{"area_code":124041467,"area_name":"Windsor - Bligh Park","hg_choles_me_2_rate_3_11_7_13":31.8289487603102},"id":"sa2_chronicdisease_modelledestimate.124041467"},{"type":"Feature","properties":{"area_code":124041468,"area_name":"Yarramundi - Londonderry","hg_choles_me_2_rate_3_11_7_13":31.1721019231381},"id":"sa2_chronicdisease_modelledestimate.124041468"},{"type":"Feature","properties":{"area_code":124051469,"area_name":"Erskine Park","hg_choles_me_2_rate_3_11_7_13":31.10468611987},"id":"sa2_chronicdisease_modelledestimate.124051469"},{"type":"Feature","properties":{"area_code":125031484,"area_name":"Guildford West - Merrylands West","hg_choles_me_2_rate_3_11_7_13":31.0064041695404},"id":"sa2_chronicdisease_modelledestimate.125031484"},{"type":"Feature","properties":{"area_code":127021509,"area_name":"Bonnyrigg Heights - Bonnyrigg","hg_choles_me_2_rate_3_11_7_13":30.838869108526},"id":"sa2_chronicdisease_modelledestimate.127021509"},{"type":"Feature","properties":{"area_code":127021510,"area_name":"Bossley Park - Abbotsbury","hg_choles_me_2_rate_3_11_7_13":30.6985897547051},"id":"sa2_chronicdisease_modelledestimate.127021510"},{"type":"Feature","properties":{"area_code":125011474,"area_name":"Lidcombe - Regents Park","hg_choles_me_2_rate_3_11_7_13":31.173695191384},"id":"sa2_chronicdisease_modelledestimate.125011474"},{"type":"Feature","properties":{"area_code":125011475,"area_name":"Rookwood Cemetery","hg_choles_me_2_rate_3_11_7_13":31.173695191384},"id":"sa2_chronicdisease_modelledestimate.125011475"},{"type":"Feature","properties":{"area_code":125041494,"area_name":"Winston Hills","hg_choles_me_2_rate_3_11_7_13":31.6252179222966},"id":"sa2_chronicdisease_modelledestimate.125041494"},{"type":"Feature","properties":{"area_code":126011495,"area_name":"Epping - North Epping","hg_choles_me_2_rate_3_11_7_13":32.6437228357183},"id":"sa2_chronicdisease_modelledestimate.126011495"},{"type":"Feature","properties":{"area_code":125021476,"area_name":"Carlingford","hg_choles_me_2_rate_3_11_7_13":35.0883516790203},"id":"sa2_chronicdisease_modelledestimate.125021476"},{"type":"Feature","properties":{"area_code":125021477,"area_name":"Ermington - Rydalmere","hg_choles_me_2_rate_3_11_7_13":31.2078108572543},"id":"sa2_chronicdisease_modelledestimate.125021477"},{"type":"Feature","properties":{"area_code":125021478,"area_name":"Oatlands - Dundas Valley","hg_choles_me_2_rate_3_11_7_13":31.2078108572543},"id":"sa2_chronicdisease_modelledestimate.125021478"},{"type":"Feature","properties":{"area_code":126011496,"area_name":"Pennant Hills - Cheltenham","hg_choles_me_2_rate_3_11_7_13":32.6437228357183},"id":"sa2_chronicdisease_modelledestimate.126011496"},{"type":"Feature","properties":{"area_code":125031485,"area_name":"Merrylands - Holroyd","hg_choles_me_2_rate_3_11_7_13":31.0064041695404},"id":"sa2_chronicdisease_modelledestimate.125031485"},{"type":"Feature","properties":{"area_code":125031486,"area_name":"Smithfield Industrial","hg_choles_me_2_rate_3_11_7_13":31.0064041695404},"id":"sa2_chronicdisease_modelledestimate.125031486"},{"type":"Feature","properties":{"area_code":125031487,"area_name":"Yennora Industrial","hg_choles_me_2_rate_3_11_7_13":31.0064041695404},"id":"sa2_chronicdisease_modelledestimate.125031487"},{"type":"Feature","properties":{"area_code":126021497,"area_name":"Eastwood - Denistone","hg_choles_me_2_rate_3_11_7_13":31.1814631589563},"id":"sa2_chronicdisease_modelledestimate.126021497"},{"type":"Feature","properties":{"area_code":126021498,"area_name":"Gladesville - Huntleys Point","hg_choles_me_2_rate_3_11_7_13":32.3547398962964},"id":"sa2_chronicdisease_modelledestimate.126021498"},{"type":"Feature","properties":{"area_code":125041488,"area_name":"Girraween - Westmead","hg_choles_me_2_rate_3_11_7_13":31.1507311497931},"id":"sa2_chronicdisease_modelledestimate.125041488"},{"type":"Feature","properties":{"area_code":125041489,"area_name":"North Parramatta","hg_choles_me_2_rate_3_11_7_13":32.0043339796236},"id":"sa2_chronicdisease_modelledestimate.125041489"},{"type":"Feature","properties":{"area_code":125041490,"area_name":"North Rocks","hg_choles_me_2_rate_3_11_7_13":31.6252179222966},"id":"sa2_chronicdisease_modelledestimate.125041490"},{"type":"Feature","properties":{"area_code":125041491,"area_name":"Northmead","hg_choles_me_2_rate_3_11_7_13":31.6252179222966},"id":"sa2_chronicdisease_modelledestimate.125041491"},{"type":"Feature","properties":{"area_code":125041492,"area_name":"Parramatta - Rosehill","hg_choles_me_2_rate_3_11_7_13":31.1507311497931},"id":"sa2_chronicdisease_modelledestimate.125041492"},{"type":"Feature","properties":{"area_code":125041493,"area_name":"Toongabbie - Constitution Hill","hg_choles_me_2_rate_3_11_7_13":31.9312379422679},"id":"sa2_chronicdisease_modelledestimate.125041493"},{"type":"Feature","properties":{"area_code":127011507,"area_name":"Green Valley - Cecil Hills","hg_choles_me_2_rate_3_11_7_13":31.5520478014753},"id":"sa2_chronicdisease_modelledestimate.127011507"},{"type":"Feature","properties":{"area_code":127011508,"area_name":"Hoxton Park - Horningsea Park","hg_choles_me_2_rate_3_11_7_13":31.0727278332602},"id":"sa2_chronicdisease_modelledestimate.127011508"},{"type":"Feature","properties":{"area_code":127021512,"area_name":"Cabramatta West - Mount Pritchard","hg_choles_me_2_rate_3_11_7_13":30.838869108526},"id":"sa2_chronicdisease_modelledestimate.127021512"},{"type":"Feature","properties":{"area_code":127021513,"area_name":"Canley Vale - Canley Heights","hg_choles_me_2_rate_3_11_7_13":30.1481342614681},"id":"sa2_chronicdisease_modelledestimate.127021513"},{"type":"Feature","properties":{"area_code":127021514,"area_name":"Edensor Park","hg_choles_me_2_rate_3_11_7_13":30.6985897547051},"id":"sa2_chronicdisease_modelledestimate.127021514"},{"type":"Feature","properties":{"area_code":127021515,"area_name":"Fairfield","hg_choles_me_2_rate_3_11_7_13":30.1481342614681},"id":"sa2_chronicdisease_modelledestimate.127021515"},{"type":"Feature","properties":{"area_code":127021516,"area_name":"Fairfield - West","hg_choles_me_2_rate_3_11_7_13":30.727971932037},"id":"sa2_chronicdisease_modelledestimate.127021516"},{"type":"Feature","properties":{"area_code":127021517,"area_name":"Greenfield Park - Prairiewood","hg_choles_me_2_rate_3_11_7_13":30.6985897547051},"id":"sa2_chronicdisease_modelledestimate.127021517"},{"type":"Feature","properties":{"area_code":127021518,"area_name":"Horsley Park - Kemps Creek","hg_choles_me_2_rate_3_11_7_13":30.8339289300102},"id":"sa2_chronicdisease_modelledestimate.127021518"},{"type":"Feature","properties":{"area_code":127021519,"area_name":"Smithfield - Wetherill Park","hg_choles_me_2_rate_3_11_7_13":30.727971932037},"id":"sa2_chronicdisease_modelledestimate.127021519"},{"type":"Feature","properties":{"area_code":127031522,"area_name":"Casula","hg_choles_me_2_rate_3_11_7_13":31.010270568572},"id":"sa2_chronicdisease_modelledestimate.127031522"},{"type":"Feature","properties":{"area_code":127031523,"area_name":"Chipping Norton - Moorebank","hg_choles_me_2_rate_3_11_7_13":30.8761944831451},"id":"sa2_chronicdisease_modelledestimate.127031523"},{"type":"Feature","properties":{"area_code":127031524,"area_name":"Holsworthy - Wattle Grove","hg_choles_me_2_rate_3_11_7_13":30.8761944831451},"id":"sa2_chronicdisease_modelledestimate.127031524"},{"type":"Feature","properties":{"area_code":127031525,"area_name":"Liverpool - Warwick Farm","hg_choles_me_2_rate_3_11_7_13":31.7201802526443},"id":"sa2_chronicdisease_modelledestimate.127031525"},{"type":"Feature","properties":{"area_code":127031526,"area_name":"Prestons - Lurnea","hg_choles_me_2_rate_3_11_7_13":31.010270568572},"id":"sa2_chronicdisease_modelledestimate.127031526"}]}