{"type":"FeatureCollection","bbox":[0.0,0.0,-1.0,-1.0],"features":[{"type":"Feature","properties":{"Median_Tot_prsnl_inc_weekly":522,"Median_age_persons":41,"SA2_MAIN11":"213051368","SA2_NAME11":"Werribee - South"},"id":"b02_aust_sa2.213051368"},{"type":"Feature","properties":{"Median_Tot_prsnl_inc_weekly":659,"Median_age_persons":30,"SA2_MAIN11":"213051369","SA2_NAME11":"Wyndham Vale"},"id":"b02_aust_sa2.213051369"},{"type":"Feature","properties":{"Median_Tot_prsnl_inc_weekly":831,"Median_age_persons":31,"SA2_MAIN11":"207011151","SA2_NAME11":"Hawthorn"},"id":"b02_aust_sa2.207011151"},{"type":"Feature","properties":{"Median_Tot_prsnl_inc_weekly":510,"Median_age_persons":43,"SA2_MAIN11":"207021156","SA2_NAME11":"Bulleen"},"id":"b02_aust_sa2.207021156"},{"type":"Feature","properties":{"Median_Tot_prsnl_inc_weekly":632,"Median_age_persons":39,"SA2_MAIN11":"209011197","SA2_NAME11":"Greensborough"},"id":"b02_aust_sa2.209011197"},{"type":"Feature","properties":{"Median_Tot_prsnl_inc_weekly":392,"Median_age_persons":28,"SA2_MAIN11":"209021205","SA2_NAME11":"Kingsbury"},"id":"b02_aust_sa2.209021205"},{"type":"Feature","properties":{"Median_Tot_prsnl_inc_weekly":543,"Median_age_persons":32,"SA2_MAIN11":"209041218","SA2_NAME11":"Epping"},"id":"b02_aust_sa2.209041218"},{"type":"Feature","properties":{"Median_Tot_prsnl_inc_weekly":362,"Median_age_persons":37,"SA2_MAIN11":"210031237","SA2_NAME11":"Fawkner"},"id":"b02_aust_sa2.210031237"},{"type":"Feature","properties":{"Median_Tot_prsnl_inc_weekly":728,"Median_age_persons":39,"SA2_MAIN11":"209011200","SA2_NAME11":"Ivanhoe"},"id":"b02_aust_sa2.209011200"},{"type":"Feature","properties":{"Median_Tot_prsnl_inc_weekly":681,"Median_age_persons":40,"SA2_MAIN11":"209011202","SA2_NAME11":"Montmorency - Briar Hill"},"id":"b02_aust_sa2.209011202"},{"type":"Feature","properties":{"Median_Tot_prsnl_inc_weekly":630,"Median_age_persons":39,"SA2_MAIN11":"209011203","SA2_NAME11":"Viewbank - Yallambie"},"id":"b02_aust_sa2.209011203"},{"type":"Feature","properties":{"Median_Tot_prsnl_inc_weekly":433,"Median_age_persons":37,"SA2_MAIN11":"209021207","SA2_NAME11":"Reservoir - East"},"id":"b02_aust_sa2.209021207"},{"type":"Feature","properties":{"Median_Tot_prsnl_inc_weekly":435,"Median_age_persons":38,"SA2_MAIN11":"209021208","SA2_NAME11":"Reservoir - West"},"id":"b02_aust_sa2.209021208"},{"type":"Feature","properties":{"Median_Tot_prsnl_inc_weekly":719,"Median_age_persons":39,"SA2_MAIN11":"209031209","SA2_NAME11":"Eltham"},"id":"b02_aust_sa2.209031209"},{"type":"Feature","properties":{"Median_Tot_prsnl_inc_weekly":663,"Median_age_persons":38,"SA2_MAIN11":"209031210","SA2_NAME11":"Hurstbridge"},"id":"b02_aust_sa2.209031210"},{"type":"Feature","properties":{"Median_Tot_prsnl_inc_weekly":547,"Median_age_persons":38,"SA2_MAIN11":"209031211","SA2_NAME11":"Kinglake"},"id":"b02_aust_sa2.209031211"},{"type":"Feature","properties":{"Median_Tot_prsnl_inc_weekly":724,"Median_age_persons":30,"SA2_MAIN11":"209041222","SA2_NAME11":"South Morang"},"id":"b02_aust_sa2.209041222"},{"type":"Feature","properties":{"Median_Tot_prsnl_inc_weekly":625,"Median_age_persons":34,"SA2_MAIN11":"209041224","SA2_NAME11":"Wallan"},"id":"b02_aust_sa2.209041224"},{"type":"Feature","properties":{"Median_Tot_prsnl_inc_weekly":583,"Median_age_persons":39,"SA2_MAIN11":"209041225","SA2_NAME11":"Whittlesea"},"id":"b02_aust_sa2.209041225"},{"type":"Feature","properties":{"Median_Tot_prsnl_inc_weekly":476,"Median_age_persons":43,"SA2_MAIN11":"210011229","SA2_NAME11":"Keilor East"},"id":"b02_aust_sa2.210011229"},{"type":"Feature","properties":{"Median_Tot_prsnl_inc_weekly":634,"Median_age_persons":39,"SA2_MAIN11":"210011230","SA2_NAME11":"Niddrie - Essendon West"},"id":"b02_aust_sa2.210011230"},{"type":"Feature","properties":{"Median_Tot_prsnl_inc_weekly":647,"Median_age_persons":38,"SA2_MAIN11":"210021232","SA2_NAME11":"Gisborne"},"id":"b02_aust_sa2.210021232"},{"type":"Feature","properties":{"Median_Tot_prsnl_inc_weekly":674,"Median_age_persons":39,"SA2_MAIN11":"210021234","SA2_NAME11":"Riddells Creek"},"id":"b02_aust_sa2.210021234"},{"type":"Feature","properties":{"Median_Tot_prsnl_inc_weekly":576,"Median_age_persons":40,"SA2_MAIN11":"210021235","SA2_NAME11":"Romsey"},"id":"b02_aust_sa2.210021235"},{"type":"Feature","properties":{"Median_Tot_prsnl_inc_weekly":651,"Median_age_persons":38,"SA2_MAIN11":"211041270","SA2_NAME11":"Mitcham (Vic.)"},"id":"b02_aust_sa2.211041270"},{"type":"Feature","properties":{"Median_Tot_prsnl_inc_weekly":598,"Median_age_persons":30,"SA2_MAIN11":"210051244","SA2_NAME11":"Craigieburn - Mickleham"},"id":"b02_aust_sa2.210051244"},{"type":"Feature","properties":{"Median_Tot_prsnl_inc_weekly":538,"Median_age_persons":43,"SA2_MAIN11":"212051321","SA2_NAME11":"Glen Waverley - East"},"id":"b02_aust_sa2.212051321"},{"type":"Feature","properties":{"Median_Tot_prsnl_inc_weekly":597,"Median_age_persons":38,"SA2_MAIN11":"211011254","SA2_NAME11":"Knoxfield - Scoresby"},"id":"b02_aust_sa2.211011254"},{"type":"Feature","properties":{"Median_Tot_prsnl_inc_weekly":604,"Median_age_persons":41,"SA2_MAIN11":"211011259","SA2_NAME11":"Wantirna"},"id":"b02_aust_sa2.211011259"},{"type":"Feature","properties":{"Median_Tot_prsnl_inc_weekly":553,"Median_age_persons":42,"SA2_MAIN11":"211011260","SA2_NAME11":"Wantirna South"},"id":"b02_aust_sa2.211011260"},{"type":"Feature","properties":{"Median_Tot_prsnl_inc_weekly":654,"Median_age_persons":41,"SA2_MAIN11":"211021261","SA2_NAME11":"Donvale - Park Orchards"},"id":"b02_aust_sa2.211021261"},{"type":"Feature","properties":{"Median_Tot_prsnl_inc_weekly":585,"Median_age_persons":39,"SA2_MAIN11":"211031264","SA2_NAME11":"Croydon"},"id":"b02_aust_sa2.211031264"},{"type":"Feature","properties":{"Median_Tot_prsnl_inc_weekly":620,"Median_age_persons":39,"SA2_MAIN11":"211031267","SA2_NAME11":"Ringwood East"},"id":"b02_aust_sa2.211031267"},{"type":"Feature","properties":{"Median_Tot_prsnl_inc_weekly":564,"Median_age_persons":45,"SA2_MAIN11":"211041273","SA2_NAME11":"Vermont South"},"id":"b02_aust_sa2.211041273"},{"type":"Feature","properties":{"Median_Tot_prsnl_inc_weekly":630,"Median_age_persons":37,"SA2_MAIN11":"211051274","SA2_NAME11":"Belgrave - Selby"},"id":"b02_aust_sa2.211051274"},{"type":"Feature","properties":{"Median_Tot_prsnl_inc_weekly":525,"Median_age_persons":40,"SA2_MAIN11":"211051276","SA2_NAME11":"Healesville - Yarra Glen"},"id":"b02_aust_sa2.211051276"},{"type":"Feature","properties":{"Median_Tot_prsnl_inc_weekly":592,"Median_age_persons":37,"SA2_MAIN11":"211051278","SA2_NAME11":"Lilydale - Coldstream"},"id":"b02_aust_sa2.211051278"},{"type":"Feature","properties":{"Median_Tot_prsnl_inc_weekly":539,"Median_age_persons":40,"SA2_MAIN11":"211051279","SA2_NAME11":"Monbulk - Silvan"},"id":"b02_aust_sa2.211051279"},{"type":"Feature","properties":{"Median_Tot_prsnl_inc_weekly":595,"Median_age_persons":35,"SA2_MAIN11":"211051281","SA2_NAME11":"Mooroolbark"},"id":"b02_aust_sa2.211051281"},{"type":"Feature","properties":{"Median_Tot_prsnl_inc_weekly":597,"Median_age_persons":37,"SA2_MAIN11":"211051285","SA2_NAME11":"Wandin - Seville"},"id":"b02_aust_sa2.211051285"},{"type":"Feature","properties":{"Median_Tot_prsnl_inc_weekly":488,"Median_age_persons":40,"SA2_MAIN11":"211051286","SA2_NAME11":"Yarra Valley"},"id":"b02_aust_sa2.211051286"},{"type":"Feature","properties":{"Median_Tot_prsnl_inc_weekly":680,"Median_age_persons":35,"SA2_MAIN11":"212011287","SA2_NAME11":"Beaconsfield - Officer"},"id":"b02_aust_sa2.212011287"},{"type":"Feature","properties":{"Median_Tot_prsnl_inc_weekly":611,"Median_age_persons":39,"SA2_MAIN11":"212021293","SA2_NAME11":"Berwick - North"},"id":"b02_aust_sa2.212021293"},{"type":"Feature","properties":{"Median_Tot_prsnl_inc_weekly":701,"Median_age_persons":31,"SA2_MAIN11":"212021294","SA2_NAME11":"Berwick - South"},"id":"b02_aust_sa2.212021294"},{"type":"Feature","properties":{"Median_Tot_prsnl_inc_weekly":627,"Median_age_persons":40,"SA2_MAIN11":"212021299","SA2_NAME11":"Narre Warren North"},"id":"b02_aust_sa2.212021299"},{"type":"Feature","properties":{"Median_Tot_prsnl_inc_weekly":639,"Median_age_persons":31,"SA2_MAIN11":"212031301","SA2_NAME11":"Cranbourne East"},"id":"b02_aust_sa2.212031301"},{"type":"Feature","properties":{"Median_Tot_prsnl_inc_weekly":581,"Median_age_persons":38,"SA2_MAIN11":"212031308","SA2_NAME11":"Pearcedale - Tooradin"},"id":"b02_aust_sa2.212031308"},{"type":"Feature","properties":{"Median_Tot_prsnl_inc_weekly":528,"Median_age_persons":37,"SA2_MAIN11":"213021342","SA2_NAME11":"Altona Meadows"},"id":"b02_aust_sa2.213021342"},{"type":"Feature","properties":{"Median_Tot_prsnl_inc_weekly":752,"Median_age_persons":41,"SA2_MAIN11":"213021346","SA2_NAME11":"Williamstown"},"id":"b02_aust_sa2.213021346"},{"type":"Feature","properties":{"Median_Tot_prsnl_inc_weekly":560,"Median_age_persons":37,"SA2_MAIN11":"213041353","SA2_NAME11":"Bacchus Marsh"},"id":"b02_aust_sa2.213041353"},{"type":"Feature","properties":{"Median_Tot_prsnl_inc_weekly":641,"Median_age_persons":32,"SA2_MAIN11":"213041355","SA2_NAME11":"Hillside"},"id":"b02_aust_sa2.213041355"},{"type":"Feature","properties":{"Median_Tot_prsnl_inc_weekly":523,"Median_age_persons":34,"SA2_MAIN11":"213041356","SA2_NAME11":"Melton"},"id":"b02_aust_sa2.213041356"},{"type":"Feature","properties":{"Median_Tot_prsnl_inc_weekly":529,"Median_age_persons":33,"SA2_MAIN11":"213041357","SA2_NAME11":"Melton South"},"id":"b02_aust_sa2.213041357"},{"type":"Feature","properties":{"Median_Tot_prsnl_inc_weekly":611,"Median_age_persons":30,"SA2_MAIN11":"213041358","SA2_NAME11":"Melton West"},"id":"b02_aust_sa2.213041358"},{"type":"Feature","properties":{"Median_Tot_prsnl_inc_weekly":481,"Median_age_persons":37,"SA2_MAIN11":"213041359","SA2_NAME11":"Rockbank - Mount Cottrell"},"id":"b02_aust_sa2.213041359"},{"type":"Feature","properties":{"Median_Tot_prsnl_inc_weekly":849,"Median_age_persons":31,"SA2_MAIN11":"213051364","SA2_NAME11":"Point Cook"},"id":"b02_aust_sa2.213051364"},{"type":"Feature","properties":{"Median_Tot_prsnl_inc_weekly":702,"Median_age_persons":29,"SA2_MAIN11":"213051365","SA2_NAME11":"Tarneit"},"id":"b02_aust_sa2.213051365"},{"type":"Feature","properties":{"Median_Tot_prsnl_inc_weekly":0,"Median_age_persons":0,"SA2_MAIN11":"210011227","SA2_NAME11":"Essendon Airport"},"id":"b02_aust_sa2.210011227"},{"type":"Feature","properties":{"Median_Tot_prsnl_inc_weekly":598,"Median_age_persons":38,"SA2_MAIN11":"211011252","SA2_NAME11":"Boronia - The Basin"},"id":"b02_aust_sa2.211011252"},{"type":"Feature","properties":{"Median_Tot_prsnl_inc_weekly":439,"Median_age_persons":33,"SA2_MAIN11":"213011331","SA2_NAME11":"Delahey"},"id":"b02_aust_sa2.213011331"},{"type":"Feature","properties":{"Median_Tot_prsnl_inc_weekly":688,"Median_age_persons":30,"SA2_MAIN11":"213041360","SA2_NAME11":"Taylors Hill"},"id":"b02_aust_sa2.213041360"},{"type":"Feature","properties":{"Median_Tot_prsnl_inc_weekly":1108,"Median_age_persons":35,"SA2_MAIN11":"206041125","SA2_NAME11":"South Yarra - West"},"id":"b02_aust_sa2.206041125"},{"type":"Feature","properties":{"Median_Tot_prsnl_inc_weekly":545,"Median_age_persons":41,"SA2_MAIN11":"207031162","SA2_NAME11":"Blackburn South"},"id":"b02_aust_sa2.207031162"},{"type":"Feature","properties":{"Median_Tot_prsnl_inc_weekly":685,"Median_age_persons":33,"SA2_MAIN11":"206011105","SA2_NAME11":"Brunswick"},"id":"b02_aust_sa2.206011105"},{"type":"Feature","properties":{"Median_Tot_prsnl_inc_weekly":459,"Median_age_persons":40,"SA2_MAIN11":"207031166","SA2_NAME11":"Burwood East"},"id":"b02_aust_sa2.207031166"},{"type":"Feature","properties":{"Median_Tot_prsnl_inc_weekly":818,"Median_age_persons":26,"SA2_MAIN11":"206041120","SA2_NAME11":"Flemington Racecourse"},"id":"b02_aust_sa2.206041120"},{"type":"Feature","properties":{"Median_Tot_prsnl_inc_weekly":746,"Median_age_persons":39,"SA2_MAIN11":"207031167","SA2_NAME11":"Surrey Hills (East) - Mont Albert"},"id":"b02_aust_sa2.207031167"},{"type":"Feature","properties":{"Median_Tot_prsnl_inc_weekly":741,"Median_age_persons":33,"SA2_MAIN11":"206011106","SA2_NAME11":"Brunswick East"},"id":"b02_aust_sa2.206011106"},{"type":"Feature","properties":{"Median_Tot_prsnl_inc_weekly":988,"Median_age_persons":29,"SA2_MAIN11":"206041126","SA2_NAME11":"Southbank"},"id":"b02_aust_sa2.206041126"},{"type":"Feature","properties":{"Median_Tot_prsnl_inc_weekly":587,"Median_age_persons":31,"SA2_MAIN11":"206031115","SA2_NAME11":"Flemington"},"id":"b02_aust_sa2.206031115"},{"type":"Feature","properties":{"Median_Tot_prsnl_inc_weekly":1060,"Median_age_persons":31,"SA2_MAIN11":"206041118","SA2_NAME11":"Docklands"},"id":"b02_aust_sa2.206041118"},{"type":"Feature","properties":{"Median_Tot_prsnl_inc_weekly":1170,"Median_age_persons":36,"SA2_MAIN11":"206041119","SA2_NAME11":"East Melbourne"},"id":"b02_aust_sa2.206041119"},{"type":"Feature","properties":{"Median_Tot_prsnl_inc_weekly":1091,"Median_age_persons":38,"SA2_MAIN11":"206051130","SA2_NAME11":"Port Melbourne"},"id":"b02_aust_sa2.206051130"},{"type":"Feature","properties":{"Median_Tot_prsnl_inc_weekly":0,"Median_age_persons":0,"SA2_MAIN11":"206041127","SA2_NAME11":"West Melbourne"},"id":"b02_aust_sa2.206041127"},{"type":"Feature","properties":{"Median_Tot_prsnl_inc_weekly":411,"Median_age_persons":33,"SA2_MAIN11":"212041310","SA2_NAME11":"Clayton South"},"id":"b02_aust_sa2.212041310"},{"type":"Feature","properties":{"Median_Tot_prsnl_inc_weekly":954,"Median_age_persons":36,"SA2_MAIN11":"206061135","SA2_NAME11":"Armadale"},"id":"b02_aust_sa2.206061135"},{"type":"Feature","properties":{"Median_Tot_prsnl_inc_weekly":933,"Median_age_persons":33,"SA2_MAIN11":"206061136","SA2_NAME11":"Prahran - Windsor"},"id":"b02_aust_sa2.206061136"},{"type":"Feature","properties":{"Median_Tot_prsnl_inc_weekly":789,"Median_age_persons":33,"SA2_MAIN11":"206071142","SA2_NAME11":"Fitzroy"},"id":"b02_aust_sa2.206071142"},{"type":"Feature","properties":{"Median_Tot_prsnl_inc_weekly":993,"Median_age_persons":33,"SA2_MAIN11":"206061137","SA2_NAME11":"South Yarra - East"},"id":"b02_aust_sa2.206061137"},{"type":"Feature","properties":{"Median_Tot_prsnl_inc_weekly":906,"Median_age_persons":36,"SA2_MAIN11":"206071145","SA2_NAME11":"Yarra - North"},"id":"b02_aust_sa2.206071145"},{"type":"Feature","properties":{"Median_Tot_prsnl_inc_weekly":743,"Median_age_persons":32,"SA2_MAIN11":"206071141","SA2_NAME11":"Collingwood"},"id":"b02_aust_sa2.206071141"},{"type":"Feature","properties":{"Median_Tot_prsnl_inc_weekly":838,"Median_age_persons":35,"SA2_MAIN11":"206071143","SA2_NAME11":"Fitzroy North"},"id":"b02_aust_sa2.206071143"},{"type":"Feature","properties":{"Median_Tot_prsnl_inc_weekly":927,"Median_age_persons":33,"SA2_MAIN11":"206071144","SA2_NAME11":"Richmond (Vic.)"},"id":"b02_aust_sa2.206071144"},{"type":"Feature","properties":{"Median_Tot_prsnl_inc_weekly":651,"Median_age_persons":34,"SA2_MAIN11":"206011107","SA2_NAME11":"Brunswick West"},"id":"b02_aust_sa2.206011107"},{"type":"Feature","properties":{"Median_Tot_prsnl_inc_weekly":742,"Median_age_persons":42,"SA2_MAIN11":"208011170","SA2_NAME11":"Brighton East"},"id":"b02_aust_sa2.208011170"},{"type":"Feature","properties":{"Median_Tot_prsnl_inc_weekly":548,"Median_age_persons":35,"SA2_MAIN11":"206011108","SA2_NAME11":"Coburg"},"id":"b02_aust_sa2.206011108"},{"type":"Feature","properties":{"Median_Tot_prsnl_inc_weekly":595,"Median_age_persons":38,"SA2_MAIN11":"206011109","SA2_NAME11":"Pascoe Vale South"},"id":"b02_aust_sa2.206011109"},{"type":"Feature","properties":{"Median_Tot_prsnl_inc_weekly":739,"Median_age_persons":36,"SA2_MAIN11":"206021110","SA2_NAME11":"Alphington - Fairfield"},"id":"b02_aust_sa2.206021110"},{"type":"Feature","properties":{"Median_Tot_prsnl_inc_weekly":680,"Median_age_persons":39,"SA2_MAIN11":"208011171","SA2_NAME11":"Cheltenham - Highett (West)"},"id":"b02_aust_sa2.208011171"},{"type":"Feature","properties":{"Median_Tot_prsnl_inc_weekly":736,"Median_age_persons":36,"SA2_MAIN11":"206021111","SA2_NAME11":"Northcote"},"id":"b02_aust_sa2.206021111"},{"type":"Feature","properties":{"Median_Tot_prsnl_inc_weekly":699,"Median_age_persons":40,"SA2_MAIN11":"208011172","SA2_NAME11":"Hampton"},"id":"b02_aust_sa2.208011172"},{"type":"Feature","properties":{"Median_Tot_prsnl_inc_weekly":640,"Median_age_persons":36,"SA2_MAIN11":"206021112","SA2_NAME11":"Thornbury"},"id":"b02_aust_sa2.206021112"},{"type":"Feature","properties":{"Median_Tot_prsnl_inc_weekly":920,"Median_age_persons":32,"SA2_MAIN11":"206041121","SA2_NAME11":"Kensington"},"id":"b02_aust_sa2.206041121"},{"type":"Feature","properties":{"Median_Tot_prsnl_inc_weekly":710,"Median_age_persons":35,"SA2_MAIN11":"206031113","SA2_NAME11":"Ascot Vale"},"id":"b02_aust_sa2.206031113"},{"type":"Feature","properties":{"Median_Tot_prsnl_inc_weekly":560,"Median_age_persons":26,"SA2_MAIN11":"206041122","SA2_NAME11":"Melbourne"},"id":"b02_aust_sa2.206041122"},{"type":"Feature","properties":{"Median_Tot_prsnl_inc_weekly":721,"Median_age_persons":38,"SA2_MAIN11":"206031114","SA2_NAME11":"Essendon - Aberfeldie"},"id":"b02_aust_sa2.206031114"},{"type":"Feature","properties":{"Median_Tot_prsnl_inc_weekly":763,"Median_age_persons":37,"SA2_MAIN11":"206031116","SA2_NAME11":"Moonee Ponds"},"id":"b02_aust_sa2.206031116"},{"type":"Feature","properties":{"Median_Tot_prsnl_inc_weekly":363,"Median_age_persons":25,"SA2_MAIN11":"206041117","SA2_NAME11":"Carlton"},"id":"b02_aust_sa2.206041117"},{"type":"Feature","properties":{"Median_Tot_prsnl_inc_weekly":662,"Median_age_persons":29,"SA2_MAIN11":"206041123","SA2_NAME11":"North Melbourne"},"id":"b02_aust_sa2.206041123"},{"type":"Feature","properties":{"Median_Tot_prsnl_inc_weekly":327,"Median_age_persons":24,"SA2_MAIN11":"206041124","SA2_NAME11":"Parkville"},"id":"b02_aust_sa2.206041124"},{"type":"Feature","properties":{"Median_Tot_prsnl_inc_weekly":1067,"Median_age_persons":38,"SA2_MAIN11":"206051128","SA2_NAME11":"Albert Park"},"id":"b02_aust_sa2.206051128"},{"type":"Feature","properties":{"Median_Tot_prsnl_inc_weekly":1061,"Median_age_persons":34,"SA2_MAIN11":"206051129","SA2_NAME11":"Elwood"},"id":"b02_aust_sa2.206051129"},{"type":"Feature","properties":{"Median_Tot_prsnl_inc_weekly":1100,"Median_age_persons":55,"SA2_MAIN11":"206051131","SA2_NAME11":"Port Melbourne Industrial"},"id":"b02_aust_sa2.206051131"},{"type":"Feature","properties":{"Median_Tot_prsnl_inc_weekly":944,"Median_age_persons":37,"SA2_MAIN11":"206051132","SA2_NAME11":"South Melbourne"},"id":"b02_aust_sa2.206051132"},{"type":"Feature","properties":{"Median_Tot_prsnl_inc_weekly":958,"Median_age_persons":34,"SA2_MAIN11":"206051133","SA2_NAME11":"St Kilda"},"id":"b02_aust_sa2.206051133"},{"type":"Feature","properties":{"Median_Tot_prsnl_inc_weekly":870,"Median_age_persons":33,"SA2_MAIN11":"206051134","SA2_NAME11":"St Kilda East"},"id":"b02_aust_sa2.206051134"},{"type":"Feature","properties":{"Median_Tot_prsnl_inc_weekly":1031,"Median_age_persons":43,"SA2_MAIN11":"206061138","SA2_NAME11":"Toorak"},"id":"b02_aust_sa2.206061138"},{"type":"Feature","properties":{"Median_Tot_prsnl_inc_weekly":792,"Median_age_persons":41,"SA2_MAIN11":"207011149","SA2_NAME11":"Camberwell"},"id":"b02_aust_sa2.207011149"},{"type":"Feature","properties":{"Median_Tot_prsnl_inc_weekly":858,"Median_age_persons":35,"SA2_MAIN11":"206071139","SA2_NAME11":"Abbotsford"},"id":"b02_aust_sa2.206071139"},{"type":"Feature","properties":{"Median_Tot_prsnl_inc_weekly":840,"Median_age_persons":32,"SA2_MAIN11":"206071140","SA2_NAME11":"Carlton North - Princes Hill"},"id":"b02_aust_sa2.206071140"},{"type":"Feature","properties":{"Median_Tot_prsnl_inc_weekly":672,"Median_age_persons":38,"SA2_MAIN11":"207011146","SA2_NAME11":"Ashburton (Vic.)"},"id":"b02_aust_sa2.207011146"},{"type":"Feature","properties":{"Median_Tot_prsnl_inc_weekly":651,"Median_age_persons":42,"SA2_MAIN11":"207011147","SA2_NAME11":"Balwyn"},"id":"b02_aust_sa2.207011147"},{"type":"Feature","properties":{"Median_Tot_prsnl_inc_weekly":626,"Median_age_persons":41,"SA2_MAIN11":"207011148","SA2_NAME11":"Balwyn North"},"id":"b02_aust_sa2.207011148"},{"type":"Feature","properties":{"Median_Tot_prsnl_inc_weekly":849,"Median_age_persons":39,"SA2_MAIN11":"207011150","SA2_NAME11":"Glen Iris - East"},"id":"b02_aust_sa2.207011150"},{"type":"Feature","properties":{"Median_Tot_prsnl_inc_weekly":858,"Median_age_persons":33,"SA2_MAIN11":"207011152","SA2_NAME11":"Hawthorn East"},"id":"b02_aust_sa2.207011152"},{"type":"Feature","properties":{"Median_Tot_prsnl_inc_weekly":842,"Median_age_persons":39,"SA2_MAIN11":"207011153","SA2_NAME11":"Kew"},"id":"b02_aust_sa2.207011153"},{"type":"Feature","properties":{"Median_Tot_prsnl_inc_weekly":757,"Median_age_persons":39,"SA2_MAIN11":"207011154","SA2_NAME11":"Kew East"},"id":"b02_aust_sa2.207011154"},{"type":"Feature","properties":{"Median_Tot_prsnl_inc_weekly":802,"Median_age_persons":41,"SA2_MAIN11":"207011155","SA2_NAME11":"Surrey Hills (West) - Canterbury"},"id":"b02_aust_sa2.207011155"},{"type":"Feature","properties":{"Median_Tot_prsnl_inc_weekly":525,"Median_age_persons":44,"SA2_MAIN11":"207021157","SA2_NAME11":"Doncaster"},"id":"b02_aust_sa2.207021157"},{"type":"Feature","properties":{"Median_Tot_prsnl_inc_weekly":533,"Median_age_persons":41,"SA2_MAIN11":"207021158","SA2_NAME11":"Doncaster East"},"id":"b02_aust_sa2.207021158"},{"type":"Feature","properties":{"Median_Tot_prsnl_inc_weekly":615,"Median_age_persons":43,"SA2_MAIN11":"207021159","SA2_NAME11":"Templestowe"},"id":"b02_aust_sa2.207021159"},{"type":"Feature","properties":{"Median_Tot_prsnl_inc_weekly":571,"Median_age_persons":44,"SA2_MAIN11":"207021160","SA2_NAME11":"Templestowe Lower"},"id":"b02_aust_sa2.207021160"},{"type":"Feature","properties":{"Median_Tot_prsnl_inc_weekly":622,"Median_age_persons":40,"SA2_MAIN11":"207031161","SA2_NAME11":"Blackburn"},"id":"b02_aust_sa2.207031161"},{"type":"Feature","properties":{"Median_Tot_prsnl_inc_weekly":499,"Median_age_persons":34,"SA2_MAIN11":"207031163","SA2_NAME11":"Box Hill"},"id":"b02_aust_sa2.207031163"},{"type":"Feature","properties":{"Median_Tot_prsnl_inc_weekly":383,"Median_age_persons":33,"SA2_MAIN11":"207031165","SA2_NAME11":"Burwood"},"id":"b02_aust_sa2.207031165"},{"type":"Feature","properties":{"Median_Tot_prsnl_inc_weekly":580,"Median_age_persons":38,"SA2_MAIN11":"207031164","SA2_NAME11":"Box Hill North"},"id":"b02_aust_sa2.207031164"},{"type":"Feature","properties":{"Median_Tot_prsnl_inc_weekly":735,"Median_age_persons":44,"SA2_MAIN11":"208011168","SA2_NAME11":"Beaumaris"},"id":"b02_aust_sa2.208011168"},{"type":"Feature","properties":{"Median_Tot_prsnl_inc_weekly":648,"Median_age_persons":40,"SA2_MAIN11":"208021174","SA2_NAME11":"Bentleigh - McKinnon"},"id":"b02_aust_sa2.208021174"},{"type":"Feature","properties":{"Median_Tot_prsnl_inc_weekly":884,"Median_age_persons":44,"SA2_MAIN11":"208011169","SA2_NAME11":"Brighton (Vic.)"},"id":"b02_aust_sa2.208011169"},{"type":"Feature","properties":{"Median_Tot_prsnl_inc_weekly":581,"Median_age_persons":35,"SA2_MAIN11":"208021180","SA2_NAME11":"Hughesdale"},"id":"b02_aust_sa2.208021180"},{"type":"Feature","properties":{"Median_Tot_prsnl_inc_weekly":778,"Median_age_persons":44,"SA2_MAIN11":"208011173","SA2_NAME11":"Sandringham - Black Rock"},"id":"b02_aust_sa2.208011173"},{"type":"Feature","properties":{"Median_Tot_prsnl_inc_weekly":595,"Median_age_persons":40,"SA2_MAIN11":"208021175","SA2_NAME11":"Bentleigh East"},"id":"b02_aust_sa2.208021175"},{"type":"Feature","properties":{"Median_Tot_prsnl_inc_weekly":652,"Median_age_persons":35,"SA2_MAIN11":"208021176","SA2_NAME11":"Carnegie"},"id":"b02_aust_sa2.208021176"},{"type":"Feature","properties":{"Median_Tot_prsnl_inc_weekly":706,"Median_age_persons":36,"SA2_MAIN11":"208021181","SA2_NAME11":"Murrumbeena"},"id":"b02_aust_sa2.208021181"},{"type":"Feature","properties":{"Median_Tot_prsnl_inc_weekly":775,"Median_age_persons":35,"SA2_MAIN11":"208021177","SA2_NAME11":"Caulfield - North"},"id":"b02_aust_sa2.208021177"},{"type":"Feature","properties":{"Median_Tot_prsnl_inc_weekly":708,"Median_age_persons":40,"SA2_MAIN11":"208021178","SA2_NAME11":"Caulfield - South"},"id":"b02_aust_sa2.208021178"},{"type":"Feature","properties":{"Median_Tot_prsnl_inc_weekly":811,"Median_age_persons":37,"SA2_MAIN11":"208021179","SA2_NAME11":"Elsternwick"},"id":"b02_aust_sa2.208021179"},{"type":"Feature","properties":{"Median_Tot_prsnl_inc_weekly":664,"Median_age_persons":33,"SA2_MAIN11":"208021182","SA2_NAME11":"Ormond - Glen Huntly"},"id":"b02_aust_sa2.208021182"},{"type":"Feature","properties":{"Median_Tot_prsnl_inc_weekly":669,"Median_age_persons":37,"SA2_MAIN11":"208031183","SA2_NAME11":"Aspendale Gardens - Waterways"},"id":"b02_aust_sa2.208031183"},{"type":"Feature","properties":{"Median_Tot_prsnl_inc_weekly":2000,"Median_age_persons":76,"SA2_MAIN11":"208031184","SA2_NAME11":"Braeside"},"id":"b02_aust_sa2.208031184"},{"type":"Feature","properties":{"Median_Tot_prsnl_inc_weekly":606,"Median_age_persons":37,"SA2_MAIN11":"208031187","SA2_NAME11":"Chelsea Heights"},"id":"b02_aust_sa2.208031187"},{"type":"Feature","properties":{"Median_Tot_prsnl_inc_weekly":649,"Median_age_persons":41,"SA2_MAIN11":"208031185","SA2_NAME11":"Carrum - Patterson Lakes"},"id":"b02_aust_sa2.208031185"},{"type":"Feature","properties":{"Median_Tot_prsnl_inc_weekly":618,"Median_age_persons":40,"SA2_MAIN11":"208031186","SA2_NAME11":"Chelsea - Bonbeach"},"id":"b02_aust_sa2.208031186"},{"type":"Feature","properties":{"Median_Tot_prsnl_inc_weekly":592,"Median_age_persons":40,"SA2_MAIN11":"208031188","SA2_NAME11":"Cheltenham - Highett (East)"},"id":"b02_aust_sa2.208031188"},{"type":"Feature","properties":{"Median_Tot_prsnl_inc_weekly":664,"Median_age_persons":41,"SA2_MAIN11":"208031190","SA2_NAME11":"Mentone"},"id":"b02_aust_sa2.208031190"},{"type":"Feature","properties":{"Median_Tot_prsnl_inc_weekly":660,"Median_age_persons":39,"SA2_MAIN11":"208031189","SA2_NAME11":"Edithvale - Aspendale"},"id":"b02_aust_sa2.208031189"},{"type":"Feature","properties":{"Median_Tot_prsnl_inc_weekly":502,"Median_age_persons":39,"SA2_MAIN11":"209011196","SA2_NAME11":"Bundoora - East"},"id":"b02_aust_sa2.209011196"},{"type":"Feature","properties":{"Median_Tot_prsnl_inc_weekly":628,"Median_age_persons":38,"SA2_MAIN11":"208031191","SA2_NAME11":"Moorabbin - Heatherton"},"id":"b02_aust_sa2.208031191"},{"type":"Feature","properties":{"Median_Tot_prsnl_inc_weekly":0,"Median_age_persons":0,"SA2_MAIN11":"208031192","SA2_NAME11":"Moorabbin Airport"},"id":"b02_aust_sa2.208031192"},{"type":"Feature","properties":{"Median_Tot_prsnl_inc_weekly":589,"Median_age_persons":38,"SA2_MAIN11":"209011204","SA2_NAME11":"Watsonia"},"id":"b02_aust_sa2.209011204"},{"type":"Feature","properties":{"Median_Tot_prsnl_inc_weekly":678,"Median_age_persons":39,"SA2_MAIN11":"208031193","SA2_NAME11":"Mordialloc - Parkdale"},"id":"b02_aust_sa2.208031193"},{"type":"Feature","properties":{"Median_Tot_prsnl_inc_weekly":445,"Median_age_persons":40,"SA2_MAIN11":"209041217","SA2_NAME11":"Bundoora - West"},"id":"b02_aust_sa2.209041217"},{"type":"Feature","properties":{"Median_Tot_prsnl_inc_weekly":869,"Median_age_persons":37,"SA2_MAIN11":"208041194","SA2_NAME11":"Malvern - Glen Iris"},"id":"b02_aust_sa2.208041194"},{"type":"Feature","properties":{"Median_Tot_prsnl_inc_weekly":539,"Median_age_persons":40,"SA2_MAIN11":"210011226","SA2_NAME11":"Airport West"},"id":"b02_aust_sa2.210011226"},{"type":"Feature","properties":{"Median_Tot_prsnl_inc_weekly":706,"Median_age_persons":36,"SA2_MAIN11":"208041195","SA2_NAME11":"Malvern East"},"id":"b02_aust_sa2.208041195"},{"type":"Feature","properties":{"Median_Tot_prsnl_inc_weekly":664,"Median_age_persons":39,"SA2_MAIN11":"209011198","SA2_NAME11":"Heidelberg - Rosanna"},"id":"b02_aust_sa2.209011198"},{"type":"Feature","properties":{"Median_Tot_prsnl_inc_weekly":465,"Median_age_persons":38,"SA2_MAIN11":"210031236","SA2_NAME11":"Coburg North"},"id":"b02_aust_sa2.210031236"},{"type":"Feature","properties":{"Median_Tot_prsnl_inc_weekly":452,"Median_age_persons":35,"SA2_MAIN11":"209011199","SA2_NAME11":"Heidelberg West"},"id":"b02_aust_sa2.209011199"},{"type":"Feature","properties":{"Median_Tot_prsnl_inc_weekly":823,"Median_age_persons":42,"SA2_MAIN11":"209011201","SA2_NAME11":"Ivanhoe East - Eaglemont"},"id":"b02_aust_sa2.209011201"},{"type":"Feature","properties":{"Median_Tot_prsnl_inc_weekly":518,"Median_age_persons":36,"SA2_MAIN11":"209021206","SA2_NAME11":"Preston"},"id":"b02_aust_sa2.209021206"},{"type":"Feature","properties":{"Median_Tot_prsnl_inc_weekly":647,"Median_age_persons":42,"SA2_MAIN11":"209031212","SA2_NAME11":"Panton Hill - St Andrews"},"id":"b02_aust_sa2.209031212"},{"type":"Feature","properties":{"Median_Tot_prsnl_inc_weekly":698,"Median_age_persons":38,"SA2_MAIN11":"209031213","SA2_NAME11":"Plenty - Yarrambat"},"id":"b02_aust_sa2.209031213"},{"type":"Feature","properties":{"Median_Tot_prsnl_inc_weekly":730,"Median_age_persons":41,"SA2_MAIN11":"209031214","SA2_NAME11":"Research - North Warrandyte"},"id":"b02_aust_sa2.209031214"},{"type":"Feature","properties":{"Median_Tot_prsnl_inc_weekly":682,"Median_age_persons":36,"SA2_MAIN11":"209031215","SA2_NAME11":"Wattle Glen - Diamond Creek"},"id":"b02_aust_sa2.209031215"},{"type":"Feature","properties":{"Median_Tot_prsnl_inc_weekly":661,"Median_age_persons":35,"SA2_MAIN11":"211011257","SA2_NAME11":"Rowville - North"},"id":"b02_aust_sa2.211011257"},{"type":"Feature","properties":{"Median_Tot_prsnl_inc_weekly":560,"Median_age_persons":34,"SA2_MAIN11":"209041216","SA2_NAME11":"Bundoora - North"},"id":"b02_aust_sa2.209041216"},{"type":"Feature","properties":{"Median_Tot_prsnl_inc_weekly":652,"Median_age_persons":37,"SA2_MAIN11":"211031265","SA2_NAME11":"Croydon Hills - Warranwood"},"id":"b02_aust_sa2.211031265"},{"type":"Feature","properties":{"Median_Tot_prsnl_inc_weekly":361,"Median_age_persons":38,"SA2_MAIN11":"209041219","SA2_NAME11":"Lalor"},"id":"b02_aust_sa2.209041219"},{"type":"Feature","properties":{"Median_Tot_prsnl_inc_weekly":660,"Median_age_persons":40,"SA2_MAIN11":"211031268","SA2_NAME11":"Ringwood North"},"id":"b02_aust_sa2.211031268"},{"type":"Feature","properties":{"Median_Tot_prsnl_inc_weekly":547,"Median_age_persons":36,"SA2_MAIN11":"209041220","SA2_NAME11":"Mill Park - North"},"id":"b02_aust_sa2.209041220"},{"type":"Feature","properties":{"Median_Tot_prsnl_inc_weekly":526,"Median_age_persons":35,"SA2_MAIN11":"209041221","SA2_NAME11":"Mill Park - South"},"id":"b02_aust_sa2.209041221"},{"type":"Feature","properties":{"Median_Tot_prsnl_inc_weekly":360,"Median_age_persons":38,"SA2_MAIN11":"209041223","SA2_NAME11":"Thomastown"},"id":"b02_aust_sa2.209041223"},{"type":"Feature","properties":{"Median_Tot_prsnl_inc_weekly":582,"Median_age_persons":43,"SA2_MAIN11":"210011228","SA2_NAME11":"Keilor"},"id":"b02_aust_sa2.210011228"},{"type":"Feature","properties":{"Median_Tot_prsnl_inc_weekly":684,"Median_age_persons":40,"SA2_MAIN11":"210011231","SA2_NAME11":"Strathmore"},"id":"b02_aust_sa2.210011231"},{"type":"Feature","properties":{"Median_Tot_prsnl_inc_weekly":675,"Median_age_persons":43,"SA2_MAIN11":"210021233","SA2_NAME11":"Macedon"},"id":"b02_aust_sa2.210021233"},{"type":"Feature","properties":{"Median_Tot_prsnl_inc_weekly":444,"Median_age_persons":36,"SA2_MAIN11":"210031238","SA2_NAME11":"Glenroy - Hadfield"},"id":"b02_aust_sa2.210031238"},{"type":"Feature","properties":{"Median_Tot_prsnl_inc_weekly":534,"Median_age_persons":41,"SA2_MAIN11":"211041269","SA2_NAME11":"Forest Hill"},"id":"b02_aust_sa2.211041269"},{"type":"Feature","properties":{"Median_Tot_prsnl_inc_weekly":588,"Median_age_persons":37,"SA2_MAIN11":"210031239","SA2_NAME11":"Pascoe Vale"},"id":"b02_aust_sa2.210031239"},{"type":"Feature","properties":{"Median_Tot_prsnl_inc_weekly":629,"Median_age_persons":36,"SA2_MAIN11":"210041240","SA2_NAME11":"Sunbury"},"id":"b02_aust_sa2.210041240"},{"type":"Feature","properties":{"Median_Tot_prsnl_inc_weekly":625,"Median_age_persons":36,"SA2_MAIN11":"210041241","SA2_NAME11":"Sunbury - South"},"id":"b02_aust_sa2.210041241"},{"type":"Feature","properties":{"Median_Tot_prsnl_inc_weekly":554,"Median_age_persons":40,"SA2_MAIN11":"211051277","SA2_NAME11":"Kilsyth"},"id":"b02_aust_sa2.211051277"},{"type":"Feature","properties":{"Median_Tot_prsnl_inc_weekly":339,"Median_age_persons":27,"SA2_MAIN11":"212051320","SA2_NAME11":"Clayton"},"id":"b02_aust_sa2.212051320"},{"type":"Feature","properties":{"Median_Tot_prsnl_inc_weekly":335,"Median_age_persons":33,"SA2_MAIN11":"210051242","SA2_NAME11":"Broadmeadows"},"id":"b02_aust_sa2.210051242"},{"type":"Feature","properties":{"Median_Tot_prsnl_inc_weekly":523,"Median_age_persons":35,"SA2_MAIN11":"213051367","SA2_NAME11":"Werribee"},"id":"b02_aust_sa2.213051367"},{"type":"Feature","properties":{"Median_Tot_prsnl_inc_weekly":506,"Median_age_persons":36,"SA2_MAIN11":"212021296","SA2_NAME11":"Endeavour Hills"},"id":"b02_aust_sa2.212021296"},{"type":"Feature","properties":{"Median_Tot_prsnl_inc_weekly":587,"Median_age_persons":40,"SA2_MAIN11":"211051275","SA2_NAME11":"Chirnside Park"},"id":"b02_aust_sa2.211051275"},{"type":"Feature","properties":{"Median_Tot_prsnl_inc_weekly":312,"Median_age_persons":33,"SA2_MAIN11":"210051243","SA2_NAME11":"Campbellfield - Coolaroo"},"id":"b02_aust_sa2.210051243"},{"type":"Feature","properties":{"Median_Tot_prsnl_inc_weekly":539,"Median_age_persons":39,"SA2_MAIN11":"210051245","SA2_NAME11":"Gladstone Park - Westmeadows"},"id":"b02_aust_sa2.210051245"},{"type":"Feature","properties":{"Median_Tot_prsnl_inc_weekly":556,"Median_age_persons":37,"SA2_MAIN11":"210051246","SA2_NAME11":"Greenvale - Bulla"},"id":"b02_aust_sa2.210051246"},{"type":"Feature","properties":{"Median_Tot_prsnl_inc_weekly":316,"Median_age_persons":29,"SA2_MAIN11":"210051247","SA2_NAME11":"Meadow Heights"},"id":"b02_aust_sa2.210051247"},{"type":"Feature","properties":{"Median_Tot_prsnl_inc_weekly":735,"Median_age_persons":39,"SA2_MAIN11":"210051248","SA2_NAME11":"Melbourne Airport"},"id":"b02_aust_sa2.210051248"},{"type":"Feature","properties":{"Median_Tot_prsnl_inc_weekly":405,"Median_age_persons":28,"SA2_MAIN11":"210051249","SA2_NAME11":"Roxburgh Park - Somerton"},"id":"b02_aust_sa2.210051249"},{"type":"Feature","properties":{"Median_Tot_prsnl_inc_weekly":555,"Median_age_persons":38,"SA2_MAIN11":"210051250","SA2_NAME11":"Tullamarine"},"id":"b02_aust_sa2.210051250"},{"type":"Feature","properties":{"Median_Tot_prsnl_inc_weekly":573,"Median_age_persons":37,"SA2_MAIN11":"211011251","SA2_NAME11":"Bayswater"},"id":"b02_aust_sa2.211011251"},{"type":"Feature","properties":{"Median_Tot_prsnl_inc_weekly":583,"Median_age_persons":38,"SA2_MAIN11":"211011253","SA2_NAME11":"Ferntree Gully"},"id":"b02_aust_sa2.211011253"},{"type":"Feature","properties":{"Median_Tot_prsnl_inc_weekly":699,"Median_age_persons":36,"SA2_MAIN11":"211011255","SA2_NAME11":"Lysterfield"},"id":"b02_aust_sa2.211011255"},{"type":"Feature","properties":{"Median_Tot_prsnl_inc_weekly":465,"Median_age_persons":35,"SA2_MAIN11":"212021297","SA2_NAME11":"Hallam"},"id":"b02_aust_sa2.212021297"},{"type":"Feature","properties":{"Median_Tot_prsnl_inc_weekly":599,"Median_age_persons":36,"SA2_MAIN11":"211011256","SA2_NAME11":"Rowville - Central"},"id":"b02_aust_sa2.211011256"},{"type":"Feature","properties":{"Median_Tot_prsnl_inc_weekly":668,"Median_age_persons":36,"SA2_MAIN11":"211011258","SA2_NAME11":"Rowville - South"},"id":"b02_aust_sa2.211011258"},{"type":"Feature","properties":{"Median_Tot_prsnl_inc_weekly":710,"Median_age_persons":40,"SA2_MAIN11":"211021262","SA2_NAME11":"Warrandyte - Wonga Park"},"id":"b02_aust_sa2.211021262"},{"type":"Feature","properties":{"Median_Tot_prsnl_inc_weekly":616,"Median_age_persons":30,"SA2_MAIN11":"212031302","SA2_NAME11":"Cranbourne North"},"id":"b02_aust_sa2.212031302"},{"type":"Feature","properties":{"Median_Tot_prsnl_inc_weekly":627,"Median_age_persons":35,"SA2_MAIN11":"211031263","SA2_NAME11":"Bayswater North"},"id":"b02_aust_sa2.211031263"},{"type":"Feature","properties":{"Median_Tot_prsnl_inc_weekly":576,"Median_age_persons":37,"SA2_MAIN11":"211031266","SA2_NAME11":"Ringwood"},"id":"b02_aust_sa2.211031266"},{"type":"Feature","properties":{"Median_Tot_prsnl_inc_weekly":594,"Median_age_persons":37,"SA2_MAIN11":"211041271","SA2_NAME11":"Nunawading"},"id":"b02_aust_sa2.211041271"},{"type":"Feature","properties":{"Median_Tot_prsnl_inc_weekly":593,"Median_age_persons":40,"SA2_MAIN11":"211041272","SA2_NAME11":"Vermont"},"id":"b02_aust_sa2.211041272"},{"type":"Feature","properties":{"Median_Tot_prsnl_inc_weekly":606,"Median_age_persons":39,"SA2_MAIN11":"212031303","SA2_NAME11":"Cranbourne South"},"id":"b02_aust_sa2.212031303"},{"type":"Feature","properties":{"Median_Tot_prsnl_inc_weekly":587,"Median_age_persons":29,"SA2_MAIN11":"212031304","SA2_NAME11":"Cranbourne West"},"id":"b02_aust_sa2.212031304"},{"type":"Feature","properties":{"Median_Tot_prsnl_inc_weekly":612,"Median_age_persons":40,"SA2_MAIN11":"211051280","SA2_NAME11":"Montrose"},"id":"b02_aust_sa2.211051280"},{"type":"Feature","properties":{"Median_Tot_prsnl_inc_weekly":654,"Median_age_persons":42,"SA2_MAIN11":"211051282","SA2_NAME11":"Mount Dandenong - Olinda"},"id":"b02_aust_sa2.211051282"},{"type":"Feature","properties":{"Median_Tot_prsnl_inc_weekly":615,"Median_age_persons":36,"SA2_MAIN11":"211051283","SA2_NAME11":"Mount Evelyn"},"id":"b02_aust_sa2.211051283"},{"type":"Feature","properties":{"Median_Tot_prsnl_inc_weekly":635,"Median_age_persons":37,"SA2_MAIN11":"211051284","SA2_NAME11":"Upwey - Tecoma"},"id":"b02_aust_sa2.211051284"},{"type":"Feature","properties":{"Median_Tot_prsnl_inc_weekly":535,"Median_age_persons":40,"SA2_MAIN11":"212011288","SA2_NAME11":"Bunyip - Garfield"},"id":"b02_aust_sa2.212011288"},{"type":"Feature","properties":{"Median_Tot_prsnl_inc_weekly":602,"Median_age_persons":39,"SA2_MAIN11":"212011289","SA2_NAME11":"Emerald - Cockatoo"},"id":"b02_aust_sa2.212011289"},{"type":"Feature","properties":{"Median_Tot_prsnl_inc_weekly":510,"Median_age_persons":39,"SA2_MAIN11":"212011290","SA2_NAME11":"Koo Wee Rup"},"id":"b02_aust_sa2.212011290"},{"type":"Feature","properties":{"Median_Tot_prsnl_inc_weekly":507,"Median_age_persons":32,"SA2_MAIN11":"212031305","SA2_NAME11":"Hampton Park - Lynbrook"},"id":"b02_aust_sa2.212031305"},{"type":"Feature","properties":{"Median_Tot_prsnl_inc_weekly":618,"Median_age_persons":30,"SA2_MAIN11":"212011291","SA2_NAME11":"Pakenham - North"},"id":"b02_aust_sa2.212011291"},{"type":"Feature","properties":{"Median_Tot_prsnl_inc_weekly":591,"Median_age_persons":31,"SA2_MAIN11":"212011292","SA2_NAME11":"Pakenham - South"},"id":"b02_aust_sa2.212011292"},{"type":"Feature","properties":{"Median_Tot_prsnl_inc_weekly":370,"Median_age_persons":35,"SA2_MAIN11":"212021295","SA2_NAME11":"Doveton"},"id":"b02_aust_sa2.212021295"},{"type":"Feature","properties":{"Median_Tot_prsnl_inc_weekly":698,"Median_age_persons":31,"SA2_MAIN11":"212031306","SA2_NAME11":"Lynbrook - Lyndhurst"},"id":"b02_aust_sa2.212031306"},{"type":"Feature","properties":{"Median_Tot_prsnl_inc_weekly":556,"Median_age_persons":34,"SA2_MAIN11":"212021298","SA2_NAME11":"Narre Warren"},"id":"b02_aust_sa2.212021298"},{"type":"Feature","properties":{"Median_Tot_prsnl_inc_weekly":529,"Median_age_persons":33,"SA2_MAIN11":"212031300","SA2_NAME11":"Cranbourne"},"id":"b02_aust_sa2.212031300"},{"type":"Feature","properties":{"Median_Tot_prsnl_inc_weekly":622,"Median_age_persons":31,"SA2_MAIN11":"212031307","SA2_NAME11":"Narre Warren South"},"id":"b02_aust_sa2.212031307"},{"type":"Feature","properties":{"Median_Tot_prsnl_inc_weekly":446,"Median_age_persons":41,"SA2_MAIN11":"212041309","SA2_NAME11":"Clarinda - Oakleigh South"},"id":"b02_aust_sa2.212041309"},{"type":"Feature","properties":{"Median_Tot_prsnl_inc_weekly":375,"Median_age_persons":33,"SA2_MAIN11":"212041311","SA2_NAME11":"Dandenong"},"id":"b02_aust_sa2.212041311"},{"type":"Feature","properties":{"Median_Tot_prsnl_inc_weekly":430,"Median_age_persons":37,"SA2_MAIN11":"212041312","SA2_NAME11":"Dandenong North"},"id":"b02_aust_sa2.212041312"},{"type":"Feature","properties":{"Median_Tot_prsnl_inc_weekly":606,"Median_age_persons":42,"SA2_MAIN11":"212041313","SA2_NAME11":"Dingley Village"},"id":"b02_aust_sa2.212041313"},{"type":"Feature","properties":{"Median_Tot_prsnl_inc_weekly":484,"Median_age_persons":37,"SA2_MAIN11":"212041314","SA2_NAME11":"Keysborough"},"id":"b02_aust_sa2.212041314"},{"type":"Feature","properties":{"Median_Tot_prsnl_inc_weekly":352,"Median_age_persons":34,"SA2_MAIN11":"212041317","SA2_NAME11":"Springvale"},"id":"b02_aust_sa2.212041317"},{"type":"Feature","properties":{"Median_Tot_prsnl_inc_weekly":405,"Median_age_persons":35,"SA2_MAIN11":"212041315","SA2_NAME11":"Noble Park"},"id":"b02_aust_sa2.212041315"},{"type":"Feature","properties":{"Median_Tot_prsnl_inc_weekly":440,"Median_age_persons":38,"SA2_MAIN11":"212041316","SA2_NAME11":"Noble Park North"},"id":"b02_aust_sa2.212041316"},{"type":"Feature","properties":{"Median_Tot_prsnl_inc_weekly":383,"Median_age_persons":34,"SA2_MAIN11":"212041318","SA2_NAME11":"Springvale South"},"id":"b02_aust_sa2.212041318"},{"type":"Feature","properties":{"Median_Tot_prsnl_inc_weekly":544,"Median_age_persons":35,"SA2_MAIN11":"212051319","SA2_NAME11":"Ashwood - Chadstone"},"id":"b02_aust_sa2.212051319"},{"type":"Feature","properties":{"Median_Tot_prsnl_inc_weekly":498,"Median_age_persons":40,"SA2_MAIN11":"212051322","SA2_NAME11":"Glen Waverley - West"},"id":"b02_aust_sa2.212051322"},{"type":"Feature","properties":{"Median_Tot_prsnl_inc_weekly":560,"Median_age_persons":42,"SA2_MAIN11":"212051323","SA2_NAME11":"Mount Waverley - North"},"id":"b02_aust_sa2.212051323"},{"type":"Feature","properties":{"Median_Tot_prsnl_inc_weekly":409,"Median_age_persons":38,"SA2_MAIN11":"213021343","SA2_NAME11":"Altona North"},"id":"b02_aust_sa2.213021343"},{"type":"Feature","properties":{"Median_Tot_prsnl_inc_weekly":573,"Median_age_persons":41,"SA2_MAIN11":"212051324","SA2_NAME11":"Mount Waverley - South"},"id":"b02_aust_sa2.212051324"},{"type":"Feature","properties":{"Median_Tot_prsnl_inc_weekly":537,"Median_age_persons":35,"SA2_MAIN11":"212051326","SA2_NAME11":"Oakleigh - Huntingdale"},"id":"b02_aust_sa2.212051326"},{"type":"Feature","properties":{"Median_Tot_prsnl_inc_weekly":543,"Median_age_persons":39,"SA2_MAIN11":"212051325","SA2_NAME11":"Mulgrave"},"id":"b02_aust_sa2.212051325"},{"type":"Feature","properties":{"Median_Tot_prsnl_inc_weekly":417,"Median_age_persons":34,"SA2_MAIN11":"213011328","SA2_NAME11":"Ardeer - Albion"},"id":"b02_aust_sa2.213011328"},{"type":"Feature","properties":{"Median_Tot_prsnl_inc_weekly":583,"Median_age_persons":44,"SA2_MAIN11":"212051327","SA2_NAME11":"Wheelers Hill"},"id":"b02_aust_sa2.212051327"},{"type":"Feature","properties":{"Median_Tot_prsnl_inc_weekly":555,"Median_age_persons":31,"SA2_MAIN11":"213011329","SA2_NAME11":"Cairnlea"},"id":"b02_aust_sa2.213011329"},{"type":"Feature","properties":{"Median_Tot_prsnl_inc_weekly":539,"Median_age_persons":31,"SA2_MAIN11":"213011330","SA2_NAME11":"Deer Park - Derrimut"},"id":"b02_aust_sa2.213011330"},{"type":"Feature","properties":{"Median_Tot_prsnl_inc_weekly":470,"Median_age_persons":38,"SA2_MAIN11":"213011332","SA2_NAME11":"Keilor Downs"},"id":"b02_aust_sa2.213011332"},{"type":"Feature","properties":{"Median_Tot_prsnl_inc_weekly":367,"Median_age_persons":35,"SA2_MAIN11":"213011333","SA2_NAME11":"Kings Park (Vic.)"},"id":"b02_aust_sa2.213011333"},{"type":"Feature","properties":{"Median_Tot_prsnl_inc_weekly":357,"Median_age_persons":36,"SA2_MAIN11":"213011334","SA2_NAME11":"St Albans - North"},"id":"b02_aust_sa2.213011334"},{"type":"Feature","properties":{"Median_Tot_prsnl_inc_weekly":346,"Median_age_persons":36,"SA2_MAIN11":"213011335","SA2_NAME11":"St Albans - South"},"id":"b02_aust_sa2.213011335"},{"type":"Feature","properties":{"Median_Tot_prsnl_inc_weekly":353,"Median_age_persons":37,"SA2_MAIN11":"213011337","SA2_NAME11":"Sunshine North"},"id":"b02_aust_sa2.213011337"},{"type":"Feature","properties":{"Median_Tot_prsnl_inc_weekly":412,"Median_age_persons":34,"SA2_MAIN11":"213011336","SA2_NAME11":"Sunshine"},"id":"b02_aust_sa2.213011336"},{"type":"Feature","properties":{"Median_Tot_prsnl_inc_weekly":610,"Median_age_persons":31,"SA2_MAIN11":"213011339","SA2_NAME11":"Sydenham"},"id":"b02_aust_sa2.213011339"},{"type":"Feature","properties":{"Median_Tot_prsnl_inc_weekly":570,"Median_age_persons":38,"SA2_MAIN11":"213011340","SA2_NAME11":"Taylors Lakes"},"id":"b02_aust_sa2.213011340"},{"type":"Feature","properties":{"Median_Tot_prsnl_inc_weekly":366,"Median_age_persons":37,"SA2_MAIN11":"213011338","SA2_NAME11":"Sunshine West"},"id":"b02_aust_sa2.213011338"},{"type":"Feature","properties":{"Median_Tot_prsnl_inc_weekly":573,"Median_age_persons":42,"SA2_MAIN11":"213021341","SA2_NAME11":"Altona"},"id":"b02_aust_sa2.213021341"},{"type":"Feature","properties":{"Median_Tot_prsnl_inc_weekly":761,"Median_age_persons":36,"SA2_MAIN11":"213021344","SA2_NAME11":"Newport"},"id":"b02_aust_sa2.213021344"},{"type":"Feature","properties":{"Median_Tot_prsnl_inc_weekly":618,"Median_age_persons":35,"SA2_MAIN11":"213021345","SA2_NAME11":"Seabrook"},"id":"b02_aust_sa2.213021345"},{"type":"Feature","properties":{"Median_Tot_prsnl_inc_weekly":547,"Median_age_persons":35,"SA2_MAIN11":"213031351","SA2_NAME11":"West Footscray - Tottenham"},"id":"b02_aust_sa2.213031351"},{"type":"Feature","properties":{"Median_Tot_prsnl_inc_weekly":379,"Median_age_persons":32,"SA2_MAIN11":"213031347","SA2_NAME11":"Braybrook"},"id":"b02_aust_sa2.213031347"},{"type":"Feature","properties":{"Median_Tot_prsnl_inc_weekly":487,"Median_age_persons":32,"SA2_MAIN11":"213031348","SA2_NAME11":"Footscray"},"id":"b02_aust_sa2.213031348"},{"type":"Feature","properties":{"Median_Tot_prsnl_inc_weekly":701,"Median_age_persons":32,"SA2_MAIN11":"213031349","SA2_NAME11":"Maribyrnong"},"id":"b02_aust_sa2.213031349"},{"type":"Feature","properties":{"Median_Tot_prsnl_inc_weekly":770,"Median_age_persons":35,"SA2_MAIN11":"213031350","SA2_NAME11":"Seddon - Kingsville"},"id":"b02_aust_sa2.213031350"},{"type":"Feature","properties":{"Median_Tot_prsnl_inc_weekly":767,"Median_age_persons":36,"SA2_MAIN11":"213031352","SA2_NAME11":"Yarraville"},"id":"b02_aust_sa2.213031352"},{"type":"Feature","properties":{"Median_Tot_prsnl_inc_weekly":683,"Median_age_persons":31,"SA2_MAIN11":"213041354","SA2_NAME11":"Caroline Springs"},"id":"b02_aust_sa2.213041354"},{"type":"Feature","properties":{"Median_Tot_prsnl_inc_weekly":579,"Median_age_persons":33,"SA2_MAIN11":"213051361","SA2_NAME11":"Hoppers Crossing - North"},"id":"b02_aust_sa2.213051361"},{"type":"Feature","properties":{"Median_Tot_prsnl_inc_weekly":517,"Median_age_persons":36,"SA2_MAIN11":"213051362","SA2_NAME11":"Hoppers Crossing - South"},"id":"b02_aust_sa2.213051362"},{"type":"Feature","properties":{"Median_Tot_prsnl_inc_weekly":462,"Median_age_persons":31,"SA2_MAIN11":"213051363","SA2_NAME11":"Laverton"},"id":"b02_aust_sa2.213051363"},{"type":"Feature","properties":{"Median_Tot_prsnl_inc_weekly":591,"Median_age_persons":34,"SA2_MAIN11":"214011370","SA2_NAME11":"Carrum Downs"},"id":"b02_aust_sa2.214011370"},{"type":"Feature","properties":{"Median_Tot_prsnl_inc_weekly":724,"Median_age_persons":29,"SA2_MAIN11":"213051366","SA2_NAME11":"Truganina"},"id":"b02_aust_sa2.213051366"},{"type":"Feature","properties":{"Median_Tot_prsnl_inc_weekly":530,"Median_age_persons":38,"SA2_MAIN11":"214011371","SA2_NAME11":"Frankston"},"id":"b02_aust_sa2.214011371"},{"type":"Feature","properties":{"Median_Tot_prsnl_inc_weekly":456,"Median_age_persons":38,"SA2_MAIN11":"214011372","SA2_NAME11":"Frankston North"},"id":"b02_aust_sa2.214011372"},{"type":"Feature","properties":{"Median_Tot_prsnl_inc_weekly":595,"Median_age_persons":43,"SA2_MAIN11":"214011373","SA2_NAME11":"Frankston South"},"id":"b02_aust_sa2.214011373"},{"type":"Feature","properties":{"Median_Tot_prsnl_inc_weekly":627,"Median_age_persons":36,"SA2_MAIN11":"214011374","SA2_NAME11":"Langwarrin"},"id":"b02_aust_sa2.214011374"},{"type":"Feature","properties":{"Median_Tot_prsnl_inc_weekly":559,"Median_age_persons":39,"SA2_MAIN11":"214011375","SA2_NAME11":"Seaford (Vic.)"},"id":"b02_aust_sa2.214011375"},{"type":"Feature","properties":{"Median_Tot_prsnl_inc_weekly":731,"Median_age_persons":33,"SA2_MAIN11":"214011376","SA2_NAME11":"Skye - Sandhurst"},"id":"b02_aust_sa2.214011376"},{"type":"Feature","properties":{"Median_Tot_prsnl_inc_weekly":485,"Median_age_persons":49,"SA2_MAIN11":"214021377","SA2_NAME11":"Dromana"},"id":"b02_aust_sa2.214021377"},{"type":"Feature","properties":{"Median_Tot_prsnl_inc_weekly":653,"Median_age_persons":49,"SA2_MAIN11":"214021378","SA2_NAME11":"Flinders"},"id":"b02_aust_sa2.214021378"},{"type":"Feature","properties":{"Median_Tot_prsnl_inc_weekly":539,"Median_age_persons":38,"SA2_MAIN11":"214021379","SA2_NAME11":"Hastings - Somers"},"id":"b02_aust_sa2.214021379"},{"type":"Feature","properties":{"Median_Tot_prsnl_inc_weekly":555,"Median_age_persons":43,"SA2_MAIN11":"214021380","SA2_NAME11":"Mornington"},"id":"b02_aust_sa2.214021380"},{"type":"Feature","properties":{"Median_Tot_prsnl_inc_weekly":661,"Median_age_persons":43,"SA2_MAIN11":"214021381","SA2_NAME11":"Mount Eliza"},"id":"b02_aust_sa2.214021381"},{"type":"Feature","properties":{"Median_Tot_prsnl_inc_weekly":617,"Median_age_persons":41,"SA2_MAIN11":"214021382","SA2_NAME11":"Mount Martha"},"id":"b02_aust_sa2.214021382"},{"type":"Feature","properties":{"Median_Tot_prsnl_inc_weekly":491,"Median_age_persons":49,"SA2_MAIN11":"214021383","SA2_NAME11":"Point Nepean"},"id":"b02_aust_sa2.214021383"},{"type":"Feature","properties":{"Median_Tot_prsnl_inc_weekly":422,"Median_age_persons":51,"SA2_MAIN11":"214021384","SA2_NAME11":"Rosebud - McCrae"},"id":"b02_aust_sa2.214021384"},{"type":"Feature","properties":{"Median_Tot_prsnl_inc_weekly":573,"Median_age_persons":38,"SA2_MAIN11":"214021385","SA2_NAME11":"Somerville"},"id":"b02_aust_sa2.214021385"}]}