{"type":"FeatureCollection","bbox":[0.0,0.0,-1.0,-1.0],"features":[{"type":"Feature","properties":{"psq_bach_deg_%":22.9,"p_tot":17036,"psq_pop_15_yrs_plus_%":62.9,"sa2_name_2011":"Box Hill North","year":"2011","sa2_code_2011":"207031164"},"id":"sa2_nrp_people_2010_2014.fid--2ea3ac96_1631088cc08_4c37"},{"type":"Feature","properties":{"psq_bach_deg_%":24.1,"p_tot":9547,"psq_pop_15_yrs_plus_%":65.4,"sa2_name_2011":"Flemington","year":"2011","sa2_code_2011":"206031115"},"id":"sa2_nrp_people_2010_2014.fid--2ea3ac96_1631088cc08_4c39"},{"type":"Feature","properties":{"psq_bach_deg_%":16.2,"p_tot":19670,"psq_pop_15_yrs_plus_%":60.0,"sa2_name_2011":"Ringwood East","year":"2011","sa2_code_2011":"211031267"},"id":"sa2_nrp_people_2010_2014.fid--2ea3ac96_1631088cc08_4c3a"},{"type":"Feature","properties":{"psq_bach_deg_%":19.3,"p_tot":11891,"psq_pop_15_yrs_plus_%":58.6,"sa2_name_2011":"Vermont South","year":"2011","sa2_code_2011":"211041273"},"id":"sa2_nrp_people_2010_2014.fid--2ea3ac96_1631088cc08_4c3e"},{"type":"Feature","properties":{"psq_bach_deg_%":19.4,"p_tot":26234,"psq_pop_15_yrs_plus_%":58.4,"sa2_name_2011":"Coburg","year":"2011","sa2_code_2011":"206011108"},"id":"sa2_nrp_people_2010_2014.fid--2ea3ac96_1631088cc08_4c40"},{"type":"Feature","properties":{"psq_bach_deg_%":21.3,"p_tot":25845,"psq_pop_15_yrs_plus_%":62.2,"sa2_name_2011":"Essendon - Aberfeldie","year":"2011","sa2_code_2011":"206031114"},"id":"sa2_nrp_people_2010_2014.fid--2ea3ac96_1631088cc08_4c41"},{"type":"Feature","properties":{"psq_bach_deg_%":25.1,"p_tot":8561,"psq_pop_15_yrs_plus_%":66.4,"sa2_name_2011":"Alphington - Fairfield","year":"2011","sa2_code_2011":"206021110"},"id":"sa2_nrp_people_2010_2014.fid--2ea3ac96_1631088cc08_4c42"},{"type":"Feature","properties":{"psq_bach_deg_%":25.2,"p_tot":17047,"psq_pop_15_yrs_plus_%":68.1,"sa2_name_2011":"Carnegie","year":"2011","sa2_code_2011":"208021176"},"id":"sa2_nrp_people_2010_2014.fid--2ea3ac96_1631088cc08_4c43"},{"type":"Feature","properties":{"psq_bach_deg_%":33.5,"p_tot":12174,"psq_pop_15_yrs_plus_%":76.1,"sa2_name_2011":"Southbank","year":"2011","sa2_code_2011":"206041126"},"id":"sa2_nrp_people_2010_2014.fid--2ea3ac96_1631088cc08_4c44"},{"type":"Feature","properties":{"psq_bach_deg_%":21.7,"p_tot":7384,"psq_pop_15_yrs_plus_%":60.9,"sa2_name_2011":"Hughesdale","year":"2011","sa2_code_2011":"208021180"},"id":"sa2_nrp_people_2010_2014.fid--2ea3ac96_1631088cc08_4c45"},{"type":"Feature","properties":{"psq_bach_deg_%":8.6,"p_tot":6545,"psq_pop_15_yrs_plus_%":49.1,"sa2_name_2011":"Tullamarine","year":"2011","sa2_code_2011":"210051250"},"id":"sa2_nrp_people_2010_2014.fid--2ea3ac96_1631088cc08_4c46"},{"type":"Feature","properties":{"psq_bach_deg_%":22.7,"p_tot":14168,"psq_pop_15_yrs_plus_%":62.3,"sa2_name_2011":"Moonee Ponds","year":"2011","sa2_code_2011":"206031116"},"id":"sa2_nrp_people_2010_2014.fid--2ea3ac96_1631088cc08_4c47"},{"type":"Feature","properties":{"psq_bach_deg_%":31.5,"p_tot":15009,"psq_pop_15_yrs_plus_%":72.6,"sa2_name_2011":"Albert Park","year":"2011","sa2_code_2011":"206051128"},"id":"sa2_nrp_people_2010_2014.fid--2ea3ac96_1631088cc08_4c48"},{"type":"Feature","properties":{"psq_bach_deg_%":31.2,"p_tot":14417,"psq_pop_15_yrs_plus_%":73.7,"sa2_name_2011":"Hawthorn East","year":"2011","sa2_code_2011":"207011152"},"id":"sa2_nrp_people_2010_2014.fid--2ea3ac96_1631088cc08_4c49"},{"type":"Feature","properties":{"psq_bach_deg_%":21.9,"p_tot":17344,"psq_pop_15_yrs_plus_%":60.2,"sa2_name_2011":"Templestowe","year":"2011","sa2_code_2011":"207021159"},"id":"sa2_nrp_people_2010_2014.fid--2ea3ac96_1631088cc08_4c4a"},{"type":"Feature","properties":{"psq_bach_deg_%":28.9,"p_tot":24091,"psq_pop_15_yrs_plus_%":75.5,"sa2_name_2011":"St Kilda","year":"2011","sa2_code_2011":"206051133"},"id":"sa2_nrp_people_2010_2014.fid--2ea3ac96_1631088cc08_4c4b"},{"type":"Feature","properties":{"psq_bach_deg_%":25.4,"p_tot":16087,"psq_pop_15_yrs_plus_%":66.4,"sa2_name_2011":"Brighton East","year":"2011","sa2_code_2011":"208011170"},"id":"sa2_nrp_people_2010_2014.fid--2ea3ac96_1631088cc08_4c4c"},{"type":"Feature","properties":{"psq_bach_deg_%":11.4,"p_tot":23969,"psq_pop_15_yrs_plus_%":49.8,"sa2_name_2011":"Reservoir - West","year":"2011","sa2_code_2011":"209021208"},"id":"sa2_nrp_people_2010_2014.fid--2ea3ac96_1631088cc08_4c4d"},{"type":"Feature","properties":{"psq_bach_deg_%":9.4,"p_tot":3671,"psq_pop_15_yrs_plus_%":60.8,"sa2_name_2011":"Kinglake","year":"2011","sa2_code_2011":"209031211"},"id":"sa2_nrp_people_2010_2014.fid--2ea3ac96_1631088cc08_4c4e"},{"type":"Feature","properties":{"psq_bach_deg_%":27.5,"p_tot":5213,"psq_pop_15_yrs_plus_%":71.0,"sa2_name_2011":"Abbotsford","year":"2011","sa2_code_2011":"206071139"},"id":"sa2_nrp_people_2010_2014.fid--2ea3ac96_1631088cc08_4c4f"},{"type":"Feature","properties":{"psq_bach_deg_%":10.7,"p_tot":7234,"psq_pop_15_yrs_plus_%":50.3,"sa2_name_2011":"Airport West","year":"2011","sa2_code_2011":"210011226"},"id":"sa2_nrp_people_2010_2014.fid--2ea3ac96_1631088cc08_4c50"},{"type":"Feature","properties":{"psq_bach_deg_%":24.5,"p_tot":7940,"psq_pop_15_yrs_plus_%":64.4,"sa2_name_2011":"Ashburton (Vic.)","year":"2011","sa2_code_2011":"207011146"},"id":"sa2_nrp_people_2010_2014.fid--2ea3ac96_1631088cc08_4c51"},{"type":"Feature","properties":{"psq_bach_deg_%":21.1,"p_tot":19343,"psq_pop_15_yrs_plus_%":58.6,"sa2_name_2011":"Doncaster","year":"2011","sa2_code_2011":"207021157"},"id":"sa2_nrp_people_2010_2014.fid--2ea3ac96_1631088cc08_4c52"},{"type":"Feature","properties":{"psq_bach_deg_%":20.1,"p_tot":13792,"psq_pop_15_yrs_plus_%":60.5,"sa2_name_2011":"Templestowe Lower","year":"2011","sa2_code_2011":"207021160"},"id":"sa2_nrp_people_2010_2014.fid--2ea3ac96_1631088cc08_4c53"},{"type":"Feature","properties":{"psq_bach_deg_%":22.3,"p_tot":20635,"psq_pop_15_yrs_plus_%":64.9,"sa2_name_2011":"Blackburn","year":"2011","sa2_code_2011":"207031161"},"id":"sa2_nrp_people_2010_2014.fid--2ea3ac96_1631088cc08_4c54"},{"type":"Feature","properties":{"psq_bach_deg_%":17.5,"p_tot":31400,"psq_pop_15_yrs_plus_%":57.6,"sa2_name_2011":"Preston","year":"2011","sa2_code_2011":"209021206"},"id":"sa2_nrp_people_2010_2014.fid--2ea3ac96_1631088cc08_4c55"},{"type":"Feature","properties":{"psq_bach_deg_%":null,"p_tot":null,"psq_pop_15_yrs_plus_%":null,"sa2_name_2011":"Essendon Airport","year":"2011","sa2_code_2011":"210011227"},"id":"sa2_nrp_people_2010_2014.fid--2ea3ac96_1631088cc08_4c56"},{"type":"Feature","properties":{"psq_bach_deg_%":13.6,"p_tot":13931,"psq_pop_15_yrs_plus_%":57.5,"sa2_name_2011":"Wattle Glen - Diamond Creek","year":"2011","sa2_code_2011":"209031215"},"id":"sa2_nrp_people_2010_2014.fid--2ea3ac96_1631088cc08_4c57"},{"type":"Feature","properties":{"psq_bach_deg_%":18.7,"p_tot":10502,"psq_pop_15_yrs_plus_%":60.7,"sa2_name_2011":"Warrandyte - Wonga Park","year":"2011","sa2_code_2011":"211021262"},"id":"sa2_nrp_people_2010_2014.fid--2ea3ac96_1631088cc08_4c58"},{"type":"Feature","properties":{"psq_bach_deg_%":6.1,"p_tot":15767,"psq_pop_15_yrs_plus_%":35.4,"sa2_name_2011":"Meadow Heights","year":"2011","sa2_code_2011":"210051247"},"id":"sa2_nrp_people_2010_2014.fid--2ea3ac96_1631088cc08_4c59"},{"type":"Feature","properties":{"psq_bach_deg_%":11.7,"p_tot":158,"psq_pop_15_yrs_plus_%":70.0,"sa2_name_2011":"Melbourne Airport","year":"2011","sa2_code_2011":"210051248"},"id":"sa2_nrp_people_2010_2014.fid--2ea3ac96_1631088cc08_4c5a"},{"type":"Feature","properties":{"psq_bach_deg_%":15.5,"p_tot":21506,"psq_pop_15_yrs_plus_%":56.5,"sa2_name_2011":"Pascoe Vale","year":"2011","sa2_code_2011":"210031239"},"id":"sa2_nrp_people_2010_2014.fid--2ea3ac96_1631088cc08_4c5b"},{"type":"Feature","properties":{"psq_bach_deg_%":9.5,"p_tot":13072,"psq_pop_15_yrs_plus_%":54.1,"sa2_name_2011":"Sunbury","year":"2011","sa2_code_2011":"210041240"},"id":"sa2_nrp_people_2010_2014.fid--2ea3ac96_1631088cc08_4c5c"},{"type":"Feature","properties":{"psq_bach_deg_%":14.9,"p_tot":8350,"psq_pop_15_yrs_plus_%":55.3,"sa2_name_2011":"Rowville - North","year":"2011","sa2_code_2011":"211011257"},"id":"sa2_nrp_people_2010_2014.fid--2ea3ac96_1631088cc08_4c5d"},{"type":"Feature","properties":{"psq_bach_deg_%":9.3,"p_tot":35331,"psq_pop_15_yrs_plus_%":48.6,"sa2_name_2011":"Craigieburn - Mickleham","year":"2011","sa2_code_2011":"210051244"},"id":"sa2_nrp_people_2010_2014.fid--2ea3ac96_1631088cc08_4c5e"},{"type":"Feature","properties":{"psq_bach_deg_%":18.3,"p_tot":9658,"psq_pop_15_yrs_plus_%":59.7,"sa2_name_2011":"Ringwood North","year":"2011","sa2_code_2011":"211031268"},"id":"sa2_nrp_people_2010_2014.fid--2ea3ac96_1631088cc08_4c5f"},{"type":"Feature","properties":{"psq_bach_deg_%":14.2,"p_tot":15839,"psq_pop_15_yrs_plus_%":53.3,"sa2_name_2011":"Rowville - Central","year":"2011","sa2_code_2011":"211011256"},"id":"sa2_nrp_people_2010_2014.fid--2ea3ac96_1631088cc08_4c60"},{"type":"Feature","properties":{"psq_bach_deg_%":15.3,"p_tot":16594,"psq_pop_15_yrs_plus_%":57.4,"sa2_name_2011":"Ringwood","year":"2011","sa2_code_2011":"211031266"},"id":"sa2_nrp_people_2010_2014.fid--2ea3ac96_1631088cc08_4c61"},{"type":"Feature","properties":{"psq_bach_deg_%":10.3,"p_tot":21321,"psq_pop_15_yrs_plus_%":53.4,"sa2_name_2011":"Mooroolbark","year":"2011","sa2_code_2011":"211051281"},"id":"sa2_nrp_people_2010_2014.fid--2ea3ac96_1631088cc08_4c62"},{"type":"Feature","properties":{"psq_bach_deg_%":19.0,"p_tot":10060,"psq_pop_15_yrs_plus_%":65.9,"sa2_name_2011":"Mount Dandenong - Olinda","year":"2011","sa2_code_2011":"211051282"},"id":"sa2_nrp_people_2010_2014.fid--2ea3ac96_1631088cc08_4c63"},{"type":"Feature","properties":{"psq_bach_deg_%":10.2,"p_tot":9422,"psq_pop_15_yrs_plus_%":53.5,"sa2_name_2011":"Chirnside Park","year":"2011","sa2_code_2011":"211051275"},"id":"sa2_nrp_people_2010_2014.fid--2ea3ac96_1631088cc08_4c64"},{"type":"Feature","properties":{"psq_bach_deg_%":12.1,"p_tot":23042,"psq_pop_15_yrs_plus_%":54.7,"sa2_name_2011":"Berwick - North","year":"2011","sa2_code_2011":"212021293"},"id":"sa2_nrp_people_2010_2014.fid--2ea3ac96_1631088cc08_4c65"},{"type":"Feature","properties":{"psq_bach_deg_%":13.8,"p_tot":23681,"psq_pop_15_yrs_plus_%":57.0,"sa2_name_2011":"Berwick - South","year":"2011","sa2_code_2011":"212021294"},"id":"sa2_nrp_people_2010_2014.fid--2ea3ac96_1631088cc08_4c66"},{"type":"Feature","properties":{"psq_bach_deg_%":9.1,"p_tot":27414,"psq_pop_15_yrs_plus_%":49.2,"sa2_name_2011":"Dandenong","year":"2011","sa2_code_2011":"212041311"},"id":"sa2_nrp_people_2010_2014.fid--2ea3ac96_1631088cc08_4c67"},{"type":"Feature","properties":{"psq_bach_deg_%":9.6,"p_tot":9615,"psq_pop_15_yrs_plus_%":55.4,"sa2_name_2011":"Mount Evelyn","year":"2011","sa2_code_2011":"211051283"},"id":"sa2_nrp_people_2010_2014.fid--2ea3ac96_1631088cc08_4c68"},{"type":"Feature","properties":{"psq_bach_deg_%":14.6,"p_tot":10067,"psq_pop_15_yrs_plus_%":60.9,"sa2_name_2011":"Upwey - Tecoma","year":"2011","sa2_code_2011":"211051284"},"id":"sa2_nrp_people_2010_2014.fid--2ea3ac96_1631088cc08_4c69"},{"type":"Feature","properties":{"psq_bach_deg_%":7.2,"p_tot":16347,"psq_pop_15_yrs_plus_%":53.1,"sa2_name_2011":"Yarra Valley","year":"2011","sa2_code_2011":"211051286"},"id":"sa2_nrp_people_2010_2014.fid--2ea3ac96_1631088cc08_4c6a"},{"type":"Feature","properties":{"psq_bach_deg_%":5.2,"p_tot":10695,"psq_pop_15_yrs_plus_%":46.1,"sa2_name_2011":"Doveton","year":"2011","sa2_code_2011":"212021295"},"id":"sa2_nrp_people_2010_2014.fid--2ea3ac96_1631088cc08_4c6b"},{"type":"Feature","properties":{"psq_bach_deg_%":12.0,"p_tot":26650,"psq_pop_15_yrs_plus_%":51.3,"sa2_name_2011":"Endeavour Hills","year":"2011","sa2_code_2011":"212021296"},"id":"sa2_nrp_people_2010_2014.fid--2ea3ac96_1631088cc08_4c6c"},{"type":"Feature","properties":{"psq_bach_deg_%":9.4,"p_tot":7753,"psq_pop_15_yrs_plus_%":45.9,"sa2_name_2011":"Noble Park North","year":"2011","sa2_code_2011":"212041316"},"id":"sa2_nrp_people_2010_2014.fid--2ea3ac96_1631088cc08_4c6d"},{"type":"Feature","properties":{"psq_bach_deg_%":8.7,"p_tot":26954,"psq_pop_15_yrs_plus_%":49.8,"sa2_name_2011":"Narre Warren","year":"2011","sa2_code_2011":"212021298"},"id":"sa2_nrp_people_2010_2014.fid--2ea3ac96_1631088cc08_4c6e"},{"type":"Feature","properties":{"psq_bach_deg_%":10.7,"p_tot":29640,"psq_pop_15_yrs_plus_%":51.4,"sa2_name_2011":"Narre Warren South","year":"2011","sa2_code_2011":"212031307"},"id":"sa2_nrp_people_2010_2014.fid--2ea3ac96_1631088cc08_4c6f"},{"type":"Feature","properties":{"psq_bach_deg_%":5.5,"p_tot":7706,"psq_pop_15_yrs_plus_%":49.2,"sa2_name_2011":"Pearcedale - Tooradin","year":"2011","sa2_code_2011":"212031308"},"id":"sa2_nrp_people_2010_2014.fid--2ea3ac96_1631088cc08_4c70"},{"type":"Feature","properties":{"psq_bach_deg_%":21.5,"p_tot":16979,"psq_pop_15_yrs_plus_%":62.7,"sa2_name_2011":"Ashwood - Chadstone","year":"2011","sa2_code_2011":"212051319"},"id":"sa2_nrp_people_2010_2014.fid--2ea3ac96_1631088cc08_4c71"},{"type":"Feature","properties":{"psq_bach_deg_%":19.1,"p_tot":21232,"psq_pop_15_yrs_plus_%":59.1,"sa2_name_2011":"Oakleigh - Huntingdale","year":"2011","sa2_code_2011":"212051326"},"id":"sa2_nrp_people_2010_2014.fid--2ea3ac96_1631088cc08_4c72"},{"type":"Feature","properties":{"psq_bach_deg_%":7.2,"p_tot":19800,"psq_pop_15_yrs_plus_%":44.5,"sa2_name_2011":"St Albans - North","year":"2011","sa2_code_2011":"213011334"},"id":"sa2_nrp_people_2010_2014.fid--2ea3ac96_1631088cc08_4c73"},{"type":"Feature","properties":{"psq_bach_deg_%":13.7,"p_tot":12260,"psq_pop_15_yrs_plus_%":56.0,"sa2_name_2011":"Altona","year":"2011","sa2_code_2011":"213021341"},"id":"sa2_nrp_people_2010_2014.fid--2ea3ac96_1631088cc08_4c74"},{"type":"Feature","properties":{"psq_bach_deg_%":16.2,"p_tot":18517,"psq_pop_15_yrs_plus_%":56.0,"sa2_name_2011":"Mulgrave","year":"2011","sa2_code_2011":"212051325"},"id":"sa2_nrp_people_2010_2014.fid--2ea3ac96_1631088cc08_4c75"},{"type":"Feature","properties":{"psq_bach_deg_%":20.0,"p_tot":20125,"psq_pop_15_yrs_plus_%":58.7,"sa2_name_2011":"Wheelers Hill","year":"2011","sa2_code_2011":"212051327"},"id":"sa2_nrp_people_2010_2014.fid--2ea3ac96_1631088cc08_4c76"},{"type":"Feature","properties":{"psq_bach_deg_%":9.2,"p_tot":13558,"psq_pop_15_yrs_plus_%":46.6,"sa2_name_2011":"Altona North","year":"2011","sa2_code_2011":"213021343"},"id":"sa2_nrp_people_2010_2014.fid--2ea3ac96_1631088cc08_4c77"},{"type":"Feature","properties":{"psq_bach_deg_%":24.1,"p_tot":8701,"psq_pop_15_yrs_plus_%":65.9,"sa2_name_2011":"Seddon - Kingsville","year":"2011","sa2_code_2011":"213031350"},"id":"sa2_nrp_people_2010_2014.fid--2ea3ac96_1631088cc08_4c78"},{"type":"Feature","properties":{"psq_bach_deg_%":13.9,"p_tot":16719,"psq_pop_15_yrs_plus_%":51.4,"sa2_name_2011":"Braybrook","year":"2011","sa2_code_2011":"213031347"},"id":"sa2_nrp_people_2010_2014.fid--2ea3ac96_1631088cc08_4c79"},{"type":"Feature","properties":{"psq_bach_deg_%":7.0,"p_tot":14514,"psq_pop_15_yrs_plus_%":48.6,"sa2_name_2011":"Melton West","year":"2011","sa2_code_2011":"213041358"},"id":"sa2_nrp_people_2010_2014.fid--2ea3ac96_1631088cc08_4c7a"},{"type":"Feature","properties":{"psq_bach_deg_%":19.7,"p_tot":14025,"psq_pop_15_yrs_plus_%":63.1,"sa2_name_2011":"Footscray","year":"2011","sa2_code_2011":"213031348"},"id":"sa2_nrp_people_2010_2014.fid--2ea3ac96_1631088cc08_4c7b"},{"type":"Feature","properties":{"psq_bach_deg_%":21.8,"p_tot":10671,"psq_pop_15_yrs_plus_%":62.2,"sa2_name_2011":"Maribyrnong","year":"2011","sa2_code_2011":"213031349"},"id":"sa2_nrp_people_2010_2014.fid--2ea3ac96_1631088cc08_4c7c"},{"type":"Feature","properties":{"psq_bach_deg_%":6.3,"p_tot":9000,"psq_pop_15_yrs_plus_%":48.2,"sa2_name_2011":"Cranbourne West","year":"2011","sa2_code_2011":"212031304"},"id":"sa2_nrp_people_2010_2014.fid--2ea3ac96_1631088cc08_4c7d"},{"type":"Feature","properties":{"psq_bach_deg_%":8.8,"p_tot":8769,"psq_pop_15_yrs_plus_%":43.4,"sa2_name_2011":"Delahey","year":"2011","sa2_code_2011":"213011331"},"id":"sa2_nrp_people_2010_2014.fid--2ea3ac96_1631088cc08_4c7e"},{"type":"Feature","properties":{"psq_bach_deg_%":31.7,"p_tot":9301,"psq_pop_15_yrs_plus_%":73.4,"sa2_name_2011":"Armadale","year":"2011","sa2_code_2011":"206061135"},"id":"sa2_nrp_people_2010_2014.fid--2ea3ac96_1631088cc08_4c7f"},{"type":"Feature","properties":{"psq_bach_deg_%":29.6,"p_tot":18738,"psq_pop_15_yrs_plus_%":72.0,"sa2_name_2011":"Prahran - Windsor","year":"2011","sa2_code_2011":"206061136"},"id":"sa2_nrp_people_2010_2014.fid--2ea3ac96_1631088cc08_4c80"},{"type":"Feature","properties":{"psq_bach_deg_%":23.0,"p_tot":17699,"psq_pop_15_yrs_plus_%":65.0,"sa2_name_2011":"Hampton","year":"2011","sa2_code_2011":"208011172"},"id":"sa2_nrp_people_2010_2014.fid--2ea3ac96_1631088cc08_4c84"},{"type":"Feature","properties":{"psq_bach_deg_%":9.0,"p_tot":10862,"psq_pop_15_yrs_plus_%":48.3,"sa2_name_2011":"Werribee - South","year":"2011","sa2_code_2011":"213051368"},"id":"sa2_nrp_people_2010_2014.fid--2ea3ac96_1631088cc08_4c85"},{"type":"Feature","properties":{"psq_bach_deg_%":30.8,"p_tot":20,"psq_pop_15_yrs_plus_%":69.2,"sa2_name_2011":"Braeside","year":"2011","sa2_code_2011":"208031184"},"id":"sa2_nrp_people_2010_2014.fid--2ea3ac96_1631088cc08_4c86"},{"type":"Feature","properties":{"psq_bach_deg_%":11.3,"p_tot":7216,"psq_pop_15_yrs_plus_%":54.1,"sa2_name_2011":"Narre Warren North","year":"2011","sa2_code_2011":"212021299"},"id":"sa2_nrp_people_2010_2014.fid--2ea3ac96_1631088cc08_4c87"},{"type":"Feature","properties":{"psq_bach_deg_%":9.5,"p_tot":8344,"psq_pop_15_yrs_plus_%":54.4,"sa2_name_2011":"Cranbourne East","year":"2011","sa2_code_2011":"212031301"},"id":"sa2_nrp_people_2010_2014.fid--2ea3ac96_1631088cc08_4c88"},{"type":"Feature","properties":{"psq_bach_deg_%":14.5,"p_tot":12107,"psq_pop_15_yrs_plus_%":55.0,"sa2_name_2011":"Lynbrook - Lyndhurst","year":"2011","sa2_code_2011":"212031306"},"id":"sa2_nrp_people_2010_2014.fid--2ea3ac96_1631088cc08_4c89"},{"type":"Feature","properties":{"psq_bach_deg_%":29.3,"p_tot":8966,"psq_pop_15_yrs_plus_%":68.7,"sa2_name_2011":"Brunswick East","year":"2011","sa2_code_2011":"206011106"},"id":"sa2_nrp_people_2010_2014.fid--2ea3ac96_1631088cc08_4c8a"},{"type":"Feature","properties":{"psq_bach_deg_%":33.3,"p_tot":6426,"psq_pop_15_yrs_plus_%":75.9,"sa2_name_2011":"South Yarra - West","year":"2011","sa2_code_2011":"206041125"},"id":"sa2_nrp_people_2010_2014.fid--2ea3ac96_1631088cc08_4c8c"},{"type":"Feature","properties":{"psq_bach_deg_%":19.6,"p_tot":10544,"psq_pop_15_yrs_plus_%":63.4,"sa2_name_2011":"Cheltenham - Highett (West)","year":"2011","sa2_code_2011":"208011171"},"id":"sa2_nrp_people_2010_2014.fid--2ea3ac96_1631088cc08_4c90"},{"type":"Feature","properties":{"psq_bach_deg_%":23.2,"p_tot":13864,"psq_pop_15_yrs_plus_%":65.1,"sa2_name_2011":"Brunswick West","year":"2011","sa2_code_2011":"206011107"},"id":"sa2_nrp_people_2010_2014.fid--2ea3ac96_1631088cc08_4c91"},{"type":"Feature","properties":{"psq_bach_deg_%":18.8,"p_tot":26982,"psq_pop_15_yrs_plus_%":59.3,"sa2_name_2011":"Bentleigh East","year":"2011","sa2_code_2011":"208021175"},"id":"sa2_nrp_people_2010_2014.fid--2ea3ac96_1631088cc08_4c92"},{"type":"Feature","properties":{"psq_bach_deg_%":27.0,"p_tot":11292,"psq_pop_15_yrs_plus_%":70.6,"sa2_name_2011":"Elsternwick","year":"2011","sa2_code_2011":"208021179"},"id":"sa2_nrp_people_2010_2014.fid--2ea3ac96_1631088cc08_4c93"},{"type":"Feature","properties":{"psq_bach_deg_%":27.4,"p_tot":24152,"psq_pop_15_yrs_plus_%":67.4,"sa2_name_2011":"Northcote","year":"2011","sa2_code_2011":"206021111"},"id":"sa2_nrp_people_2010_2014.fid--2ea3ac96_1631088cc08_4c94"},{"type":"Feature","properties":{"psq_bach_deg_%":22.4,"p_tot":14135,"psq_pop_15_yrs_plus_%":63.3,"sa2_name_2011":"Ascot Vale","year":"2011","sa2_code_2011":"206031113"},"id":"sa2_nrp_people_2010_2014.fid--2ea3ac96_1631088cc08_4c95"},{"type":"Feature","properties":{"psq_bach_deg_%":9.8,"p_tot":19327,"psq_pop_15_yrs_plus_%":50.2,"sa2_name_2011":"Hoppers Crossing - South","year":"2011","sa2_code_2011":"213051362"},"id":"sa2_nrp_people_2010_2014.fid--2ea3ac96_1631088cc08_4c96"},{"type":"Feature","properties":{"psq_bach_deg_%":27.9,"p_tot":16361,"psq_pop_15_yrs_plus_%":70.9,"sa2_name_2011":"North Melbourne","year":"2011","sa2_code_2011":"206041123"},"id":"sa2_nrp_people_2010_2014.fid--2ea3ac96_1631088cc08_4c97"},{"type":"Feature","properties":{"psq_bach_deg_%":22.9,"p_tot":6551,"psq_pop_15_yrs_plus_%":54.4,"sa2_name_2011":"Parkville","year":"2011","sa2_code_2011":"206041124"},"id":"sa2_nrp_people_2010_2014.fid--2ea3ac96_1631088cc08_4c98"},{"type":"Feature","properties":{"psq_bach_deg_%":29.4,"p_tot":16686,"psq_pop_15_yrs_plus_%":72.7,"sa2_name_2011":"St Kilda East","year":"2011","sa2_code_2011":"206051134"},"id":"sa2_nrp_people_2010_2014.fid--2ea3ac96_1631088cc08_4c99"},{"type":"Feature","properties":{"psq_bach_deg_%":null,"p_tot":15,"psq_pop_15_yrs_plus_%":57.1,"sa2_name_2011":"Port Melbourne Industrial","year":"2011","sa2_code_2011":"206051131"},"id":"sa2_nrp_people_2010_2014.fid--2ea3ac96_1631088cc08_4c9a"},{"type":"Feature","properties":{"psq_bach_deg_%":26.4,"p_tot":16314,"psq_pop_15_yrs_plus_%":64.4,"sa2_name_2011":"Balwyn","year":"2011","sa2_code_2011":"207011147"},"id":"sa2_nrp_people_2010_2014.fid--2ea3ac96_1631088cc08_4c9b"},{"type":"Feature","properties":{"psq_bach_deg_%":28.6,"p_tot":20918,"psq_pop_15_yrs_plus_%":68.2,"sa2_name_2011":"Camberwell","year":"2011","sa2_code_2011":"207011149"},"id":"sa2_nrp_people_2010_2014.fid--2ea3ac96_1631088cc08_4c9c"},{"type":"Feature","properties":{"psq_bach_deg_%":31.8,"p_tot":22013,"psq_pop_15_yrs_plus_%":72.8,"sa2_name_2011":"Hawthorn","year":"2011","sa2_code_2011":"207011151"},"id":"sa2_nrp_people_2010_2014.fid--2ea3ac96_1631088cc08_4c9d"},{"type":"Feature","properties":{"psq_bach_deg_%":19.9,"p_tot":11327,"psq_pop_15_yrs_plus_%":58.8,"sa2_name_2011":"Burwood","year":"2011","sa2_code_2011":"207031165"},"id":"sa2_nrp_people_2010_2014.fid--2ea3ac96_1631088cc08_4c9e"},{"type":"Feature","properties":{"psq_bach_deg_%":23.6,"p_tot":13375,"psq_pop_15_yrs_plus_%":64.3,"sa2_name_2011":"Beaumaris","year":"2011","sa2_code_2011":"208011168"},"id":"sa2_nrp_people_2010_2014.fid--2ea3ac96_1631088cc08_4c9f"},{"type":"Feature","properties":{"psq_bach_deg_%":11.2,"p_tot":11664,"psq_pop_15_yrs_plus_%":56.4,"sa2_name_2011":"Carrum - Patterson Lakes","year":"2011","sa2_code_2011":"208031185"},"id":"sa2_nrp_people_2010_2014.fid--2ea3ac96_1631088cc08_4ca0"},{"type":"Feature","properties":{"psq_bach_deg_%":16.4,"p_tot":21192,"psq_pop_15_yrs_plus_%":58.1,"sa2_name_2011":"Cheltenham - Highett (East)","year":"2011","sa2_code_2011":"208031188"},"id":"sa2_nrp_people_2010_2014.fid--2ea3ac96_1631088cc08_4ca1"},{"type":"Feature","properties":{"psq_bach_deg_%":13.2,"p_tot":13441,"psq_pop_15_yrs_plus_%":58.7,"sa2_name_2011":"Chelsea - Bonbeach","year":"2011","sa2_code_2011":"208031186"},"id":"sa2_nrp_people_2010_2014.fid--2ea3ac96_1631088cc08_4ca2"},{"type":"Feature","properties":{"psq_bach_deg_%":14.5,"p_tot":6852,"psq_pop_15_yrs_plus_%":55.5,"sa2_name_2011":"Coburg North","year":"2011","sa2_code_2011":"210031236"},"id":"sa2_nrp_people_2010_2014.fid--2ea3ac96_1631088cc08_4ca3"},{"type":"Feature","properties":{"psq_bach_deg_%":18.1,"p_tot":12224,"psq_pop_15_yrs_plus_%":61.4,"sa2_name_2011":"Mentone","year":"2011","sa2_code_2011":"208031190"},"id":"sa2_nrp_people_2010_2014.fid--2ea3ac96_1631088cc08_4ca4"},{"type":"Feature","properties":{"psq_bach_deg_%":18.3,"p_tot":8368,"psq_pop_15_yrs_plus_%":60.2,"sa2_name_2011":"Moorabbin - Heatherton","year":"2011","sa2_code_2011":"208031191"},"id":"sa2_nrp_people_2010_2014.fid--2ea3ac96_1631088cc08_4ca5"},{"type":"Feature","properties":{"psq_bach_deg_%":9.2,"p_tot":13171,"psq_pop_15_yrs_plus_%":44.3,"sa2_name_2011":"Fawkner","year":"2011","sa2_code_2011":"210031237"},"id":"sa2_nrp_people_2010_2014.fid--2ea3ac96_1631088cc08_4ca6"},{"type":"Feature","properties":{"psq_bach_deg_%":17.7,"p_tot":16165,"psq_pop_15_yrs_plus_%":62.4,"sa2_name_2011":"Montmorency - Briar Hill","year":"2011","sa2_code_2011":"209011202"},"id":"sa2_nrp_people_2010_2014.fid--2ea3ac96_1631088cc08_4ca7"},{"type":"Feature","properties":{"psq_bach_deg_%":17.4,"p_tot":18775,"psq_pop_15_yrs_plus_%":60.3,"sa2_name_2011":"Viewbank - Yallambie","year":"2011","sa2_code_2011":"209011203"},"id":"sa2_nrp_people_2010_2014.fid--2ea3ac96_1631088cc08_4ca8"},{"type":"Feature","properties":{"psq_bach_deg_%":15.3,"p_tot":9401,"psq_pop_15_yrs_plus_%":56.8,"sa2_name_2011":"Plenty - Yarrambat","year":"2011","sa2_code_2011":"209031213"},"id":"sa2_nrp_people_2010_2014.fid--2ea3ac96_1631088cc08_4ca9"},{"type":"Feature","properties":{"psq_bach_deg_%":12.3,"p_tot":3882,"psq_pop_15_yrs_plus_%":59.3,"sa2_name_2011":"Riddells Creek","year":"2011","sa2_code_2011":"210021234"},"id":"sa2_nrp_people_2010_2014.fid--2ea3ac96_1631088cc08_4caa"},{"type":"Feature","properties":{"psq_bach_deg_%":30.6,"p_tot":20279,"psq_pop_15_yrs_plus_%":71.1,"sa2_name_2011":"Malvern - Glen Iris","year":"2011","sa2_code_2011":"208041194"},"id":"sa2_nrp_people_2010_2014.fid--2ea3ac96_1631088cc08_4cab"},{"type":"Feature","properties":{"psq_bach_deg_%":16.2,"p_tot":14320,"psq_pop_15_yrs_plus_%":56.1,"sa2_name_2011":"Wantirna","year":"2011","sa2_code_2011":"211011259"},"id":"sa2_nrp_people_2010_2014.fid--2ea3ac96_1631088cc08_4cac"},{"type":"Feature","properties":{"psq_bach_deg_%":20.5,"p_tot":6846,"psq_pop_15_yrs_plus_%":65.0,"sa2_name_2011":"Research - North Warrandyte","year":"2011","sa2_code_2011":"209031214"},"id":"sa2_nrp_people_2010_2014.fid--2ea3ac96_1631088cc08_4cad"},{"type":"Feature","properties":{"psq_bach_deg_%":12.1,"p_tot":30526,"psq_pop_15_yrs_plus_%":56.4,"sa2_name_2011":"Croydon","year":"2011","sa2_code_2011":"211031264"},"id":"sa2_nrp_people_2010_2014.fid--2ea3ac96_1631088cc08_4cae"},{"type":"Feature","properties":{"psq_bach_deg_%":22.9,"p_tot":14215,"psq_pop_15_yrs_plus_%":66.6,"sa2_name_2011":"Heidelberg - Rosanna","year":"2011","sa2_code_2011":"209011198"},"id":"sa2_nrp_people_2010_2014.fid--2ea3ac96_1631088cc08_4caf"},{"type":"Feature","properties":{"psq_bach_deg_%":10.1,"p_tot":27888,"psq_pop_15_yrs_plus_%":48.5,"sa2_name_2011":"Epping","year":"2011","sa2_code_2011":"209041218"},"id":"sa2_nrp_people_2010_2014.fid--2ea3ac96_1631088cc08_4cb0"},{"type":"Feature","properties":{"psq_bach_deg_%":6.6,"p_tot":20782,"psq_pop_15_yrs_plus_%":38.8,"sa2_name_2011":"Lalor","year":"2011","sa2_code_2011":"209041219"},"id":"sa2_nrp_people_2010_2014.fid--2ea3ac96_1631088cc08_4cb1"},{"type":"Feature","properties":{"psq_bach_deg_%":11.6,"p_tot":12810,"psq_pop_15_yrs_plus_%":50.0,"sa2_name_2011":"Mill Park - South","year":"2011","sa2_code_2011":"209041221"},"id":"sa2_nrp_people_2010_2014.fid--2ea3ac96_1631088cc08_4cb2"},{"type":"Feature","properties":{"psq_bach_deg_%":6.9,"p_tot":21430,"psq_pop_15_yrs_plus_%":39.8,"sa2_name_2011":"Thomastown","year":"2011","sa2_code_2011":"209041223"},"id":"sa2_nrp_people_2010_2014.fid--2ea3ac96_1631088cc08_4cb3"},{"type":"Feature","properties":{"psq_bach_deg_%":12.3,"p_tot":8634,"psq_pop_15_yrs_plus_%":51.8,"sa2_name_2011":"Keilor","year":"2011","sa2_code_2011":"210011228"},"id":"sa2_nrp_people_2010_2014.fid--2ea3ac96_1631088cc08_4cb4"},{"type":"Feature","properties":{"psq_bach_deg_%":18.5,"p_tot":9397,"psq_pop_15_yrs_plus_%":59.6,"sa2_name_2011":"Strathmore","year":"2011","sa2_code_2011":"210011231"},"id":"sa2_nrp_people_2010_2014.fid--2ea3ac96_1631088cc08_4cb5"},{"type":"Feature","properties":{"psq_bach_deg_%":18.6,"p_tot":3308,"psq_pop_15_yrs_plus_%":64.1,"sa2_name_2011":"Macedon","year":"2011","sa2_code_2011":"210021233"},"id":"sa2_nrp_people_2010_2014.fid--2ea3ac96_1631088cc08_4cb6"},{"type":"Feature","properties":{"psq_bach_deg_%":10.7,"p_tot":29025,"psq_pop_15_yrs_plus_%":50.4,"sa2_name_2011":"Glenroy - Hadfield","year":"2011","sa2_code_2011":"210031238"},"id":"sa2_nrp_people_2010_2014.fid--2ea3ac96_1631088cc08_4cb7"},{"type":"Feature","properties":{"psq_bach_deg_%":18.7,"p_tot":10430,"psq_pop_15_yrs_plus_%":59.7,"sa2_name_2011":"Forest Hill","year":"2011","sa2_code_2011":"211041269"},"id":"sa2_nrp_people_2010_2014.fid--2ea3ac96_1631088cc08_4cb8"},{"type":"Feature","properties":{"psq_bach_deg_%":4.8,"p_tot":16735,"psq_pop_15_yrs_plus_%":37.5,"sa2_name_2011":"Campbellfield - Coolaroo","year":"2011","sa2_code_2011":"210051243"},"id":"sa2_nrp_people_2010_2014.fid--2ea3ac96_1631088cc08_4cb9"},{"type":"Feature","properties":{"psq_bach_deg_%":21.0,"p_tot":15346,"psq_pop_15_yrs_plus_%":62.7,"sa2_name_2011":"Mitcham (Vic.)","year":"2011","sa2_code_2011":"211041270"},"id":"sa2_nrp_people_2010_2014.fid--2ea3ac96_1631088cc08_4cba"},{"type":"Feature","properties":{"psq_bach_deg_%":10.3,"p_tot":8316,"psq_pop_15_yrs_plus_%":54.1,"sa2_name_2011":"Beaconsfield - Officer","year":"2011","sa2_code_2011":"212011287"},"id":"sa2_nrp_people_2010_2014.fid--2ea3ac96_1631088cc08_4cbb"},{"type":"Feature","properties":{"psq_bach_deg_%":9.5,"p_tot":20945,"psq_pop_15_yrs_plus_%":43.2,"sa2_name_2011":"Roxburgh Park - Somerton","year":"2011","sa2_code_2011":"210051249"},"id":"sa2_nrp_people_2010_2014.fid--2ea3ac96_1631088cc08_4cbc"},{"type":"Feature","properties":{"psq_bach_deg_%":11.4,"p_tot":18012,"psq_pop_15_yrs_plus_%":57.8,"sa2_name_2011":"Emerald - Cockatoo","year":"2011","sa2_code_2011":"212011289"},"id":"sa2_nrp_people_2010_2014.fid--2ea3ac96_1631088cc08_4cbd"},{"type":"Feature","properties":{"psq_bach_deg_%":10.4,"p_tot":28948,"psq_pop_15_yrs_plus_%":54.2,"sa2_name_2011":"Ferntree Gully","year":"2011","sa2_code_2011":"211011253"},"id":"sa2_nrp_people_2010_2014.fid--2ea3ac96_1631088cc08_4cbe"},{"type":"Feature","properties":{"psq_bach_deg_%":19.0,"p_tot":10261,"psq_pop_15_yrs_plus_%":59.9,"sa2_name_2011":"Vermont","year":"2011","sa2_code_2011":"211041272"},"id":"sa2_nrp_people_2010_2014.fid--2ea3ac96_1631088cc08_4cbf"},{"type":"Feature","properties":{"psq_bach_deg_%":6.5,"p_tot":6880,"psq_pop_15_yrs_plus_%":48.1,"sa2_name_2011":"Cranbourne South","year":"2011","sa2_code_2011":"212031303"},"id":"sa2_nrp_people_2010_2014.fid--2ea3ac96_1631088cc08_4cc0"},{"type":"Feature","properties":{"psq_bach_deg_%":13.6,"p_tot":10414,"psq_pop_15_yrs_plus_%":60.4,"sa2_name_2011":"Belgrave - Selby","year":"2011","sa2_code_2011":"211051274"},"id":"sa2_nrp_people_2010_2014.fid--2ea3ac96_1631088cc08_4cc1"},{"type":"Feature","properties":{"psq_bach_deg_%":5.5,"p_tot":19620,"psq_pop_15_yrs_plus_%":48.4,"sa2_name_2011":"Frankston North","year":"2011","sa2_code_2011":"214011372"},"id":"sa2_nrp_people_2010_2014.fid--2ea3ac96_1631088cc08_4cc2"},{"type":"Feature","properties":{"psq_bach_deg_%":9.4,"p_tot":22949,"psq_pop_15_yrs_plus_%":49.3,"sa2_name_2011":"Dandenong North","year":"2011","sa2_code_2011":"212041312"},"id":"sa2_nrp_people_2010_2014.fid--2ea3ac96_1631088cc08_4cc3"},{"type":"Feature","properties":{"psq_bach_deg_%":18.5,"p_tot":5578,"psq_pop_15_yrs_plus_%":63.5,"sa2_name_2011":"Flinders","year":"2011","sa2_code_2011":"214021378"},"id":"sa2_nrp_people_2010_2014.fid--2ea3ac96_1631088cc08_4cc4"},{"type":"Feature","properties":{"psq_bach_deg_%":18.6,"p_tot":17942,"psq_pop_15_yrs_plus_%":63.2,"sa2_name_2011":"Mount Eliza","year":"2011","sa2_code_2011":"214021381"},"id":"sa2_nrp_people_2010_2014.fid--2ea3ac96_1631088cc08_4cc5"},{"type":"Feature","properties":{"psq_bach_deg_%":10.7,"p_tot":20712,"psq_pop_15_yrs_plus_%":44.7,"sa2_name_2011":"Springvale","year":"2011","sa2_code_2011":"212041317"},"id":"sa2_nrp_people_2010_2014.fid--2ea3ac96_1631088cc08_4cc6"},{"type":"Feature","properties":{"psq_bach_deg_%":8.9,"p_tot":12687,"psq_pop_15_yrs_plus_%":39.4,"sa2_name_2011":"Springvale South","year":"2011","sa2_code_2011":"212041318"},"id":"sa2_nrp_people_2010_2014.fid--2ea3ac96_1631088cc08_4cc7"},{"type":"Feature","properties":{"psq_bach_deg_%":21.5,"p_tot":15354,"psq_pop_15_yrs_plus_%":63.4,"sa2_name_2011":"Williamstown","year":"2011","sa2_code_2011":"213021346"},"id":"sa2_nrp_people_2010_2014.fid--2ea3ac96_1631088cc08_4cc8"},{"type":"Feature","properties":{"psq_bach_deg_%":19.2,"p_tot":18698,"psq_pop_15_yrs_plus_%":57.5,"sa2_name_2011":"Clayton","year":"2011","sa2_code_2011":"212051320"},"id":"sa2_nrp_people_2010_2014.fid--2ea3ac96_1631088cc08_4cc9"},{"type":"Feature","properties":{"psq_bach_deg_%":13.8,"p_tot":17581,"psq_pop_15_yrs_plus_%":60.9,"sa2_name_2011":"Mount Martha","year":"2011","sa2_code_2011":"214021382"},"id":"sa2_nrp_people_2010_2014.fid--2ea3ac96_1631088cc08_4cca"},{"type":"Feature","properties":{"psq_bach_deg_%":22.1,"p_tot":21561,"psq_pop_15_yrs_plus_%":61.5,"sa2_name_2011":"Glen Waverley - East","year":"2011","sa2_code_2011":"212051321"},"id":"sa2_nrp_people_2010_2014.fid--2ea3ac96_1631088cc08_4ccb"},{"type":"Feature","properties":{"psq_bach_deg_%":10.3,"p_tot":16670,"psq_pop_15_yrs_plus_%":57.9,"sa2_name_2011":"Point Nepean","year":"2011","sa2_code_2011":"214021383"},"id":"sa2_nrp_people_2010_2014.fid--2ea3ac96_1631088cc08_4ccc"},{"type":"Feature","properties":{"psq_bach_deg_%":10.0,"p_tot":14192,"psq_pop_15_yrs_plus_%":46.0,"sa2_name_2011":"Keilor Downs","year":"2011","sa2_code_2011":"213011332"},"id":"sa2_nrp_people_2010_2014.fid--2ea3ac96_1631088cc08_4ccd"},{"type":"Feature","properties":{"psq_bach_deg_%":9.3,"p_tot":11108,"psq_pop_15_yrs_plus_%":41.1,"sa2_name_2011":"Sunshine North","year":"2011","sa2_code_2011":"213011337"},"id":"sa2_nrp_people_2010_2014.fid--2ea3ac96_1631088cc08_4cce"},{"type":"Feature","properties":{"psq_bach_deg_%":22.6,"p_tot":14325,"psq_pop_15_yrs_plus_%":62.5,"sa2_name_2011":"Yarraville","year":"2011","sa2_code_2011":"213031352"},"id":"sa2_nrp_people_2010_2014.fid--2ea3ac96_1631088cc08_4ccf"},{"type":"Feature","properties":{"psq_bach_deg_%":12.0,"p_tot":9238,"psq_pop_15_yrs_plus_%":52.0,"sa2_name_2011":"Sunshine","year":"2011","sa2_code_2011":"213011336"},"id":"sa2_nrp_people_2010_2014.fid--2ea3ac96_1631088cc08_4cd0"},{"type":"Feature","properties":{"psq_bach_deg_%":20.2,"p_tot":16798,"psq_pop_15_yrs_plus_%":62.9,"sa2_name_2011":"Newport","year":"2011","sa2_code_2011":"213021344"},"id":"sa2_nrp_people_2010_2014.fid--2ea3ac96_1631088cc08_4cd1"},{"type":"Feature","properties":{"psq_bach_deg_%":2.3,"p_tot":2772,"psq_pop_15_yrs_plus_%":64.9,"sa2_name_2011":"Rockbank - Mount Cottrell","year":"2011","sa2_code_2011":"213041359"},"id":"sa2_nrp_people_2010_2014.fid--2ea3ac96_1631088cc08_4cd2"},{"type":"Feature","properties":{"psq_bach_deg_%":10.1,"p_tot":19603,"psq_pop_15_yrs_plus_%":49.7,"sa2_name_2011":"Hoppers Crossing - North","year":"2011","sa2_code_2011":"213051361"},"id":"sa2_nrp_people_2010_2014.fid--2ea3ac96_1631088cc08_4cd3"},{"type":"Feature","properties":{"psq_bach_deg_%":12.6,"p_tot":5587,"psq_pop_15_yrs_plus_%":54.5,"sa2_name_2011":"Laverton","year":"2011","sa2_code_2011":"213051363"},"id":"sa2_nrp_people_2010_2014.fid--2ea3ac96_1631088cc08_4cd4"},{"type":"Feature","properties":{"psq_bach_deg_%":13.7,"p_tot":18260,"psq_pop_15_yrs_plus_%":58.3,"sa2_name_2011":"Frankston South","year":"2011","sa2_code_2011":"214011373"},"id":"sa2_nrp_people_2010_2014.fid--2ea3ac96_1631088cc08_4cd5"},{"type":"Feature","properties":{"psq_bach_deg_%":5.9,"p_tot":20151,"psq_pop_15_yrs_plus_%":51.7,"sa2_name_2011":"Rosebud - McCrae","year":"2011","sa2_code_2011":"214021384"},"id":"sa2_nrp_people_2010_2014.fid--2ea3ac96_1631088cc08_4cd6"},{"type":"Feature","properties":{"psq_bach_deg_%":9.5,"p_tot":8832,"psq_pop_15_yrs_plus_%":54.8,"sa2_name_2011":"Romsey","year":"2011","sa2_code_2011":"210021235"},"id":"sa2_nrp_people_2010_2014.fid--2ea3ac96_1631088cc08_4cd7"},{"type":"Feature","properties":{"psq_bach_deg_%":8.8,"p_tot":24940,"psq_pop_15_yrs_plus_%":52.7,"sa2_name_2011":"Sunbury - South","year":"2011","sa2_code_2011":"210041241"},"id":"sa2_nrp_people_2010_2014.fid--2ea3ac96_1631088cc08_4cd8"},{"type":"Feature","properties":{"psq_bach_deg_%":16.2,"p_tot":9109,"psq_pop_15_yrs_plus_%":57.2,"sa2_name_2011":"Aspendale Gardens - Waterways","year":"2011","sa2_code_2011":"208031183"},"id":"sa2_nrp_people_2010_2014.fid--2ea3ac96_1631088cc08_4cd9"},{"type":"Feature","properties":{"psq_bach_deg_%":25.3,"p_tot":8983,"psq_pop_15_yrs_plus_%":65.6,"sa2_name_2011":"Murrumbeena","year":"2011","sa2_code_2011":"208021181"},"id":"sa2_nrp_people_2010_2014.fid--2ea3ac96_1631088cc08_4cda"},{"type":"Feature","properties":{"psq_bach_deg_%":27.7,"p_tot":15413,"psq_pop_15_yrs_plus_%":70.0,"sa2_name_2011":"Port Melbourne","year":"2011","sa2_code_2011":"206051130"},"id":"sa2_nrp_people_2010_2014.fid--2ea3ac96_1631088cc08_4cdb"},{"type":"Feature","properties":{"psq_bach_deg_%":29.3,"p_tot":24856,"psq_pop_15_yrs_plus_%":69.5,"sa2_name_2011":"Kew","year":"2011","sa2_code_2011":"207011153"},"id":"sa2_nrp_people_2010_2014.fid--2ea3ac96_1631088cc08_4cdc"},{"type":"Feature","properties":{"psq_bach_deg_%":48.6,"p_tot":86,"psq_pop_15_yrs_plus_%":78.6,"sa2_name_2011":"Flemington Racecourse","year":"2011","sa2_code_2011":"206041120"},"id":"sa2_nrp_people_2010_2014.fid--2ea3ac96_1631088cc08_4cdf"},{"type":"Feature","properties":{"psq_bach_deg_%":27.5,"p_tot":23987,"psq_pop_15_yrs_plus_%":68.2,"sa2_name_2011":"Brunswick","year":"2011","sa2_code_2011":"206011105"},"id":"sa2_nrp_people_2010_2014.fid--2ea3ac96_1631088cc08_4ce1"},{"type":"Feature","properties":{"psq_bach_deg_%":11.0,"p_tot":5329,"psq_pop_15_yrs_plus_%":54.2,"sa2_name_2011":"Chelsea Heights","year":"2011","sa2_code_2011":"208031187"},"id":"sa2_nrp_people_2010_2014.fid--2ea3ac96_1631088cc08_4ce2"},{"type":"Feature","properties":{"psq_bach_deg_%":14.4,"p_tot":12254,"psq_pop_15_yrs_plus_%":52.9,"sa2_name_2011":"Clayton South","year":"2011","sa2_code_2011":"212041310"},"id":"sa2_nrp_people_2010_2014.fid--2ea3ac96_1631088cc08_4ce4"},{"type":"Feature","properties":{"psq_bach_deg_%":17.8,"p_tot":9860,"psq_pop_15_yrs_plus_%":56.2,"sa2_name_2011":"Pascoe Vale South","year":"2011","sa2_code_2011":"206011109"},"id":"sa2_nrp_people_2010_2014.fid--2ea3ac96_1631088cc08_4ce9"},{"type":"Feature","properties":{"psq_bach_deg_%":null,"p_tot":null,"psq_pop_15_yrs_plus_%":null,"sa2_name_2011":"West Melbourne","year":"2011","sa2_code_2011":"206041127"},"id":"sa2_nrp_people_2010_2014.fid--2ea3ac96_1631088cc08_4cea"},{"type":"Feature","properties":{"psq_bach_deg_%":26.7,"p_tot":15122,"psq_pop_15_yrs_plus_%":63.2,"sa2_name_2011":"Carlton","year":"2011","sa2_code_2011":"206041117"},"id":"sa2_nrp_people_2010_2014.fid--2ea3ac96_1631088cc08_4ceb"},{"type":"Feature","properties":{"psq_bach_deg_%":28.7,"p_tot":21815,"psq_pop_15_yrs_plus_%":69.9,"sa2_name_2011":"Melbourne","year":"2011","sa2_code_2011":"206041122"},"id":"sa2_nrp_people_2010_2014.fid--2ea3ac96_1631088cc08_4cec"},{"type":"Feature","properties":{"psq_bach_deg_%":30.5,"p_tot":15666,"psq_pop_15_yrs_plus_%":77.1,"sa2_name_2011":"Elwood","year":"2011","sa2_code_2011":"206051129"},"id":"sa2_nrp_people_2010_2014.fid--2ea3ac96_1631088cc08_4ced"},{"type":"Feature","properties":{"psq_bach_deg_%":31.2,"p_tot":13768,"psq_pop_15_yrs_plus_%":70.9,"sa2_name_2011":"Toorak","year":"2011","sa2_code_2011":"206061138"},"id":"sa2_nrp_people_2010_2014.fid--2ea3ac96_1631088cc08_4cee"},{"type":"Feature","properties":{"psq_bach_deg_%":34.1,"p_tot":8786,"psq_pop_15_yrs_plus_%":73.8,"sa2_name_2011":"Carlton North - Princes Hill","year":"2011","sa2_code_2011":"206071140"},"id":"sa2_nrp_people_2010_2014.fid--2ea3ac96_1631088cc08_4cef"},{"type":"Feature","properties":{"psq_bach_deg_%":20.1,"p_tot":28356,"psq_pop_15_yrs_plus_%":57.8,"sa2_name_2011":"Doncaster East","year":"2011","sa2_code_2011":"207021158"},"id":"sa2_nrp_people_2010_2014.fid--2ea3ac96_1631088cc08_4cf0"},{"type":"Feature","properties":{"psq_bach_deg_%":19.0,"p_tot":11376,"psq_pop_15_yrs_plus_%":55.9,"sa2_name_2011":"Bulleen","year":"2011","sa2_code_2011":"207021156"},"id":"sa2_nrp_people_2010_2014.fid--2ea3ac96_1631088cc08_4cf1"},{"type":"Feature","properties":{"psq_bach_deg_%":27.9,"p_tot":6552,"psq_pop_15_yrs_plus_%":66.2,"sa2_name_2011":"Kew East","year":"2011","sa2_code_2011":"207011154"},"id":"sa2_nrp_people_2010_2014.fid--2ea3ac96_1631088cc08_4cf2"},{"type":"Feature","properties":{"psq_bach_deg_%":19.0,"p_tot":10975,"psq_pop_15_yrs_plus_%":62.1,"sa2_name_2011":"Blackburn South","year":"2011","sa2_code_2011":"207031162"},"id":"sa2_nrp_people_2010_2014.fid--2ea3ac96_1631088cc08_4cf3"},{"type":"Feature","properties":{"psq_bach_deg_%":19.0,"p_tot":23651,"psq_pop_15_yrs_plus_%":62.7,"sa2_name_2011":"Eltham","year":"2011","sa2_code_2011":"209031209"},"id":"sa2_nrp_people_2010_2014.fid--2ea3ac96_1631088cc08_4cf4"},{"type":"Feature","properties":{"psq_bach_deg_%":15.3,"p_tot":3660,"psq_pop_15_yrs_plus_%":64.2,"sa2_name_2011":"Hurstbridge","year":"2011","sa2_code_2011":"209031210"},"id":"sa2_nrp_people_2010_2014.fid--2ea3ac96_1631088cc08_4cf5"},{"type":"Feature","properties":{"psq_bach_deg_%":27.3,"p_tot":22526,"psq_pop_15_yrs_plus_%":68.1,"sa2_name_2011":"Brighton (Vic.)","year":"2011","sa2_code_2011":"208011169"},"id":"sa2_nrp_people_2010_2014.fid--2ea3ac96_1631088cc08_4cf6"},{"type":"Feature","properties":{"psq_bach_deg_%":7.1,"p_tot":12189,"psq_pop_15_yrs_plus_%":52.4,"sa2_name_2011":"Wallan","year":"2011","sa2_code_2011":"209041224"},"id":"sa2_nrp_people_2010_2014.fid--2ea3ac96_1631088cc08_4cf7"},{"type":"Feature","properties":{"psq_bach_deg_%":29.4,"p_tot":20703,"psq_pop_15_yrs_plus_%":69.0,"sa2_name_2011":"Caulfield - North","year":"2011","sa2_code_2011":"208021177"},"id":"sa2_nrp_people_2010_2014.fid--2ea3ac96_1631088cc08_4cf8"},{"type":"Feature","properties":{"psq_bach_deg_%":26.1,"p_tot":17227,"psq_pop_15_yrs_plus_%":68.5,"sa2_name_2011":"Caulfield - South","year":"2011","sa2_code_2011":"208021178"},"id":"sa2_nrp_people_2010_2014.fid--2ea3ac96_1631088cc08_4cf9"},{"type":"Feature","properties":{"psq_bach_deg_%":13.0,"p_tot":25394,"psq_pop_15_yrs_plus_%":49.2,"sa2_name_2011":"Keilor East","year":"2011","sa2_code_2011":"210011229"},"id":"sa2_nrp_people_2010_2014.fid--2ea3ac96_1631088cc08_4cfa"},{"type":"Feature","properties":{"psq_bach_deg_%":16.8,"p_tot":6472,"psq_pop_15_yrs_plus_%":56.7,"sa2_name_2011":"Niddrie - Essendon West","year":"2011","sa2_code_2011":"210011230"},"id":"sa2_nrp_people_2010_2014.fid--2ea3ac96_1631088cc08_4cfb"},{"type":"Feature","properties":{"psq_bach_deg_%":16.3,"p_tot":12488,"psq_pop_15_yrs_plus_%":60.5,"sa2_name_2011":"Edithvale - Aspendale","year":"2011","sa2_code_2011":"208031189"},"id":"sa2_nrp_people_2010_2014.fid--2ea3ac96_1631088cc08_4cfc"},{"type":"Feature","properties":{"psq_bach_deg_%":9.9,"p_tot":13175,"psq_pop_15_yrs_plus_%":54.6,"sa2_name_2011":"Healesville - Yarra Glen","year":"2011","sa2_code_2011":"211051276"},"id":"sa2_nrp_people_2010_2014.fid--2ea3ac96_1631088cc08_4cfd"},{"type":"Feature","properties":{"psq_bach_deg_%":14.0,"p_tot":9320,"psq_pop_15_yrs_plus_%":56.6,"sa2_name_2011":"Watsonia","year":"2011","sa2_code_2011":"209011204"},"id":"sa2_nrp_people_2010_2014.fid--2ea3ac96_1631088cc08_4cfe"},{"type":"Feature","properties":{"psq_bach_deg_%":9.2,"p_tot":18517,"psq_pop_15_yrs_plus_%":53.1,"sa2_name_2011":"Lilydale - Coldstream","year":"2011","sa2_code_2011":"211051278"},"id":"sa2_nrp_people_2010_2014.fid--2ea3ac96_1631088cc08_4cff"},{"type":"Feature","properties":{"psq_bach_deg_%":17.4,"p_tot":19448,"psq_pop_15_yrs_plus_%":61.6,"sa2_name_2011":"Mordialloc - Parkdale","year":"2011","sa2_code_2011":"208031193"},"id":"sa2_nrp_people_2010_2014.fid--2ea3ac96_1631088cc08_4d00"},{"type":"Feature","properties":{"psq_bach_deg_%":25.9,"p_tot":11608,"psq_pop_15_yrs_plus_%":65.8,"sa2_name_2011":"Ivanhoe","year":"2011","sa2_code_2011":"209011200"},"id":"sa2_nrp_people_2010_2014.fid--2ea3ac96_1631088cc08_4d01"},{"type":"Feature","properties":{"psq_bach_deg_%":5.9,"p_tot":12243,"psq_pop_15_yrs_plus_%":43.7,"sa2_name_2011":"Broadmeadows","year":"2011","sa2_code_2011":"210051242"},"id":"sa2_nrp_people_2010_2014.fid--2ea3ac96_1631088cc08_4d02"},{"type":"Feature","properties":{"psq_bach_deg_%":14.8,"p_tot":18613,"psq_pop_15_yrs_plus_%":57.4,"sa2_name_2011":"Croydon Hills - Warranwood","year":"2011","sa2_code_2011":"211031265"},"id":"sa2_nrp_people_2010_2014.fid--2ea3ac96_1631088cc08_4d03"},{"type":"Feature","properties":{"psq_bach_deg_%":14.0,"p_tot":13471,"psq_pop_15_yrs_plus_%":54.8,"sa2_name_2011":"Knoxfield - Scoresby","year":"2011","sa2_code_2011":"211011254"},"id":"sa2_nrp_people_2010_2014.fid--2ea3ac96_1631088cc08_4d04"},{"type":"Feature","properties":{"psq_bach_deg_%":17.3,"p_tot":18176,"psq_pop_15_yrs_plus_%":54.5,"sa2_name_2011":"Wantirna South","year":"2011","sa2_code_2011":"211011260"},"id":"sa2_nrp_people_2010_2014.fid--2ea3ac96_1631088cc08_4d05"},{"type":"Feature","properties":{"psq_bach_deg_%":8.8,"p_tot":17771,"psq_pop_15_yrs_plus_%":48.0,"sa2_name_2011":"Gladstone Park - Westmeadows","year":"2011","sa2_code_2011":"210051245"},"id":"sa2_nrp_people_2010_2014.fid--2ea3ac96_1631088cc08_4d06"},{"type":"Feature","properties":{"psq_bach_deg_%":10.2,"p_tot":11819,"psq_pop_15_yrs_plus_%":54.5,"sa2_name_2011":"Bayswater North","year":"2011","sa2_code_2011":"211031263"},"id":"sa2_nrp_people_2010_2014.fid--2ea3ac96_1631088cc08_4d07"},{"type":"Feature","properties":{"psq_bach_deg_%":11.3,"p_tot":6966,"psq_pop_15_yrs_plus_%":60.0,"sa2_name_2011":"Montrose","year":"2011","sa2_code_2011":"211051280"},"id":"sa2_nrp_people_2010_2014.fid--2ea3ac96_1631088cc08_4d08"},{"type":"Feature","properties":{"psq_bach_deg_%":7.9,"p_tot":21687,"psq_pop_15_yrs_plus_%":51.7,"sa2_name_2011":"Pakenham - South","year":"2011","sa2_code_2011":"212011292"},"id":"sa2_nrp_people_2010_2014.fid--2ea3ac96_1631088cc08_4d09"},{"type":"Feature","properties":{"psq_bach_deg_%":7.2,"p_tot":8383,"psq_pop_15_yrs_plus_%":50.6,"sa2_name_2011":"Bunyip - Garfield","year":"2011","sa2_code_2011":"212011288"},"id":"sa2_nrp_people_2010_2014.fid--2ea3ac96_1631088cc08_4d0a"},{"type":"Feature","properties":{"psq_bach_deg_%":8.5,"p_tot":14826,"psq_pop_15_yrs_plus_%":50.7,"sa2_name_2011":"Cranbourne North","year":"2011","sa2_code_2011":"212031302"},"id":"sa2_nrp_people_2010_2014.fid--2ea3ac96_1631088cc08_4d0b"},{"type":"Feature","properties":{"psq_bach_deg_%":9.5,"p_tot":10628,"psq_pop_15_yrs_plus_%":47.1,"sa2_name_2011":"Hallam","year":"2011","sa2_code_2011":"212021297"},"id":"sa2_nrp_people_2010_2014.fid--2ea3ac96_1631088cc08_4d0c"},{"type":"Feature","properties":{"psq_bach_deg_%":12.1,"p_tot":10568,"psq_pop_15_yrs_plus_%":53.3,"sa2_name_2011":"Dingley Village","year":"2011","sa2_code_2011":"212041313"},"id":"sa2_nrp_people_2010_2014.fid--2ea3ac96_1631088cc08_4d0d"},{"type":"Feature","properties":{"psq_bach_deg_%":12.2,"p_tot":23136,"psq_pop_15_yrs_plus_%":51.4,"sa2_name_2011":"Deer Park - Derrimut","year":"2011","sa2_code_2011":"213011330"},"id":"sa2_nrp_people_2010_2014.fid--2ea3ac96_1631088cc08_4d0e"},{"type":"Feature","properties":{"psq_bach_deg_%":7.0,"p_tot":14305,"psq_pop_15_yrs_plus_%":40.1,"sa2_name_2011":"Kings Park (Vic.)","year":"2011","sa2_code_2011":"213011333"},"id":"sa2_nrp_people_2010_2014.fid--2ea3ac96_1631088cc08_4d0f"},{"type":"Feature","properties":{"psq_bach_deg_%":12.6,"p_tot":18954,"psq_pop_15_yrs_plus_%":48.1,"sa2_name_2011":"Taylors Lakes","year":"2011","sa2_code_2011":"213011340"},"id":"sa2_nrp_people_2010_2014.fid--2ea3ac96_1631088cc08_4d10"},{"type":"Feature","properties":{"psq_bach_deg_%":12.4,"p_tot":12058,"psq_pop_15_yrs_plus_%":55.5,"sa2_name_2011":"Sydenham","year":"2011","sa2_code_2011":"213011339"},"id":"sa2_nrp_people_2010_2014.fid--2ea3ac96_1631088cc08_4d11"},{"type":"Feature","properties":{"psq_bach_deg_%":10.7,"p_tot":19565,"psq_pop_15_yrs_plus_%":49.3,"sa2_name_2011":"Altona Meadows","year":"2011","sa2_code_2011":"213021342"},"id":"sa2_nrp_people_2010_2014.fid--2ea3ac96_1631088cc08_4d12"},{"type":"Feature","properties":{"psq_bach_deg_%":8.5,"p_tot":17512,"psq_pop_15_yrs_plus_%":41.5,"sa2_name_2011":"Sunshine West","year":"2011","sa2_code_2011":"213011338"},"id":"sa2_nrp_people_2010_2014.fid--2ea3ac96_1631088cc08_4d13"},{"type":"Feature","properties":{"psq_bach_deg_%":5.6,"p_tot":18247,"psq_pop_15_yrs_plus_%":47.3,"sa2_name_2011":"Melton","year":"2011","sa2_code_2011":"213041356"},"id":"sa2_nrp_people_2010_2014.fid--2ea3ac96_1631088cc08_4d14"},{"type":"Feature","properties":{"psq_bach_deg_%":6.2,"p_tot":16031,"psq_pop_15_yrs_plus_%":48.6,"sa2_name_2011":"Melton South","year":"2011","sa2_code_2011":"213041357"},"id":"sa2_nrp_people_2010_2014.fid--2ea3ac96_1631088cc08_4d15"},{"type":"Feature","properties":{"psq_bach_deg_%":12.3,"p_tot":5219,"psq_pop_15_yrs_plus_%":52.8,"sa2_name_2011":"Seabrook","year":"2011","sa2_code_2011":"213021345"},"id":"sa2_nrp_people_2010_2014.fid--2ea3ac96_1631088cc08_4d16"},{"type":"Feature","properties":{"psq_bach_deg_%":16.1,"p_tot":26983,"psq_pop_15_yrs_plus_%":56.2,"sa2_name_2011":"Caroline Springs","year":"2011","sa2_code_2011":"213041354"},"id":"sa2_nrp_people_2010_2014.fid--2ea3ac96_1631088cc08_4d17"},{"type":"Feature","properties":{"psq_bach_deg_%":11.4,"p_tot":16180,"psq_pop_15_yrs_plus_%":51.9,"sa2_name_2011":"Hillside","year":"2011","sa2_code_2011":"213041355"},"id":"sa2_nrp_people_2010_2014.fid--2ea3ac96_1631088cc08_4d18"},{"type":"Feature","properties":{"psq_bach_deg_%":6.6,"p_tot":19682,"psq_pop_15_yrs_plus_%":49.3,"sa2_name_2011":"Carrum Downs","year":"2011","sa2_code_2011":"214011370"},"id":"sa2_nrp_people_2010_2014.fid--2ea3ac96_1631088cc08_4d19"},{"type":"Feature","properties":{"psq_bach_deg_%":9.5,"p_tot":16574,"psq_pop_15_yrs_plus_%":55.0,"sa2_name_2011":"Seaford (Vic.)","year":"2011","sa2_code_2011":"214011375"},"id":"sa2_nrp_people_2010_2014.fid--2ea3ac96_1631088cc08_4d1a"},{"type":"Feature","properties":{"psq_bach_deg_%":10.5,"p_tot":10750,"psq_pop_15_yrs_plus_%":54.2,"sa2_name_2011":"Skye - Sandhurst","year":"2011","sa2_code_2011":"214011376"},"id":"sa2_nrp_people_2010_2014.fid--2ea3ac96_1631088cc08_4d1b"},{"type":"Feature","properties":{"psq_bach_deg_%":7.8,"p_tot":20885,"psq_pop_15_yrs_plus_%":53.5,"sa2_name_2011":"Hastings - Somers","year":"2011","sa2_code_2011":"214021379"},"id":"sa2_nrp_people_2010_2014.fid--2ea3ac96_1631088cc08_4d1c"},{"type":"Feature","properties":{"psq_bach_deg_%":7.8,"p_tot":17907,"psq_pop_15_yrs_plus_%":52.4,"sa2_name_2011":"Somerville","year":"2011","sa2_code_2011":"214021385"},"id":"sa2_nrp_people_2010_2014.fid--2ea3ac96_1631088cc08_4d1d"},{"type":"Feature","properties":{"psq_bach_deg_%":4.8,"p_tot":6695,"psq_pop_15_yrs_plus_%":45.0,"sa2_name_2011":"Koo Wee Rup","year":"2011","sa2_code_2011":"212011290"},"id":"sa2_nrp_people_2010_2014.fid--2ea3ac96_1631088cc08_4d1e"},{"type":"Feature","properties":{"psq_bach_deg_%":15.8,"p_tot":11544,"psq_pop_15_yrs_plus_%":65.6,"sa2_name_2011":"Truganina","year":"2011","sa2_code_2011":"213051366"},"id":"sa2_nrp_people_2010_2014.fid--2ea3ac96_1631088cc08_4d1f"},{"type":"Feature","properties":{"psq_bach_deg_%":25.5,"p_tot":12967,"psq_pop_15_yrs_plus_%":68.7,"sa2_name_2011":"Ormond - Glen Huntly","year":"2011","sa2_code_2011":"208021182"},"id":"sa2_nrp_people_2010_2014.fid--2ea3ac96_1631088cc08_4d20"},{"type":"Feature","properties":{"psq_bach_deg_%":7.8,"p_tot":24744,"psq_pop_15_yrs_plus_%":47.5,"sa2_name_2011":"Hampton Park - Lynbrook","year":"2011","sa2_code_2011":"212031305"},"id":"sa2_nrp_people_2010_2014.fid--2ea3ac96_1631088cc08_4d21"},{"type":"Feature","properties":{"psq_bach_deg_%":25.7,"p_tot":6867,"psq_pop_15_yrs_plus_%":68.9,"sa2_name_2011":"Collingwood","year":"2011","sa2_code_2011":"206071141"},"id":"sa2_nrp_people_2010_2014.fid--2ea3ac96_1631088cc08_4d24"},{"type":"Feature","properties":{"psq_bach_deg_%":28.8,"p_tot":10214,"psq_pop_15_yrs_plus_%":71.6,"sa2_name_2011":"Fitzroy","year":"2011","sa2_code_2011":"206071142"},"id":"sa2_nrp_people_2010_2014.fid--2ea3ac96_1631088cc08_4d25"},{"type":"Feature","properties":{"psq_bach_deg_%":31.0,"p_tot":8621,"psq_pop_15_yrs_plus_%":73.1,"sa2_name_2011":"Yarra - North","year":"2011","sa2_code_2011":"206071145"},"id":"sa2_nrp_people_2010_2014.fid--2ea3ac96_1631088cc08_4d26"},{"type":"Feature","properties":{"psq_bach_deg_%":32.4,"p_tot":12143,"psq_pop_15_yrs_plus_%":72.6,"sa2_name_2011":"Fitzroy North","year":"2011","sa2_code_2011":"206071143"},"id":"sa2_nrp_people_2010_2014.fid--2ea3ac96_1631088cc08_4d2a"},{"type":"Feature","properties":{"psq_bach_deg_%":30.2,"p_tot":27841,"psq_pop_15_yrs_plus_%":68.7,"sa2_name_2011":"Richmond (Vic.)","year":"2011","sa2_code_2011":"206071144"},"id":"sa2_nrp_people_2010_2014.fid--2ea3ac96_1631088cc08_4d2b"},{"type":"Feature","properties":{"psq_bach_deg_%":28.2,"p_tot":6196,"psq_pop_15_yrs_plus_%":75.3,"sa2_name_2011":"Docklands","year":"2011","sa2_code_2011":"206041118"},"id":"sa2_nrp_people_2010_2014.fid--2ea3ac96_1631088cc08_4d2d"},{"type":"Feature","properties":{"psq_bach_deg_%":22.3,"p_tot":21951,"psq_pop_15_yrs_plus_%":63.2,"sa2_name_2011":"Bentleigh - McKinnon","year":"2011","sa2_code_2011":"208021174"},"id":"sa2_nrp_people_2010_2014.fid--2ea3ac96_1631088cc08_4d2e"},{"type":"Feature","properties":{"psq_bach_deg_%":17.6,"p_tot":10713,"psq_pop_15_yrs_plus_%":59.4,"sa2_name_2011":"West Footscray - Tottenham","year":"2011","sa2_code_2011":"213031351"},"id":"sa2_nrp_people_2010_2014.fid--2ea3ac96_1631088cc08_4d2f"},{"type":"Feature","properties":{"psq_bach_deg_%":35.1,"p_tot":5238,"psq_pop_15_yrs_plus_%":80.1,"sa2_name_2011":"East Melbourne","year":"2011","sa2_code_2011":"206041119"},"id":"sa2_nrp_people_2010_2014.fid--2ea3ac96_1631088cc08_4d32"},{"type":"Feature","properties":{"psq_bach_deg_%":11.6,"p_tot":11635,"psq_pop_15_yrs_plus_%":54.9,"sa2_name_2011":"Bayswater","year":"2011","sa2_code_2011":"211011251"},"id":"sa2_nrp_people_2010_2014.fid--2ea3ac96_1631088cc08_4d33"},{"type":"Feature","properties":{"psq_bach_deg_%":10.6,"p_tot":25879,"psq_pop_15_yrs_plus_%":55.6,"sa2_name_2011":"Boronia - The Basin","year":"2011","sa2_code_2011":"211011252"},"id":"sa2_nrp_people_2010_2014.fid--2ea3ac96_1631088cc08_4d34"},{"type":"Feature","properties":{"psq_bach_deg_%":22.9,"p_tot":15657,"psq_pop_15_yrs_plus_%":62.6,"sa2_name_2011":"Mount Waverley - North","year":"2011","sa2_code_2011":"212051323"},"id":"sa2_nrp_people_2010_2014.fid--2ea3ac96_1631088cc08_4d36"},{"type":"Feature","properties":{"psq_bach_deg_%":12.1,"p_tot":39119,"psq_pop_15_yrs_plus_%":56.3,"sa2_name_2011":"South Morang","year":"2011","sa2_code_2011":"209041222"},"id":"sa2_nrp_people_2010_2014.fid--2ea3ac96_1631088cc08_4d37"},{"type":"Feature","properties":{"psq_bach_deg_%":22.7,"p_tot":18258,"psq_pop_15_yrs_plus_%":63.9,"sa2_name_2011":"Thornbury","year":"2011","sa2_code_2011":"206021112"},"id":"sa2_nrp_people_2010_2014.fid--2ea3ac96_1631088cc08_4d38"},{"type":"Feature","properties":{"psq_bach_deg_%":19.6,"p_tot":10614,"psq_pop_15_yrs_plus_%":57.6,"sa2_name_2011":"Burwood East","year":"2011","sa2_code_2011":"207031166"},"id":"sa2_nrp_people_2010_2014.fid--2ea3ac96_1631088cc08_4d39"},{"type":"Feature","properties":{"psq_bach_deg_%":29.3,"p_tot":10396,"psq_pop_15_yrs_plus_%":71.5,"sa2_name_2011":"South Melbourne","year":"2011","sa2_code_2011":"206051132"},"id":"sa2_nrp_people_2010_2014.fid--2ea3ac96_1631088cc08_4d3a"},{"type":"Feature","properties":{"psq_bach_deg_%":31.7,"p_tot":10259,"psq_pop_15_yrs_plus_%":71.7,"sa2_name_2011":"Kensington","year":"2011","sa2_code_2011":"206041121"},"id":"sa2_nrp_people_2010_2014.fid--2ea3ac96_1631088cc08_4d3b"},{"type":"Feature","properties":{"psq_bach_deg_%":32.7,"p_tot":15778,"psq_pop_15_yrs_plus_%":75.4,"sa2_name_2011":"South Yarra - East","year":"2011","sa2_code_2011":"206061137"},"id":"sa2_nrp_people_2010_2014.fid--2ea3ac96_1631088cc08_4d3c"},{"type":"Feature","properties":{"psq_bach_deg_%":26.2,"p_tot":20850,"psq_pop_15_yrs_plus_%":62.1,"sa2_name_2011":"Balwyn North","year":"2011","sa2_code_2011":"207011148"},"id":"sa2_nrp_people_2010_2014.fid--2ea3ac96_1631088cc08_4d3d"},{"type":"Feature","properties":{"psq_bach_deg_%":15.4,"p_tot":16011,"psq_pop_15_yrs_plus_%":54.9,"sa2_name_2011":"Taylors Hill","year":"2011","sa2_code_2011":"213041360"},"id":"sa2_nrp_people_2010_2014.fid--2ea3ac96_1631088cc08_4d3e"},{"type":"Feature","properties":{"psq_bach_deg_%":29.2,"p_tot":16633,"psq_pop_15_yrs_plus_%":68.4,"sa2_name_2011":"Surrey Hills (West) - Canterbury","year":"2011","sa2_code_2011":"207011155"},"id":"sa2_nrp_people_2010_2014.fid--2ea3ac96_1631088cc08_4d3f"},{"type":"Feature","properties":{"psq_bach_deg_%":15.8,"p_tot":20987,"psq_pop_15_yrs_plus_%":58.7,"sa2_name_2011":"Greensborough","year":"2011","sa2_code_2011":"209011197"},"id":"sa2_nrp_people_2010_2014.fid--2ea3ac96_1631088cc08_4d40"},{"type":"Feature","properties":{"psq_bach_deg_%":18.5,"p_tot":10821,"psq_pop_15_yrs_plus_%":56.0,"sa2_name_2011":"Kingsbury","year":"2011","sa2_code_2011":"209021205"},"id":"sa2_nrp_people_2010_2014.fid--2ea3ac96_1631088cc08_4d41"},{"type":"Feature","properties":{"psq_bach_deg_%":30.6,"p_tot":16569,"psq_pop_15_yrs_plus_%":69.5,"sa2_name_2011":"Glen Iris - East","year":"2011","sa2_code_2011":"207011150"},"id":"sa2_nrp_people_2010_2014.fid--2ea3ac96_1631088cc08_4d42"},{"type":"Feature","properties":{"psq_bach_deg_%":28.2,"p_tot":10145,"psq_pop_15_yrs_plus_%":69.9,"sa2_name_2011":"Surrey Hills (East) - Mont Albert","year":"2011","sa2_code_2011":"207031167"},"id":"sa2_nrp_people_2010_2014.fid--2ea3ac96_1631088cc08_4d43"},{"type":"Feature","properties":{"psq_bach_deg_%":19.7,"p_tot":11382,"psq_pop_15_yrs_plus_%":62.2,"sa2_name_2011":"Nunawading","year":"2011","sa2_code_2011":"211041271"},"id":"sa2_nrp_people_2010_2014.fid--2ea3ac96_1631088cc08_4d44"},{"type":"Feature","properties":{"psq_bach_deg_%":7.9,"p_tot":30834,"psq_pop_15_yrs_plus_%":48.6,"sa2_name_2011":"Werribee","year":"2011","sa2_code_2011":"213051367"},"id":"sa2_nrp_people_2010_2014.fid--2ea3ac96_1631088cc08_4d45"},{"type":"Feature","properties":{"psq_bach_deg_%":22.5,"p_tot":18240,"psq_pop_15_yrs_plus_%":65.3,"sa2_name_2011":"Box Hill","year":"2011","sa2_code_2011":"207031163"},"id":"sa2_nrp_people_2010_2014.fid--2ea3ac96_1631088cc08_4d46"},{"type":"Feature","properties":{"psq_bach_deg_%":9.3,"p_tot":17687,"psq_pop_15_yrs_plus_%":52.4,"sa2_name_2011":"Wyndham Vale","year":"2011","sa2_code_2011":"213051369"},"id":"sa2_nrp_people_2010_2014.fid--2ea3ac96_1631088cc08_4d47"},{"type":"Feature","properties":{"psq_bach_deg_%":24.3,"p_tot":15888,"psq_pop_15_yrs_plus_%":67.4,"sa2_name_2011":"Sandringham - Black Rock","year":"2011","sa2_code_2011":"208011173"},"id":"sa2_nrp_people_2010_2014.fid--2ea3ac96_1631088cc08_4d48"},{"type":"Feature","properties":{"psq_bach_deg_%":14.5,"p_tot":9888,"psq_pop_15_yrs_plus_%":54.8,"sa2_name_2011":"Bundoora - East","year":"2011","sa2_code_2011":"209011196"},"id":"sa2_nrp_people_2010_2014.fid--2ea3ac96_1631088cc08_4d49"},{"type":"Feature","properties":{"psq_bach_deg_%":12.0,"p_tot":25781,"psq_pop_15_yrs_plus_%":51.1,"sa2_name_2011":"Reservoir - East","year":"2011","sa2_code_2011":"209021207"},"id":"sa2_nrp_people_2010_2014.fid--2ea3ac96_1631088cc08_4d4a"},{"type":"Feature","properties":{"psq_bach_deg_%":null,"p_tot":null,"psq_pop_15_yrs_plus_%":null,"sa2_name_2011":"Moorabbin Airport","year":"2011","sa2_code_2011":"208031192"},"id":"sa2_nrp_people_2010_2014.fid--2ea3ac96_1631088cc08_4d4b"},{"type":"Feature","properties":{"psq_bach_deg_%":16.6,"p_tot":5227,"psq_pop_15_yrs_plus_%":62.9,"sa2_name_2011":"Panton Hill - St Andrews","year":"2011","sa2_code_2011":"209031212"},"id":"sa2_nrp_people_2010_2014.fid--2ea3ac96_1631088cc08_4d4c"},{"type":"Feature","properties":{"psq_bach_deg_%":27.5,"p_tot":20989,"psq_pop_15_yrs_plus_%":66.9,"sa2_name_2011":"Malvern East","year":"2011","sa2_code_2011":"208041195"},"id":"sa2_nrp_people_2010_2014.fid--2ea3ac96_1631088cc08_4d4d"},{"type":"Feature","properties":{"psq_bach_deg_%":11.4,"p_tot":6503,"psq_pop_15_yrs_plus_%":51.8,"sa2_name_2011":"Bundoora - West","year":"2011","sa2_code_2011":"209041217"},"id":"sa2_nrp_people_2010_2014.fid--2ea3ac96_1631088cc08_4d4e"},{"type":"Feature","properties":{"psq_bach_deg_%":14.6,"p_tot":13984,"psq_pop_15_yrs_plus_%":54.9,"sa2_name_2011":"Heidelberg West","year":"2011","sa2_code_2011":"209011199"},"id":"sa2_nrp_people_2010_2014.fid--2ea3ac96_1631088cc08_4d4f"},{"type":"Feature","properties":{"psq_bach_deg_%":28.5,"p_tot":8041,"psq_pop_15_yrs_plus_%":67.4,"sa2_name_2011":"Ivanhoe East - Eaglemont","year":"2011","sa2_code_2011":"209011201"},"id":"sa2_nrp_people_2010_2014.fid--2ea3ac96_1631088cc08_4d50"},{"type":"Feature","properties":{"psq_bach_deg_%":17.5,"p_tot":5642,"psq_pop_15_yrs_plus_%":55.9,"sa2_name_2011":"Bundoora - North","year":"2011","sa2_code_2011":"209041216"},"id":"sa2_nrp_people_2010_2014.fid--2ea3ac96_1631088cc08_4d51"},{"type":"Feature","properties":{"psq_bach_deg_%":14.2,"p_tot":11380,"psq_pop_15_yrs_plus_%":58.8,"sa2_name_2011":"Gisborne","year":"2011","sa2_code_2011":"210021232"},"id":"sa2_nrp_people_2010_2014.fid--2ea3ac96_1631088cc08_4d52"},{"type":"Feature","properties":{"psq_bach_deg_%":11.3,"p_tot":19046,"psq_pop_15_yrs_plus_%":48.9,"sa2_name_2011":"Mill Park - North","year":"2011","sa2_code_2011":"209041220"},"id":"sa2_nrp_people_2010_2014.fid--2ea3ac96_1631088cc08_4d53"},{"type":"Feature","properties":{"psq_bach_deg_%":7.7,"p_tot":7580,"psq_pop_15_yrs_plus_%":53.5,"sa2_name_2011":"Whittlesea","year":"2011","sa2_code_2011":"209041225"},"id":"sa2_nrp_people_2010_2014.fid--2ea3ac96_1631088cc08_4d54"},{"type":"Feature","properties":{"psq_bach_deg_%":10.8,"p_tot":12688,"psq_pop_15_yrs_plus_%":46.2,"sa2_name_2011":"Greenvale - Bulla","year":"2011","sa2_code_2011":"210051246"},"id":"sa2_nrp_people_2010_2014.fid--2ea3ac96_1631088cc08_4d55"},{"type":"Feature","properties":{"psq_bach_deg_%":13.7,"p_tot":6807,"psq_pop_15_yrs_plus_%":53.5,"sa2_name_2011":"Lysterfield","year":"2011","sa2_code_2011":"211011255"},"id":"sa2_nrp_people_2010_2014.fid--2ea3ac96_1631088cc08_4d56"},{"type":"Feature","properties":{"psq_bach_deg_%":5.6,"p_tot":19169,"psq_pop_15_yrs_plus_%":47.0,"sa2_name_2011":"Cranbourne","year":"2011","sa2_code_2011":"212031300"},"id":"sa2_nrp_people_2010_2014.fid--2ea3ac96_1631088cc08_4d57"},{"type":"Feature","properties":{"psq_bach_deg_%":15.7,"p_tot":11241,"psq_pop_15_yrs_plus_%":56.3,"sa2_name_2011":"Rowville - South","year":"2011","sa2_code_2011":"211011258"},"id":"sa2_nrp_people_2010_2014.fid--2ea3ac96_1631088cc08_4d58"},{"type":"Feature","properties":{"psq_bach_deg_%":20.8,"p_tot":16152,"psq_pop_15_yrs_plus_%":61.8,"sa2_name_2011":"Donvale - Park Orchards","year":"2011","sa2_code_2011":"211021261"},"id":"sa2_nrp_people_2010_2014.fid--2ea3ac96_1631088cc08_4d59"},{"type":"Feature","properties":{"psq_bach_deg_%":8.2,"p_tot":8773,"psq_pop_15_yrs_plus_%":54.1,"sa2_name_2011":"Kilsyth","year":"2011","sa2_code_2011":"211051277"},"id":"sa2_nrp_people_2010_2014.fid--2ea3ac96_1631088cc08_4d5a"},{"type":"Feature","properties":{"psq_bach_deg_%":10.9,"p_tot":5732,"psq_pop_15_yrs_plus_%":55.6,"sa2_name_2011":"Monbulk - Silvan","year":"2011","sa2_code_2011":"211051279"},"id":"sa2_nrp_people_2010_2014.fid--2ea3ac96_1631088cc08_4d5b"},{"type":"Feature","properties":{"psq_bach_deg_%":7.2,"p_tot":12906,"psq_pop_15_yrs_plus_%":51.7,"sa2_name_2011":"Pakenham - North","year":"2011","sa2_code_2011":"212011291"},"id":"sa2_nrp_people_2010_2014.fid--2ea3ac96_1631088cc08_4d5c"},{"type":"Feature","properties":{"psq_bach_deg_%":7.5,"p_tot":7646,"psq_pop_15_yrs_plus_%":53.4,"sa2_name_2011":"Wandin - Seville","year":"2011","sa2_code_2011":"211051285"},"id":"sa2_nrp_people_2010_2014.fid--2ea3ac96_1631088cc08_4d5d"},{"type":"Feature","properties":{"psq_bach_deg_%":13.1,"p_tot":12199,"psq_pop_15_yrs_plus_%":49.4,"sa2_name_2011":"Clarinda - Oakleigh South","year":"2011","sa2_code_2011":"212041309"},"id":"sa2_nrp_people_2010_2014.fid--2ea3ac96_1631088cc08_4d5e"},{"type":"Feature","properties":{"psq_bach_deg_%":10.8,"p_tot":20848,"psq_pop_15_yrs_plus_%":44.7,"sa2_name_2011":"Keysborough","year":"2011","sa2_code_2011":"212041314"},"id":"sa2_nrp_people_2010_2014.fid--2ea3ac96_1631088cc08_4d5f"},{"type":"Feature","properties":{"psq_bach_deg_%":21.8,"p_tot":19303,"psq_pop_15_yrs_plus_%":61.6,"sa2_name_2011":"Glen Waverley - West","year":"2011","sa2_code_2011":"212051322"},"id":"sa2_nrp_people_2010_2014.fid--2ea3ac96_1631088cc08_4d60"},{"type":"Feature","properties":{"psq_bach_deg_%":10.1,"p_tot":7387,"psq_pop_15_yrs_plus_%":52.3,"sa2_name_2011":"Ardeer - Albion","year":"2011","sa2_code_2011":"213011328"},"id":"sa2_nrp_people_2010_2014.fid--2ea3ac96_1631088cc08_4d61"},{"type":"Feature","properties":{"psq_bach_deg_%":10.2,"p_tot":29804,"psq_pop_15_yrs_plus_%":48.5,"sa2_name_2011":"Noble Park","year":"2011","sa2_code_2011":"212041315"},"id":"sa2_nrp_people_2010_2014.fid--2ea3ac96_1631088cc08_4d62"},{"type":"Feature","properties":{"psq_bach_deg_%":8.1,"p_tot":23163,"psq_pop_15_yrs_plus_%":52.6,"sa2_name_2011":"Langwarrin","year":"2011","sa2_code_2011":"214011374"},"id":"sa2_nrp_people_2010_2014.fid--2ea3ac96_1631088cc08_4d63"},{"type":"Feature","properties":{"psq_bach_deg_%":21.5,"p_tot":17889,"psq_pop_15_yrs_plus_%":61.7,"sa2_name_2011":"Mount Waverley - South","year":"2011","sa2_code_2011":"212051324"},"id":"sa2_nrp_people_2010_2014.fid--2ea3ac96_1631088cc08_4d64"},{"type":"Feature","properties":{"psq_bach_deg_%":15.5,"p_tot":9311,"psq_pop_15_yrs_plus_%":48.0,"sa2_name_2011":"Cairnlea","year":"2011","sa2_code_2011":"213011329"},"id":"sa2_nrp_people_2010_2014.fid--2ea3ac96_1631088cc08_4d65"},{"type":"Feature","properties":{"psq_bach_deg_%":8.6,"p_tot":17092,"psq_pop_15_yrs_plus_%":43.1,"sa2_name_2011":"St Albans - South","year":"2011","sa2_code_2011":"213011335"},"id":"sa2_nrp_people_2010_2014.fid--2ea3ac96_1631088cc08_4d66"},{"type":"Feature","properties":{"psq_bach_deg_%":22.0,"p_tot":33362,"psq_pop_15_yrs_plus_%":65.5,"sa2_name_2011":"Point Cook","year":"2011","sa2_code_2011":"213051364"},"id":"sa2_nrp_people_2010_2014.fid--2ea3ac96_1631088cc08_4d67"},{"type":"Feature","properties":{"psq_bach_deg_%":14.3,"p_tot":22534,"psq_pop_15_yrs_plus_%":57.9,"sa2_name_2011":"Tarneit","year":"2011","sa2_code_2011":"213051365"},"id":"sa2_nrp_people_2010_2014.fid--2ea3ac96_1631088cc08_4d68"},{"type":"Feature","properties":{"psq_bach_deg_%":8.6,"p_tot":17488,"psq_pop_15_yrs_plus_%":51.4,"sa2_name_2011":"Bacchus Marsh","year":"2011","sa2_code_2011":"213041353"},"id":"sa2_nrp_people_2010_2014.fid--2ea3ac96_1631088cc08_4d69"},{"type":"Feature","properties":{"psq_bach_deg_%":10.0,"p_tot":22301,"psq_pop_15_yrs_plus_%":56.2,"sa2_name_2011":"Frankston","year":"2011","sa2_code_2011":"214011371"},"id":"sa2_nrp_people_2010_2014.fid--2ea3ac96_1631088cc08_4d6a"},{"type":"Feature","properties":{"psq_bach_deg_%":9.2,"p_tot":9333,"psq_pop_15_yrs_plus_%":55.2,"sa2_name_2011":"Dromana","year":"2011","sa2_code_2011":"214021377"},"id":"sa2_nrp_people_2010_2014.fid--2ea3ac96_1631088cc08_4d6b"},{"type":"Feature","properties":{"psq_bach_deg_%":11.2,"p_tot":23224,"psq_pop_15_yrs_plus_%":57.7,"sa2_name_2011":"Mornington","year":"2011","sa2_code_2011":"214021380"},"id":"sa2_nrp_people_2010_2014.fid--2ea3ac96_1631088cc08_4d6c"}]}