{"type":"FeatureCollection","bbox":[0.0,0.0,-1.0,-1.0],"features":[{"type":"Feature","properties":{"area_code":210051248,"area_name":"Melbourne Airport","hg_choles_me_2_rate_3_11_7_13":31.7718094835596},"id":"sa2_chronicdisease_modelledestimate.210051248"},{"type":"Feature","properties":{"area_code":213011340,"area_name":"Taylors Lakes","hg_choles_me_2_rate_3_11_7_13":32.2712941317884},"id":"sa2_chronicdisease_modelledestimate.213011340"},{"type":"Feature","properties":{"area_code":206051130,"area_name":"Port Melbourne","hg_choles_me_2_rate_3_11_7_13":31.738506147241},"id":"sa2_chronicdisease_modelledestimate.206051130"},{"type":"Feature","properties":{"area_code":206011105,"area_name":"Brunswick","hg_choles_me_2_rate_3_11_7_13":32.3032180880387},"id":"sa2_chronicdisease_modelledestimate.206011105"},{"type":"Feature","properties":{"area_code":206011106,"area_name":"Brunswick East","hg_choles_me_2_rate_3_11_7_13":32.3032180880387},"id":"sa2_chronicdisease_modelledestimate.206011106"},{"type":"Feature","properties":{"area_code":208021180,"area_name":"Hughesdale","hg_choles_me_2_rate_3_11_7_13":32.4631566381559},"id":"sa2_chronicdisease_modelledestimate.208021180"},{"type":"Feature","properties":{"area_code":213011339,"area_name":"Sydenham","hg_choles_me_2_rate_3_11_7_13":31.8529154887404},"id":"sa2_chronicdisease_modelledestimate.213011339"},{"type":"Feature","properties":{"area_code":208021181,"area_name":"Murrumbeena","hg_choles_me_2_rate_3_11_7_13":32.7549435266099},"id":"sa2_chronicdisease_modelledestimate.208021181"},{"type":"Feature","properties":{"area_code":206031115,"area_name":"Flemington","hg_choles_me_2_rate_3_11_7_13":32.227342517717},"id":"sa2_chronicdisease_modelledestimate.206031115"},{"type":"Feature","properties":{"area_code":213021341,"area_name":"Altona","hg_choles_me_2_rate_3_11_7_13":33.2440276806702},"id":"sa2_chronicdisease_modelledestimate.213021341"},{"type":"Feature","properties":{"area_code":213021342,"area_name":"Altona Meadows","hg_choles_me_2_rate_3_11_7_13":32.5421507506346},"id":"sa2_chronicdisease_modelledestimate.213021342"},{"type":"Feature","properties":{"area_code":206041118,"area_name":"Docklands","hg_choles_me_2_rate_3_11_7_13":36.3387578053097},"id":"sa2_chronicdisease_modelledestimate.206041118"},{"type":"Feature","properties":{"area_code":208031187,"area_name":"Chelsea Heights","hg_choles_me_2_rate_3_11_7_13":35.6485087331136},"id":"sa2_chronicdisease_modelledestimate.208031187"},{"type":"Feature","properties":{"area_code":206041119,"area_name":"East Melbourne","hg_choles_me_2_rate_3_11_7_13":37.4769224718492},"id":"sa2_chronicdisease_modelledestimate.206041119"},{"type":"Feature","properties":{"area_code":206041120,"area_name":"Flemington Racecourse","hg_choles_me_2_rate_3_11_7_13":32.2846034608551},"id":"sa2_chronicdisease_modelledestimate.206041120"},{"type":"Feature","properties":{"area_code":212031305,"area_name":"Hampton Park - Lynbrook","hg_choles_me_2_rate_3_11_7_13":31.8986914323253},"id":"sa2_chronicdisease_modelledestimate.212031305"},{"type":"Feature","properties":{"area_code":206041125,"area_name":"South Yarra - West","hg_choles_me_2_rate_3_11_7_13":37.4769224718492},"id":"sa2_chronicdisease_modelledestimate.206041125"},{"type":"Feature","properties":{"area_code":206061135,"area_name":"Armadale","hg_choles_me_2_rate_3_11_7_13":37.4387918477816},"id":"sa2_chronicdisease_modelledestimate.206061135"},{"type":"Feature","properties":{"area_code":212031306,"area_name":"Lynbrook - Lyndhurst","hg_choles_me_2_rate_3_11_7_13":32.2343509208614},"id":"sa2_chronicdisease_modelledestimate.212031306"},{"type":"Feature","properties":{"area_code":211051282,"area_name":"Mount Dandenong - Olinda","hg_choles_me_2_rate_3_11_7_13":33.767347578276},"id":"sa2_chronicdisease_modelledestimate.211051282"},{"type":"Feature","properties":{"area_code":206061136,"area_name":"Prahran - Windsor","hg_choles_me_2_rate_3_11_7_13":32.3555203290605},"id":"sa2_chronicdisease_modelledestimate.206061136"},{"type":"Feature","properties":{"area_code":208031183,"area_name":"Aspendale Gardens - Waterways","hg_choles_me_2_rate_3_11_7_13":32.7066971007101},"id":"sa2_chronicdisease_modelledestimate.208031183"},{"type":"Feature","properties":{"area_code":206011108,"area_name":"Coburg","hg_choles_me_2_rate_3_11_7_13":31.9641854461541},"id":"sa2_chronicdisease_modelledestimate.206011108"},{"type":"Feature","properties":{"area_code":206071141,"area_name":"Collingwood","hg_choles_me_2_rate_3_11_7_13":32.132882494393},"id":"sa2_chronicdisease_modelledestimate.206071141"},{"type":"Feature","properties":{"area_code":206071142,"area_name":"Fitzroy","hg_choles_me_2_rate_3_11_7_13":32.132882494393},"id":"sa2_chronicdisease_modelledestimate.206071142"},{"type":"Feature","properties":{"area_code":206011107,"area_name":"Brunswick West","hg_choles_me_2_rate_3_11_7_13":32.4799956451306},"id":"sa2_chronicdisease_modelledestimate.206011107"},{"type":"Feature","properties":{"area_code":211031265,"area_name":"Croydon Hills - Warranwood","hg_choles_me_2_rate_3_11_7_13":35.64649867184},"id":"sa2_chronicdisease_modelledestimate.211031265"},{"type":"Feature","properties":{"area_code":206011109,"area_name":"Pascoe Vale South","hg_choles_me_2_rate_3_11_7_13":32.4799956451306},"id":"sa2_chronicdisease_modelledestimate.206011109"},{"type":"Feature","properties":{"area_code":206021112,"area_name":"Thornbury","hg_choles_me_2_rate_3_11_7_13":32.1645603441865},"id":"sa2_chronicdisease_modelledestimate.206021112"},{"type":"Feature","properties":{"area_code":206021110,"area_name":"Alphington - Fairfield","hg_choles_me_2_rate_3_11_7_13":32.2808826462679},"id":"sa2_chronicdisease_modelledestimate.206021110"},{"type":"Feature","properties":{"area_code":211031268,"area_name":"Ringwood North","hg_choles_me_2_rate_3_11_7_13":35.64649867184},"id":"sa2_chronicdisease_modelledestimate.211031268"},{"type":"Feature","properties":{"area_code":206021111,"area_name":"Northcote","hg_choles_me_2_rate_3_11_7_13":32.2808826462679},"id":"sa2_chronicdisease_modelledestimate.206021111"},{"type":"Feature","properties":{"area_code":208011170,"area_name":"Brighton East","hg_choles_me_2_rate_3_11_7_13":35.0173065024839},"id":"sa2_chronicdisease_modelledestimate.208011170"},{"type":"Feature","properties":{"area_code":206041126,"area_name":"Southbank","hg_choles_me_2_rate_3_11_7_13":36.3387578053097},"id":"sa2_chronicdisease_modelledestimate.206041126"},{"type":"Feature","properties":{"area_code":206041121,"area_name":"Kensington","hg_choles_me_2_rate_3_11_7_13":32.2846034608551},"id":"sa2_chronicdisease_modelledestimate.206041121"},{"type":"Feature","properties":{"area_code":206031113,"area_name":"Ascot Vale","hg_choles_me_2_rate_3_11_7_13":32.5522716469296},"id":"sa2_chronicdisease_modelledestimate.206031113"},{"type":"Feature","properties":{"area_code":206041127,"area_name":"West Melbourne","hg_choles_me_2_rate_3_11_7_13":36.3387578053097},"id":"sa2_chronicdisease_modelledestimate.206041127"},{"type":"Feature","properties":{"area_code":206031114,"area_name":"Essendon - Aberfeldie","hg_choles_me_2_rate_3_11_7_13":33.559701351506},"id":"sa2_chronicdisease_modelledestimate.206031114"},{"type":"Feature","properties":{"area_code":206031116,"area_name":"Moonee Ponds","hg_choles_me_2_rate_3_11_7_13":33.559701351506},"id":"sa2_chronicdisease_modelledestimate.206031116"},{"type":"Feature","properties":{"area_code":206041117,"area_name":"Carlton","hg_choles_me_2_rate_3_11_7_13":33.6276561940798},"id":"sa2_chronicdisease_modelledestimate.206041117"},{"type":"Feature","properties":{"area_code":206041122,"area_name":"Melbourne","hg_choles_me_2_rate_3_11_7_13":37.1096671125649},"id":"sa2_chronicdisease_modelledestimate.206041122"},{"type":"Feature","properties":{"area_code":208011171,"area_name":"Cheltenham - Highett (West)","hg_choles_me_2_rate_3_11_7_13":33.0582728726872},"id":"sa2_chronicdisease_modelledestimate.208011171"},{"type":"Feature","properties":{"area_code":206051128,"area_name":"Albert Park","hg_choles_me_2_rate_3_11_7_13":32.1904129187226},"id":"sa2_chronicdisease_modelledestimate.206051128"},{"type":"Feature","properties":{"area_code":206041123,"area_name":"North Melbourne","hg_choles_me_2_rate_3_11_7_13":32.5827898742111},"id":"sa2_chronicdisease_modelledestimate.206041123"},{"type":"Feature","properties":{"area_code":206041124,"area_name":"Parkville","hg_choles_me_2_rate_3_11_7_13":39.0063152941927},"id":"sa2_chronicdisease_modelledestimate.206041124"},{"type":"Feature","properties":{"area_code":206051129,"area_name":"Elwood","hg_choles_me_2_rate_3_11_7_13":31.9628066230411},"id":"sa2_chronicdisease_modelledestimate.206051129"},{"type":"Feature","properties":{"area_code":206051131,"area_name":"Port Melbourne Industrial","hg_choles_me_2_rate_3_11_7_13":31.738506147241},"id":"sa2_chronicdisease_modelledestimate.206051131"},{"type":"Feature","properties":{"area_code":206051132,"area_name":"South Melbourne","hg_choles_me_2_rate_3_11_7_13":32.2016671377578},"id":"sa2_chronicdisease_modelledestimate.206051132"},{"type":"Feature","properties":{"area_code":206051133,"area_name":"St Kilda","hg_choles_me_2_rate_3_11_7_13":32.3421792762964},"id":"sa2_chronicdisease_modelledestimate.206051133"},{"type":"Feature","properties":{"area_code":206051134,"area_name":"St Kilda East","hg_choles_me_2_rate_3_11_7_13":32.3421792762964},"id":"sa2_chronicdisease_modelledestimate.206051134"},{"type":"Feature","properties":{"area_code":206061137,"area_name":"South Yarra - East","hg_choles_me_2_rate_3_11_7_13":32.3555203290605},"id":"sa2_chronicdisease_modelledestimate.206061137"},{"type":"Feature","properties":{"area_code":206061138,"area_name":"Toorak","hg_choles_me_2_rate_3_11_7_13":37.4387918477816},"id":"sa2_chronicdisease_modelledestimate.206061138"},{"type":"Feature","properties":{"area_code":206071143,"area_name":"Fitzroy North","hg_choles_me_2_rate_3_11_7_13":32.2177637431975},"id":"sa2_chronicdisease_modelledestimate.206071143"},{"type":"Feature","properties":{"area_code":206071144,"area_name":"Richmond (Vic.)","hg_choles_me_2_rate_3_11_7_13":32.2609468607555},"id":"sa2_chronicdisease_modelledestimate.206071144"},{"type":"Feature","properties":{"area_code":206071145,"area_name":"Yarra - North","hg_choles_me_2_rate_3_11_7_13":32.130385932897},"id":"sa2_chronicdisease_modelledestimate.206071145"},{"type":"Feature","properties":{"area_code":206071139,"area_name":"Abbotsford","hg_choles_me_2_rate_3_11_7_13":32.130385932897},"id":"sa2_chronicdisease_modelledestimate.206071139"},{"type":"Feature","properties":{"area_code":206071140,"area_name":"Carlton North - Princes Hill","hg_choles_me_2_rate_3_11_7_13":32.2177637431975},"id":"sa2_chronicdisease_modelledestimate.206071140"},{"type":"Feature","properties":{"area_code":207011147,"area_name":"Balwyn","hg_choles_me_2_rate_3_11_7_13":34.6690960717703},"id":"sa2_chronicdisease_modelledestimate.207011147"},{"type":"Feature","properties":{"area_code":207011149,"area_name":"Camberwell","hg_choles_me_2_rate_3_11_7_13":37.4098006030928},"id":"sa2_chronicdisease_modelledestimate.207011149"},{"type":"Feature","properties":{"area_code":207011146,"area_name":"Ashburton (Vic.)","hg_choles_me_2_rate_3_11_7_13":33.1660261441489},"id":"sa2_chronicdisease_modelledestimate.207011146"},{"type":"Feature","properties":{"area_code":207011152,"area_name":"Hawthorn East","hg_choles_me_2_rate_3_11_7_13":33.4601661783478},"id":"sa2_chronicdisease_modelledestimate.207011152"},{"type":"Feature","properties":{"area_code":207011153,"area_name":"Kew","hg_choles_me_2_rate_3_11_7_13":32.6035486686114},"id":"sa2_chronicdisease_modelledestimate.207011153"},{"type":"Feature","properties":{"area_code":207011148,"area_name":"Balwyn North","hg_choles_me_2_rate_3_11_7_13":34.6690960717703},"id":"sa2_chronicdisease_modelledestimate.207011148"},{"type":"Feature","properties":{"area_code":207011155,"area_name":"Surrey Hills (West) - Canterbury","hg_choles_me_2_rate_3_11_7_13":37.4098006030928},"id":"sa2_chronicdisease_modelledestimate.207011155"},{"type":"Feature","properties":{"area_code":207021160,"area_name":"Templestowe Lower","hg_choles_me_2_rate_3_11_7_13":32.7462588405367},"id":"sa2_chronicdisease_modelledestimate.207021160"},{"type":"Feature","properties":{"area_code":207011150,"area_name":"Glen Iris - East","hg_choles_me_2_rate_3_11_7_13":32.6476646016379},"id":"sa2_chronicdisease_modelledestimate.207011150"},{"type":"Feature","properties":{"area_code":207011151,"area_name":"Hawthorn","hg_choles_me_2_rate_3_11_7_13":33.4601661783478},"id":"sa2_chronicdisease_modelledestimate.207011151"},{"type":"Feature","properties":{"area_code":207021156,"area_name":"Bulleen","hg_choles_me_2_rate_3_11_7_13":33.12828190054},"id":"sa2_chronicdisease_modelledestimate.207021156"},{"type":"Feature","properties":{"area_code":207021157,"area_name":"Doncaster","hg_choles_me_2_rate_3_11_7_13":33.12828190054},"id":"sa2_chronicdisease_modelledestimate.207021157"},{"type":"Feature","properties":{"area_code":207021158,"area_name":"Doncaster East","hg_choles_me_2_rate_3_11_7_13":32.3239281741932},"id":"sa2_chronicdisease_modelledestimate.207021158"},{"type":"Feature","properties":{"area_code":207021159,"area_name":"Templestowe","hg_choles_me_2_rate_3_11_7_13":32.7462588405367},"id":"sa2_chronicdisease_modelledestimate.207021159"},{"type":"Feature","properties":{"area_code":207031161,"area_name":"Blackburn","hg_choles_me_2_rate_3_11_7_13":32.8754862913215},"id":"sa2_chronicdisease_modelledestimate.207031161"},{"type":"Feature","properties":{"area_code":207011154,"area_name":"Kew East","hg_choles_me_2_rate_3_11_7_13":32.6035486686114},"id":"sa2_chronicdisease_modelledestimate.207011154"},{"type":"Feature","properties":{"area_code":207031162,"area_name":"Blackburn South","hg_choles_me_2_rate_3_11_7_13":32.8754862913215},"id":"sa2_chronicdisease_modelledestimate.207031162"},{"type":"Feature","properties":{"area_code":207031163,"area_name":"Box Hill","hg_choles_me_2_rate_3_11_7_13":33.305609346647},"id":"sa2_chronicdisease_modelledestimate.207031163"},{"type":"Feature","properties":{"area_code":207031167,"area_name":"Surrey Hills (East) - Mont Albert","hg_choles_me_2_rate_3_11_7_13":36.6416595815364},"id":"sa2_chronicdisease_modelledestimate.207031167"},{"type":"Feature","properties":{"area_code":207031165,"area_name":"Burwood","hg_choles_me_2_rate_3_11_7_13":33.1553766593679},"id":"sa2_chronicdisease_modelledestimate.207031165"},{"type":"Feature","properties":{"area_code":207031164,"area_name":"Box Hill North","hg_choles_me_2_rate_3_11_7_13":33.305609346647},"id":"sa2_chronicdisease_modelledestimate.207031164"},{"type":"Feature","properties":{"area_code":207031166,"area_name":"Burwood East","hg_choles_me_2_rate_3_11_7_13":33.1553766593679},"id":"sa2_chronicdisease_modelledestimate.207031166"},{"type":"Feature","properties":{"area_code":208011168,"area_name":"Beaumaris","hg_choles_me_2_rate_3_11_7_13":34.7017107424708},"id":"sa2_chronicdisease_modelledestimate.208011168"},{"type":"Feature","properties":{"area_code":212041313,"area_name":"Dingley Village","hg_choles_me_2_rate_3_11_7_13":36.5552108698493},"id":"sa2_chronicdisease_modelledestimate.212041313"},{"type":"Feature","properties":{"area_code":208011169,"area_name":"Brighton (Vic.)","hg_choles_me_2_rate_3_11_7_13":35.0173065024839},"id":"sa2_chronicdisease_modelledestimate.208011169"},{"type":"Feature","properties":{"area_code":208011172,"area_name":"Hampton","hg_choles_me_2_rate_3_11_7_13":32.9119444188734},"id":"sa2_chronicdisease_modelledestimate.208011172"},{"type":"Feature","properties":{"area_code":208021174,"area_name":"Bentleigh - McKinnon","hg_choles_me_2_rate_3_11_7_13":32.2595005824745},"id":"sa2_chronicdisease_modelledestimate.208021174"},{"type":"Feature","properties":{"area_code":214011372,"area_name":"Frankston North","hg_choles_me_2_rate_3_11_7_13":32.6932285949566},"id":"sa2_chronicdisease_modelledestimate.214011372"},{"type":"Feature","properties":{"area_code":208021175,"area_name":"Bentleigh East","hg_choles_me_2_rate_3_11_7_13":32.2595005824745},"id":"sa2_chronicdisease_modelledestimate.208021175"},{"type":"Feature","properties":{"area_code":208031184,"area_name":"Braeside","hg_choles_me_2_rate_3_11_7_13":32.7066971007101},"id":"sa2_chronicdisease_modelledestimate.208031184"},{"type":"Feature","properties":{"area_code":208011173,"area_name":"Sandringham - Black Rock","hg_choles_me_2_rate_3_11_7_13":34.7017107424708},"id":"sa2_chronicdisease_modelledestimate.208011173"},{"type":"Feature","properties":{"area_code":208021176,"area_name":"Carnegie","hg_choles_me_2_rate_3_11_7_13":32.487467335029},"id":"sa2_chronicdisease_modelledestimate.208021176"},{"type":"Feature","properties":{"area_code":208021179,"area_name":"Elsternwick","hg_choles_me_2_rate_3_11_7_13":32.7604707111901},"id":"sa2_chronicdisease_modelledestimate.208021179"},{"type":"Feature","properties":{"area_code":208021182,"area_name":"Ormond - Glen Huntly","hg_choles_me_2_rate_3_11_7_13":32.487467335029},"id":"sa2_chronicdisease_modelledestimate.208021182"},{"type":"Feature","properties":{"area_code":208021177,"area_name":"Caulfield - North","hg_choles_me_2_rate_3_11_7_13":32.8415605739226},"id":"sa2_chronicdisease_modelledestimate.208021177"},{"type":"Feature","properties":{"area_code":208021178,"area_name":"Caulfield - South","hg_choles_me_2_rate_3_11_7_13":32.8415605739226},"id":"sa2_chronicdisease_modelledestimate.208021178"},{"type":"Feature","properties":{"area_code":208031185,"area_name":"Carrum - Patterson Lakes","hg_choles_me_2_rate_3_11_7_13":32.9992240667073},"id":"sa2_chronicdisease_modelledestimate.208031185"},{"type":"Feature","properties":{"area_code":208031186,"area_name":"Chelsea - Bonbeach","hg_choles_me_2_rate_3_11_7_13":35.6485087331136},"id":"sa2_chronicdisease_modelledestimate.208031186"},{"type":"Feature","properties":{"area_code":208031188,"area_name":"Cheltenham - Highett (East)","hg_choles_me_2_rate_3_11_7_13":33.377289360592},"id":"sa2_chronicdisease_modelledestimate.208031188"},{"type":"Feature","properties":{"area_code":208031190,"area_name":"Mentone","hg_choles_me_2_rate_3_11_7_13":33.377289360592},"id":"sa2_chronicdisease_modelledestimate.208031190"},{"type":"Feature","properties":{"area_code":208031189,"area_name":"Edithvale - Aspendale","hg_choles_me_2_rate_3_11_7_13":32.7066971007101},"id":"sa2_chronicdisease_modelledestimate.208031189"},{"type":"Feature","properties":{"area_code":208031191,"area_name":"Moorabbin - Heatherton","hg_choles_me_2_rate_3_11_7_13":33.377289360592},"id":"sa2_chronicdisease_modelledestimate.208031191"},{"type":"Feature","properties":{"area_code":208031192,"area_name":"Moorabbin Airport","hg_choles_me_2_rate_3_11_7_13":33.377289360592},"id":"sa2_chronicdisease_modelledestimate.208031192"},{"type":"Feature","properties":{"area_code":209011196,"area_name":"Bundoora - East","hg_choles_me_2_rate_3_11_7_13":32.882051834335},"id":"sa2_chronicdisease_modelledestimate.209011196"},{"type":"Feature","properties":{"area_code":209011197,"area_name":"Greensborough","hg_choles_me_2_rate_3_11_7_13":32.1750578902549},"id":"sa2_chronicdisease_modelledestimate.209011197"},{"type":"Feature","properties":{"area_code":208031193,"area_name":"Mordialloc - Parkdale","hg_choles_me_2_rate_3_11_7_13":32.7066971007101},"id":"sa2_chronicdisease_modelledestimate.208031193"},{"type":"Feature","properties":{"area_code":209031210,"area_name":"Hurstbridge","hg_choles_me_2_rate_3_11_7_13":34.2989922075542},"id":"sa2_chronicdisease_modelledestimate.209031210"},{"type":"Feature","properties":{"area_code":209031211,"area_name":"Kinglake","hg_choles_me_2_rate_3_11_7_13":32.3906061223357},"id":"sa2_chronicdisease_modelledestimate.209031211"},{"type":"Feature","properties":{"area_code":209031212,"area_name":"Panton Hill - St Andrews","hg_choles_me_2_rate_3_11_7_13":34.2989922075542},"id":"sa2_chronicdisease_modelledestimate.209031212"},{"type":"Feature","properties":{"area_code":209031213,"area_name":"Plenty - Yarrambat","hg_choles_me_2_rate_3_11_7_13":35.0264855372387},"id":"sa2_chronicdisease_modelledestimate.209031213"},{"type":"Feature","properties":{"area_code":209031214,"area_name":"Research - North Warrandyte","hg_choles_me_2_rate_3_11_7_13":34.2989922075542},"id":"sa2_chronicdisease_modelledestimate.209031214"},{"type":"Feature","properties":{"area_code":208041194,"area_name":"Malvern - Glen Iris","hg_choles_me_2_rate_3_11_7_13":32.7369042320736},"id":"sa2_chronicdisease_modelledestimate.208041194"},{"type":"Feature","properties":{"area_code":208041195,"area_name":"Malvern East","hg_choles_me_2_rate_3_11_7_13":32.7369042320736},"id":"sa2_chronicdisease_modelledestimate.208041195"},{"type":"Feature","properties":{"area_code":209011198,"area_name":"Heidelberg - Rosanna","hg_choles_me_2_rate_3_11_7_13":33.3726850582386},"id":"sa2_chronicdisease_modelledestimate.209011198"},{"type":"Feature","properties":{"area_code":209041217,"area_name":"Bundoora - West","hg_choles_me_2_rate_3_11_7_13":32.1800663684455},"id":"sa2_chronicdisease_modelledestimate.209041217"},{"type":"Feature","properties":{"area_code":209011199,"area_name":"Heidelberg West","hg_choles_me_2_rate_3_11_7_13":32.7414571934013},"id":"sa2_chronicdisease_modelledestimate.209011199"},{"type":"Feature","properties":{"area_code":209011200,"area_name":"Ivanhoe","hg_choles_me_2_rate_3_11_7_13":32.9063103729263},"id":"sa2_chronicdisease_modelledestimate.209011200"},{"type":"Feature","properties":{"area_code":209041218,"area_name":"Epping","hg_choles_me_2_rate_3_11_7_13":32.5568022836646},"id":"sa2_chronicdisease_modelledestimate.209041218"},{"type":"Feature","properties":{"area_code":209011201,"area_name":"Ivanhoe East - Eaglemont","hg_choles_me_2_rate_3_11_7_13":32.7122762663236},"id":"sa2_chronicdisease_modelledestimate.209011201"},{"type":"Feature","properties":{"area_code":209011202,"area_name":"Montmorency - Briar Hill","hg_choles_me_2_rate_3_11_7_13":32.1750578902549},"id":"sa2_chronicdisease_modelledestimate.209011202"},{"type":"Feature","properties":{"area_code":209011203,"area_name":"Viewbank - Yallambie","hg_choles_me_2_rate_3_11_7_13":33.3726850582386},"id":"sa2_chronicdisease_modelledestimate.209011203"},{"type":"Feature","properties":{"area_code":209041225,"area_name":"Whittlesea","hg_choles_me_2_rate_3_11_7_13":32.5536675587743},"id":"sa2_chronicdisease_modelledestimate.209041225"},{"type":"Feature","properties":{"area_code":209011204,"area_name":"Watsonia","hg_choles_me_2_rate_3_11_7_13":32.882051834335},"id":"sa2_chronicdisease_modelledestimate.209011204"},{"type":"Feature","properties":{"area_code":209021205,"area_name":"Kingsbury","hg_choles_me_2_rate_3_11_7_13":34.2024314361514},"id":"sa2_chronicdisease_modelledestimate.209021205"},{"type":"Feature","properties":{"area_code":210011226,"area_name":"Airport West","hg_choles_me_2_rate_3_11_7_13":32.2703509964724},"id":"sa2_chronicdisease_modelledestimate.210011226"},{"type":"Feature","properties":{"area_code":209021206,"area_name":"Preston","hg_choles_me_2_rate_3_11_7_13":31.7170065257983},"id":"sa2_chronicdisease_modelledestimate.209021206"},{"type":"Feature","properties":{"area_code":209021207,"area_name":"Reservoir - East","hg_choles_me_2_rate_3_11_7_13":32.7505144579951},"id":"sa2_chronicdisease_modelledestimate.209021207"},{"type":"Feature","properties":{"area_code":209021208,"area_name":"Reservoir - West","hg_choles_me_2_rate_3_11_7_13":32.1789930317528},"id":"sa2_chronicdisease_modelledestimate.209021208"},{"type":"Feature","properties":{"area_code":209031209,"area_name":"Eltham","hg_choles_me_2_rate_3_11_7_13":32.4521246687984},"id":"sa2_chronicdisease_modelledestimate.209031209"},{"type":"Feature","properties":{"area_code":209031215,"area_name":"Wattle Glen - Diamond Creek","hg_choles_me_2_rate_3_11_7_13":35.0264855372387},"id":"sa2_chronicdisease_modelledestimate.209031215"},{"type":"Feature","properties":{"area_code":210011227,"area_name":"Essendon Airport","hg_choles_me_2_rate_3_11_7_13":32.2703509964724},"id":"sa2_chronicdisease_modelledestimate.210011227"},{"type":"Feature","properties":{"area_code":209041216,"area_name":"Bundoora - North","hg_choles_me_2_rate_3_11_7_13":31.8181273056697},"id":"sa2_chronicdisease_modelledestimate.209041216"},{"type":"Feature","properties":{"area_code":210011230,"area_name":"Niddrie - Essendon West","hg_choles_me_2_rate_3_11_7_13":33.2830499645319},"id":"sa2_chronicdisease_modelledestimate.210011230"},{"type":"Feature","properties":{"area_code":209041219,"area_name":"Lalor","hg_choles_me_2_rate_3_11_7_13":31.3644541892543},"id":"sa2_chronicdisease_modelledestimate.209041219"},{"type":"Feature","properties":{"area_code":209041220,"area_name":"Mill Park - North","hg_choles_me_2_rate_3_11_7_13":31.6805054291077},"id":"sa2_chronicdisease_modelledestimate.209041220"},{"type":"Feature","properties":{"area_code":209041221,"area_name":"Mill Park - South","hg_choles_me_2_rate_3_11_7_13":32.0248795434317},"id":"sa2_chronicdisease_modelledestimate.209041221"},{"type":"Feature","properties":{"area_code":209041222,"area_name":"South Morang","hg_choles_me_2_rate_3_11_7_13":33.1848564394817},"id":"sa2_chronicdisease_modelledestimate.209041222"},{"type":"Feature","properties":{"area_code":209041223,"area_name":"Thomastown","hg_choles_me_2_rate_3_11_7_13":31.3644541892543},"id":"sa2_chronicdisease_modelledestimate.209041223"},{"type":"Feature","properties":{"area_code":209041224,"area_name":"Wallan","hg_choles_me_2_rate_3_11_7_13":32.5536675587743},"id":"sa2_chronicdisease_modelledestimate.209041224"},{"type":"Feature","properties":{"area_code":210011228,"area_name":"Keilor","hg_choles_me_2_rate_3_11_7_13":32.761787889948},"id":"sa2_chronicdisease_modelledestimate.210011228"},{"type":"Feature","properties":{"area_code":210011229,"area_name":"Keilor East","hg_choles_me_2_rate_3_11_7_13":32.2703509964724},"id":"sa2_chronicdisease_modelledestimate.210011229"},{"type":"Feature","properties":{"area_code":210011231,"area_name":"Strathmore","hg_choles_me_2_rate_3_11_7_13":32.8921031335017},"id":"sa2_chronicdisease_modelledestimate.210011231"},{"type":"Feature","properties":{"area_code":210021232,"area_name":"Gisborne","hg_choles_me_2_rate_3_11_7_13":34.946957691663},"id":"sa2_chronicdisease_modelledestimate.210021232"},{"type":"Feature","properties":{"area_code":210021233,"area_name":"Macedon","hg_choles_me_2_rate_3_11_7_13":34.946957691663},"id":"sa2_chronicdisease_modelledestimate.210021233"},{"type":"Feature","properties":{"area_code":210021234,"area_name":"Riddells Creek","hg_choles_me_2_rate_3_11_7_13":34.946957691663},"id":"sa2_chronicdisease_modelledestimate.210021234"},{"type":"Feature","properties":{"area_code":210021235,"area_name":"Romsey","hg_choles_me_2_rate_3_11_7_13":33.0833888219096},"id":"sa2_chronicdisease_modelledestimate.210021235"},{"type":"Feature","properties":{"area_code":210031236,"area_name":"Coburg North","hg_choles_me_2_rate_3_11_7_13":32.4386773660363},"id":"sa2_chronicdisease_modelledestimate.210031236"},{"type":"Feature","properties":{"area_code":210031237,"area_name":"Fawkner","hg_choles_me_2_rate_3_11_7_13":32.1141500017397},"id":"sa2_chronicdisease_modelledestimate.210031237"},{"type":"Feature","properties":{"area_code":210031238,"area_name":"Glenroy - Hadfield","hg_choles_me_2_rate_3_11_7_13":32.4453828841889},"id":"sa2_chronicdisease_modelledestimate.210031238"},{"type":"Feature","properties":{"area_code":210031239,"area_name":"Pascoe Vale","hg_choles_me_2_rate_3_11_7_13":33.2790593746702},"id":"sa2_chronicdisease_modelledestimate.210031239"},{"type":"Feature","properties":{"area_code":210041240,"area_name":"Sunbury","hg_choles_me_2_rate_3_11_7_13":32.705500014843},"id":"sa2_chronicdisease_modelledestimate.210041240"},{"type":"Feature","properties":{"area_code":210041241,"area_name":"Sunbury - South","hg_choles_me_2_rate_3_11_7_13":32.705500014843},"id":"sa2_chronicdisease_modelledestimate.210041241"},{"type":"Feature","properties":{"area_code":210051242,"area_name":"Broadmeadows","hg_choles_me_2_rate_3_11_7_13":31.8970151566107},"id":"sa2_chronicdisease_modelledestimate.210051242"},{"type":"Feature","properties":{"area_code":210051247,"area_name":"Meadow Heights","hg_choles_me_2_rate_3_11_7_13":30.9179741531954},"id":"sa2_chronicdisease_modelledestimate.210051247"},{"type":"Feature","properties":{"area_code":210051243,"area_name":"Campbellfield - Coolaroo","hg_choles_me_2_rate_3_11_7_13":31.117958183928},"id":"sa2_chronicdisease_modelledestimate.210051243"},{"type":"Feature","properties":{"area_code":210051244,"area_name":"Craigieburn - Mickleham","hg_choles_me_2_rate_3_11_7_13":32.8825884467797},"id":"sa2_chronicdisease_modelledestimate.210051244"},{"type":"Feature","properties":{"area_code":210051245,"area_name":"Gladstone Park - Westmeadows","hg_choles_me_2_rate_3_11_7_13":32.168560382799},"id":"sa2_chronicdisease_modelledestimate.210051245"},{"type":"Feature","properties":{"area_code":210051246,"area_name":"Greenvale - Bulla","hg_choles_me_2_rate_3_11_7_13":31.7718094835596},"id":"sa2_chronicdisease_modelledestimate.210051246"},{"type":"Feature","properties":{"area_code":210051250,"area_name":"Tullamarine","hg_choles_me_2_rate_3_11_7_13":32.168560382799},"id":"sa2_chronicdisease_modelledestimate.210051250"},{"type":"Feature","properties":{"area_code":211011251,"area_name":"Bayswater","hg_choles_me_2_rate_3_11_7_13":35.9896731822411},"id":"sa2_chronicdisease_modelledestimate.211011251"},{"type":"Feature","properties":{"area_code":210051249,"area_name":"Roxburgh Park - Somerton","hg_choles_me_2_rate_3_11_7_13":31.4212273385374},"id":"sa2_chronicdisease_modelledestimate.210051249"},{"type":"Feature","properties":{"area_code":211011252,"area_name":"Boronia - The Basin","hg_choles_me_2_rate_3_11_7_13":35.9896731822411},"id":"sa2_chronicdisease_modelledestimate.211011252"},{"type":"Feature","properties":{"area_code":211011253,"area_name":"Ferntree Gully","hg_choles_me_2_rate_3_11_7_13":32.4407932208631},"id":"sa2_chronicdisease_modelledestimate.211011253"},{"type":"Feature","properties":{"area_code":211011254,"area_name":"Knoxfield - Scoresby","hg_choles_me_2_rate_3_11_7_13":32.788657636028},"id":"sa2_chronicdisease_modelledestimate.211011254"},{"type":"Feature","properties":{"area_code":211011255,"area_name":"Lysterfield","hg_choles_me_2_rate_3_11_7_13":32.2220094587995},"id":"sa2_chronicdisease_modelledestimate.211011255"},{"type":"Feature","properties":{"area_code":211011257,"area_name":"Rowville - North","hg_choles_me_2_rate_3_11_7_13":32.2220094587995},"id":"sa2_chronicdisease_modelledestimate.211011257"},{"type":"Feature","properties":{"area_code":211011256,"area_name":"Rowville - Central","hg_choles_me_2_rate_3_11_7_13":32.2220094587995},"id":"sa2_chronicdisease_modelledestimate.211011256"},{"type":"Feature","properties":{"area_code":211011258,"area_name":"Rowville - South","hg_choles_me_2_rate_3_11_7_13":32.2220094587995},"id":"sa2_chronicdisease_modelledestimate.211011258"},{"type":"Feature","properties":{"area_code":211011259,"area_name":"Wantirna","hg_choles_me_2_rate_3_11_7_13":32.9261540321751},"id":"sa2_chronicdisease_modelledestimate.211011259"},{"type":"Feature","properties":{"area_code":211011260,"area_name":"Wantirna South","hg_choles_me_2_rate_3_11_7_13":32.9261540321751},"id":"sa2_chronicdisease_modelledestimate.211011260"},{"type":"Feature","properties":{"area_code":211021261,"area_name":"Donvale - Park Orchards","hg_choles_me_2_rate_3_11_7_13":34.8818580735455},"id":"sa2_chronicdisease_modelledestimate.211021261"},{"type":"Feature","properties":{"area_code":211021262,"area_name":"Warrandyte - Wonga Park","hg_choles_me_2_rate_3_11_7_13":34.8818580735455},"id":"sa2_chronicdisease_modelledestimate.211021262"},{"type":"Feature","properties":{"area_code":211031263,"area_name":"Bayswater North","hg_choles_me_2_rate_3_11_7_13":35.9137519274746},"id":"sa2_chronicdisease_modelledestimate.211031263"},{"type":"Feature","properties":{"area_code":211031264,"area_name":"Croydon","hg_choles_me_2_rate_3_11_7_13":33.5706960651655},"id":"sa2_chronicdisease_modelledestimate.211031264"},{"type":"Feature","properties":{"area_code":211031266,"area_name":"Ringwood","hg_choles_me_2_rate_3_11_7_13":33.636293105523},"id":"sa2_chronicdisease_modelledestimate.211031266"},{"type":"Feature","properties":{"area_code":211031267,"area_name":"Ringwood East","hg_choles_me_2_rate_3_11_7_13":35.9137519274746},"id":"sa2_chronicdisease_modelledestimate.211031267"},{"type":"Feature","properties":{"area_code":211041269,"area_name":"Forest Hill","hg_choles_me_2_rate_3_11_7_13":33.1659709606369},"id":"sa2_chronicdisease_modelledestimate.211041269"},{"type":"Feature","properties":{"area_code":211041270,"area_name":"Mitcham (Vic.)","hg_choles_me_2_rate_3_11_7_13":33.4516681760979},"id":"sa2_chronicdisease_modelledestimate.211041270"},{"type":"Feature","properties":{"area_code":211051275,"area_name":"Chirnside Park","hg_choles_me_2_rate_3_11_7_13":33.5730440824351},"id":"sa2_chronicdisease_modelledestimate.211051275"},{"type":"Feature","properties":{"area_code":211051276,"area_name":"Healesville - Yarra Glen","hg_choles_me_2_rate_3_11_7_13":32.6324123496265},"id":"sa2_chronicdisease_modelledestimate.211051276"},{"type":"Feature","properties":{"area_code":211041271,"area_name":"Nunawading","hg_choles_me_2_rate_3_11_7_13":32.7210574525614},"id":"sa2_chronicdisease_modelledestimate.211041271"},{"type":"Feature","properties":{"area_code":211041272,"area_name":"Vermont","hg_choles_me_2_rate_3_11_7_13":33.4516681760979},"id":"sa2_chronicdisease_modelledestimate.211041272"},{"type":"Feature","properties":{"area_code":211041273,"area_name":"Vermont South","hg_choles_me_2_rate_3_11_7_13":33.4516681760979},"id":"sa2_chronicdisease_modelledestimate.211041273"},{"type":"Feature","properties":{"area_code":211051274,"area_name":"Belgrave - Selby","hg_choles_me_2_rate_3_11_7_13":33.767347578276},"id":"sa2_chronicdisease_modelledestimate.211051274"},{"type":"Feature","properties":{"area_code":212021293,"area_name":"Berwick - North","hg_choles_me_2_rate_3_11_7_13":36.3617530372869},"id":"sa2_chronicdisease_modelledestimate.212021293"},{"type":"Feature","properties":{"area_code":212021294,"area_name":"Berwick - South","hg_choles_me_2_rate_3_11_7_13":32.4205986991382},"id":"sa2_chronicdisease_modelledestimate.212021294"},{"type":"Feature","properties":{"area_code":211051277,"area_name":"Kilsyth","hg_choles_me_2_rate_3_11_7_13":37.0803229665777},"id":"sa2_chronicdisease_modelledestimate.211051277"},{"type":"Feature","properties":{"area_code":211051278,"area_name":"Lilydale - Coldstream","hg_choles_me_2_rate_3_11_7_13":32.802908680479},"id":"sa2_chronicdisease_modelledestimate.211051278"},{"type":"Feature","properties":{"area_code":211051279,"area_name":"Monbulk - Silvan","hg_choles_me_2_rate_3_11_7_13":32.674973065842},"id":"sa2_chronicdisease_modelledestimate.211051279"},{"type":"Feature","properties":{"area_code":211051280,"area_name":"Montrose","hg_choles_me_2_rate_3_11_7_13":33.5730440824351},"id":"sa2_chronicdisease_modelledestimate.211051280"},{"type":"Feature","properties":{"area_code":211051281,"area_name":"Mooroolbark","hg_choles_me_2_rate_3_11_7_13":33.5730440824351},"id":"sa2_chronicdisease_modelledestimate.211051281"},{"type":"Feature","properties":{"area_code":211051283,"area_name":"Mount Evelyn","hg_choles_me_2_rate_3_11_7_13":32.674973065842},"id":"sa2_chronicdisease_modelledestimate.211051283"},{"type":"Feature","properties":{"area_code":212031302,"area_name":"Cranbourne North","hg_choles_me_2_rate_3_11_7_13":32.2697987840126},"id":"sa2_chronicdisease_modelledestimate.212031302"},{"type":"Feature","properties":{"area_code":211051284,"area_name":"Upwey - Tecoma","hg_choles_me_2_rate_3_11_7_13":33.767347578276},"id":"sa2_chronicdisease_modelledestimate.211051284"},{"type":"Feature","properties":{"area_code":211051285,"area_name":"Wandin - Seville","hg_choles_me_2_rate_3_11_7_13":32.802908680479},"id":"sa2_chronicdisease_modelledestimate.211051285"},{"type":"Feature","properties":{"area_code":211051286,"area_name":"Yarra Valley","hg_choles_me_2_rate_3_11_7_13":32.1970533562483},"id":"sa2_chronicdisease_modelledestimate.211051286"},{"type":"Feature","properties":{"area_code":212011287,"area_name":"Beaconsfield - Officer","hg_choles_me_2_rate_3_11_7_13":32.8899385870051},"id":"sa2_chronicdisease_modelledestimate.212011287"},{"type":"Feature","properties":{"area_code":212011288,"area_name":"Bunyip - Garfield","hg_choles_me_2_rate_3_11_7_13":32.6591016544544},"id":"sa2_chronicdisease_modelledestimate.212011288"},{"type":"Feature","properties":{"area_code":212011289,"area_name":"Emerald - Cockatoo","hg_choles_me_2_rate_3_11_7_13":32.8899385870051},"id":"sa2_chronicdisease_modelledestimate.212011289"},{"type":"Feature","properties":{"area_code":212011290,"area_name":"Koo Wee Rup","hg_choles_me_2_rate_3_11_7_13":32.2237223571668},"id":"sa2_chronicdisease_modelledestimate.212011290"},{"type":"Feature","properties":{"area_code":212011291,"area_name":"Pakenham - North","hg_choles_me_2_rate_3_11_7_13":32.9005217878713},"id":"sa2_chronicdisease_modelledestimate.212011291"},{"type":"Feature","properties":{"area_code":212011292,"area_name":"Pakenham - South","hg_choles_me_2_rate_3_11_7_13":32.9005217878713},"id":"sa2_chronicdisease_modelledestimate.212011292"},{"type":"Feature","properties":{"area_code":212021295,"area_name":"Doveton","hg_choles_me_2_rate_3_11_7_13":32.0244227380483},"id":"sa2_chronicdisease_modelledestimate.212021295"},{"type":"Feature","properties":{"area_code":212031303,"area_name":"Cranbourne South","hg_choles_me_2_rate_3_11_7_13":32.9284334781315},"id":"sa2_chronicdisease_modelledestimate.212031303"},{"type":"Feature","properties":{"area_code":212031304,"area_name":"Cranbourne West","hg_choles_me_2_rate_3_11_7_13":32.7760161912424},"id":"sa2_chronicdisease_modelledestimate.212031304"},{"type":"Feature","properties":{"area_code":212021296,"area_name":"Endeavour Hills","hg_choles_me_2_rate_3_11_7_13":32.0639347175759},"id":"sa2_chronicdisease_modelledestimate.212021296"},{"type":"Feature","properties":{"area_code":212021297,"area_name":"Hallam","hg_choles_me_2_rate_3_11_7_13":32.2327270721851},"id":"sa2_chronicdisease_modelledestimate.212021297"},{"type":"Feature","properties":{"area_code":212021298,"area_name":"Narre Warren","hg_choles_me_2_rate_3_11_7_13":32.9726794196821},"id":"sa2_chronicdisease_modelledestimate.212021298"},{"type":"Feature","properties":{"area_code":212021299,"area_name":"Narre Warren North","hg_choles_me_2_rate_3_11_7_13":36.3617530372869},"id":"sa2_chronicdisease_modelledestimate.212021299"},{"type":"Feature","properties":{"area_code":212031300,"area_name":"Cranbourne","hg_choles_me_2_rate_3_11_7_13":32.7760161912424},"id":"sa2_chronicdisease_modelledestimate.212031300"},{"type":"Feature","properties":{"area_code":212031301,"area_name":"Cranbourne East","hg_choles_me_2_rate_3_11_7_13":32.9284334781315},"id":"sa2_chronicdisease_modelledestimate.212031301"},{"type":"Feature","properties":{"area_code":212031307,"area_name":"Narre Warren South","hg_choles_me_2_rate_3_11_7_13":32.3084565874012},"id":"sa2_chronicdisease_modelledestimate.212031307"},{"type":"Feature","properties":{"area_code":212031308,"area_name":"Pearcedale - Tooradin","hg_choles_me_2_rate_3_11_7_13":32.9284334781315},"id":"sa2_chronicdisease_modelledestimate.212031308"},{"type":"Feature","properties":{"area_code":212041309,"area_name":"Clarinda - Oakleigh South","hg_choles_me_2_rate_3_11_7_13":31.6464292751896},"id":"sa2_chronicdisease_modelledestimate.212041309"},{"type":"Feature","properties":{"area_code":212041310,"area_name":"Clayton South","hg_choles_me_2_rate_3_11_7_13":31.6464292751896},"id":"sa2_chronicdisease_modelledestimate.212041310"},{"type":"Feature","properties":{"area_code":212041312,"area_name":"Dandenong North","hg_choles_me_2_rate_3_11_7_13":32.0192281764156},"id":"sa2_chronicdisease_modelledestimate.212041312"},{"type":"Feature","properties":{"area_code":212041311,"area_name":"Dandenong","hg_choles_me_2_rate_3_11_7_13":31.8798309706645},"id":"sa2_chronicdisease_modelledestimate.212041311"},{"type":"Feature","properties":{"area_code":212041314,"area_name":"Keysborough","hg_choles_me_2_rate_3_11_7_13":31.5251406378157},"id":"sa2_chronicdisease_modelledestimate.212041314"},{"type":"Feature","properties":{"area_code":212041317,"area_name":"Springvale","hg_choles_me_2_rate_3_11_7_13":32.1361400203259},"id":"sa2_chronicdisease_modelledestimate.212041317"},{"type":"Feature","properties":{"area_code":212041315,"area_name":"Noble Park","hg_choles_me_2_rate_3_11_7_13":32.0848085677189},"id":"sa2_chronicdisease_modelledestimate.212041315"},{"type":"Feature","properties":{"area_code":212041316,"area_name":"Noble Park North","hg_choles_me_2_rate_3_11_7_13":32.0192281764156},"id":"sa2_chronicdisease_modelledestimate.212041316"},{"type":"Feature","properties":{"area_code":212041318,"area_name":"Springvale South","hg_choles_me_2_rate_3_11_7_13":32.1361400203259},"id":"sa2_chronicdisease_modelledestimate.212041318"},{"type":"Feature","properties":{"area_code":212051319,"area_name":"Ashwood - Chadstone","hg_choles_me_2_rate_3_11_7_13":33.7753303380781},"id":"sa2_chronicdisease_modelledestimate.212051319"},{"type":"Feature","properties":{"area_code":212051320,"area_name":"Clayton","hg_choles_me_2_rate_3_11_7_13":33.325615482829},"id":"sa2_chronicdisease_modelledestimate.212051320"},{"type":"Feature","properties":{"area_code":212051321,"area_name":"Glen Waverley - East","hg_choles_me_2_rate_3_11_7_13":33.1726282731998},"id":"sa2_chronicdisease_modelledestimate.212051321"},{"type":"Feature","properties":{"area_code":212051322,"area_name":"Glen Waverley - West","hg_choles_me_2_rate_3_11_7_13":32.7043599213382},"id":"sa2_chronicdisease_modelledestimate.212051322"},{"type":"Feature","properties":{"area_code":213011328,"area_name":"Ardeer - Albion","hg_choles_me_2_rate_3_11_7_13":31.6230112843637},"id":"sa2_chronicdisease_modelledestimate.213011328"},{"type":"Feature","properties":{"area_code":212051323,"area_name":"Mount Waverley - North","hg_choles_me_2_rate_3_11_7_13":36.4466905316898},"id":"sa2_chronicdisease_modelledestimate.212051323"},{"type":"Feature","properties":{"area_code":212051324,"area_name":"Mount Waverley - South","hg_choles_me_2_rate_3_11_7_13":36.4466905316898},"id":"sa2_chronicdisease_modelledestimate.212051324"},{"type":"Feature","properties":{"area_code":212051325,"area_name":"Mulgrave","hg_choles_me_2_rate_3_11_7_13":32.7043599213382},"id":"sa2_chronicdisease_modelledestimate.212051325"},{"type":"Feature","properties":{"area_code":212051326,"area_name":"Oakleigh - Huntingdale","hg_choles_me_2_rate_3_11_7_13":33.7753303380781},"id":"sa2_chronicdisease_modelledestimate.212051326"},{"type":"Feature","properties":{"area_code":213011329,"area_name":"Cairnlea","hg_choles_me_2_rate_3_11_7_13":31.5428108488774},"id":"sa2_chronicdisease_modelledestimate.213011329"},{"type":"Feature","properties":{"area_code":212051327,"area_name":"Wheelers Hill","hg_choles_me_2_rate_3_11_7_13":33.1726282731998},"id":"sa2_chronicdisease_modelledestimate.212051327"},{"type":"Feature","properties":{"area_code":213011330,"area_name":"Deer Park - Derrimut","hg_choles_me_2_rate_3_11_7_13":31.8998629145405},"id":"sa2_chronicdisease_modelledestimate.213011330"},{"type":"Feature","properties":{"area_code":213011331,"area_name":"Delahey","hg_choles_me_2_rate_3_11_7_13":31.5802253879131},"id":"sa2_chronicdisease_modelledestimate.213011331"},{"type":"Feature","properties":{"area_code":213011334,"area_name":"St Albans - North","hg_choles_me_2_rate_3_11_7_13":31.500037937916},"id":"sa2_chronicdisease_modelledestimate.213011334"},{"type":"Feature","properties":{"area_code":213011332,"area_name":"Keilor Downs","hg_choles_me_2_rate_3_11_7_13":31.5615716307996},"id":"sa2_chronicdisease_modelledestimate.213011332"},{"type":"Feature","properties":{"area_code":213011333,"area_name":"Kings Park (Vic.)","hg_choles_me_2_rate_3_11_7_13":31.500037937916},"id":"sa2_chronicdisease_modelledestimate.213011333"},{"type":"Feature","properties":{"area_code":213011335,"area_name":"St Albans - South","hg_choles_me_2_rate_3_11_7_13":31.4629449875998},"id":"sa2_chronicdisease_modelledestimate.213011335"},{"type":"Feature","properties":{"area_code":213011337,"area_name":"Sunshine North","hg_choles_me_2_rate_3_11_7_13":31.4629449875998},"id":"sa2_chronicdisease_modelledestimate.213011337"},{"type":"Feature","properties":{"area_code":213011336,"area_name":"Sunshine","hg_choles_me_2_rate_3_11_7_13":31.6230112843637},"id":"sa2_chronicdisease_modelledestimate.213011336"},{"type":"Feature","properties":{"area_code":213011338,"area_name":"Sunshine West","hg_choles_me_2_rate_3_11_7_13":31.6230112843637},"id":"sa2_chronicdisease_modelledestimate.213011338"},{"type":"Feature","properties":{"area_code":213021343,"area_name":"Altona North","hg_choles_me_2_rate_3_11_7_13":31.9174820873092},"id":"sa2_chronicdisease_modelledestimate.213021343"},{"type":"Feature","properties":{"area_code":213021345,"area_name":"Seabrook","hg_choles_me_2_rate_3_11_7_13":31.9574984042204},"id":"sa2_chronicdisease_modelledestimate.213021345"},{"type":"Feature","properties":{"area_code":213021344,"area_name":"Newport","hg_choles_me_2_rate_3_11_7_13":32.5529925280011},"id":"sa2_chronicdisease_modelledestimate.213021344"},{"type":"Feature","properties":{"area_code":213021346,"area_name":"Williamstown","hg_choles_me_2_rate_3_11_7_13":32.5529925280011},"id":"sa2_chronicdisease_modelledestimate.213021346"},{"type":"Feature","properties":{"area_code":213031347,"area_name":"Braybrook","hg_choles_me_2_rate_3_11_7_13":32.2882589128375},"id":"sa2_chronicdisease_modelledestimate.213031347"},{"type":"Feature","properties":{"area_code":213031351,"area_name":"West Footscray - Tottenham","hg_choles_me_2_rate_3_11_7_13":32.2291164412532},"id":"sa2_chronicdisease_modelledestimate.213031351"},{"type":"Feature","properties":{"area_code":213031348,"area_name":"Footscray","hg_choles_me_2_rate_3_11_7_13":32.2291164412532},"id":"sa2_chronicdisease_modelledestimate.213031348"},{"type":"Feature","properties":{"area_code":213031352,"area_name":"Yarraville","hg_choles_me_2_rate_3_11_7_13":32.0266271318119},"id":"sa2_chronicdisease_modelledestimate.213031352"},{"type":"Feature","properties":{"area_code":213041353,"area_name":"Bacchus Marsh","hg_choles_me_2_rate_3_11_7_13":33.0124052937539},"id":"sa2_chronicdisease_modelledestimate.213041353"},{"type":"Feature","properties":{"area_code":213031349,"area_name":"Maribyrnong","hg_choles_me_2_rate_3_11_7_13":32.0096075763721},"id":"sa2_chronicdisease_modelledestimate.213031349"},{"type":"Feature","properties":{"area_code":213031350,"area_name":"Seddon - Kingsville","hg_choles_me_2_rate_3_11_7_13":32.0266271318119},"id":"sa2_chronicdisease_modelledestimate.213031350"},{"type":"Feature","properties":{"area_code":213041354,"area_name":"Caroline Springs","hg_choles_me_2_rate_3_11_7_13":31.9895951361154},"id":"sa2_chronicdisease_modelledestimate.213041354"},{"type":"Feature","properties":{"area_code":213041355,"area_name":"Hillside","hg_choles_me_2_rate_3_11_7_13":32.1362361699091},"id":"sa2_chronicdisease_modelledestimate.213041355"},{"type":"Feature","properties":{"area_code":213041356,"area_name":"Melton","hg_choles_me_2_rate_3_11_7_13":32.2120951028723},"id":"sa2_chronicdisease_modelledestimate.213041356"},{"type":"Feature","properties":{"area_code":213041357,"area_name":"Melton South","hg_choles_me_2_rate_3_11_7_13":32.2120951028723},"id":"sa2_chronicdisease_modelledestimate.213041357"},{"type":"Feature","properties":{"area_code":213041358,"area_name":"Melton West","hg_choles_me_2_rate_3_11_7_13":32.5808338688816},"id":"sa2_chronicdisease_modelledestimate.213041358"},{"type":"Feature","properties":{"area_code":213041359,"area_name":"Rockbank - Mount Cottrell","hg_choles_me_2_rate_3_11_7_13":32.2120951028723},"id":"sa2_chronicdisease_modelledestimate.213041359"},{"type":"Feature","properties":{"area_code":213041360,"area_name":"Taylors Hill","hg_choles_me_2_rate_3_11_7_13":32.1362361699091},"id":"sa2_chronicdisease_modelledestimate.213041360"},{"type":"Feature","properties":{"area_code":213051361,"area_name":"Hoppers Crossing - North","hg_choles_me_2_rate_3_11_7_13":32.0143847310726},"id":"sa2_chronicdisease_modelledestimate.213051361"},{"type":"Feature","properties":{"area_code":213051362,"area_name":"Hoppers Crossing - South","hg_choles_me_2_rate_3_11_7_13":33.1365831340111},"id":"sa2_chronicdisease_modelledestimate.213051362"},{"type":"Feature","properties":{"area_code":213051363,"area_name":"Laverton","hg_choles_me_2_rate_3_11_7_13":32.4337219838814},"id":"sa2_chronicdisease_modelledestimate.213051363"},{"type":"Feature","properties":{"area_code":213051364,"area_name":"Point Cook","hg_choles_me_2_rate_3_11_7_13":32.3702047283921},"id":"sa2_chronicdisease_modelledestimate.213051364"},{"type":"Feature","properties":{"area_code":213051365,"area_name":"Tarneit","hg_choles_me_2_rate_3_11_7_13":32.6178449319186},"id":"sa2_chronicdisease_modelledestimate.213051365"},{"type":"Feature","properties":{"area_code":213051366,"area_name":"Truganina","hg_choles_me_2_rate_3_11_7_13":32.0143847310726},"id":"sa2_chronicdisease_modelledestimate.213051366"},{"type":"Feature","properties":{"area_code":213051367,"area_name":"Werribee","hg_choles_me_2_rate_3_11_7_13":32.8550901388971},"id":"sa2_chronicdisease_modelledestimate.213051367"},{"type":"Feature","properties":{"area_code":213051368,"area_name":"Werribee - South","hg_choles_me_2_rate_3_11_7_13":33.1365831340111},"id":"sa2_chronicdisease_modelledestimate.213051368"},{"type":"Feature","properties":{"area_code":213051369,"area_name":"Wyndham Vale","hg_choles_me_2_rate_3_11_7_13":32.4482533884575},"id":"sa2_chronicdisease_modelledestimate.213051369"},{"type":"Feature","properties":{"area_code":214011370,"area_name":"Carrum Downs","hg_choles_me_2_rate_3_11_7_13":34.9772101209771},"id":"sa2_chronicdisease_modelledestimate.214011370"},{"type":"Feature","properties":{"area_code":214011371,"area_name":"Frankston","hg_choles_me_2_rate_3_11_7_13":32.8975351547213},"id":"sa2_chronicdisease_modelledestimate.214011371"},{"type":"Feature","properties":{"area_code":214011373,"area_name":"Frankston South","hg_choles_me_2_rate_3_11_7_13":37.1985482078384},"id":"sa2_chronicdisease_modelledestimate.214011373"},{"type":"Feature","properties":{"area_code":214011374,"area_name":"Langwarrin","hg_choles_me_2_rate_3_11_7_13":32.8222318891009},"id":"sa2_chronicdisease_modelledestimate.214011374"},{"type":"Feature","properties":{"area_code":214011375,"area_name":"Seaford (Vic.)","hg_choles_me_2_rate_3_11_7_13":34.9772101209771},"id":"sa2_chronicdisease_modelledestimate.214011375"},{"type":"Feature","properties":{"area_code":214011376,"area_name":"Skye - Sandhurst","hg_choles_me_2_rate_3_11_7_13":32.8222318891009},"id":"sa2_chronicdisease_modelledestimate.214011376"},{"type":"Feature","properties":{"area_code":214021377,"area_name":"Dromana","hg_choles_me_2_rate_3_11_7_13":33.477684496791},"id":"sa2_chronicdisease_modelledestimate.214021377"},{"type":"Feature","properties":{"area_code":214021378,"area_name":"Flinders","hg_choles_me_2_rate_3_11_7_13":37.3735558616986},"id":"sa2_chronicdisease_modelledestimate.214021378"},{"type":"Feature","properties":{"area_code":214021379,"area_name":"Hastings - Somers","hg_choles_me_2_rate_3_11_7_13":33.685968741218},"id":"sa2_chronicdisease_modelledestimate.214021379"},{"type":"Feature","properties":{"area_code":214021380,"area_name":"Mornington","hg_choles_me_2_rate_3_11_7_13":35.6689818986673},"id":"sa2_chronicdisease_modelledestimate.214021380"},{"type":"Feature","properties":{"area_code":214021381,"area_name":"Mount Eliza","hg_choles_me_2_rate_3_11_7_13":36.8999235782782},"id":"sa2_chronicdisease_modelledestimate.214021381"},{"type":"Feature","properties":{"area_code":214021382,"area_name":"Mount Martha","hg_choles_me_2_rate_3_11_7_13":37.3735558616986},"id":"sa2_chronicdisease_modelledestimate.214021382"},{"type":"Feature","properties":{"area_code":214021383,"area_name":"Point Nepean","hg_choles_me_2_rate_3_11_7_13":37.2652225864581},"id":"sa2_chronicdisease_modelledestimate.214021383"},{"type":"Feature","properties":{"area_code":214021384,"area_name":"Rosebud - McCrae","hg_choles_me_2_rate_3_11_7_13":34.1876502021135},"id":"sa2_chronicdisease_modelledestimate.214021384"},{"type":"Feature","properties":{"area_code":214021385,"area_name":"Somerville","hg_choles_me_2_rate_3_11_7_13":35.6689818986673},"id":"sa2_chronicdisease_modelledestimate.214021385"}]}